id;customer_id;policy_number;from_fund;from_movement_value;to_fund;to_movement_value;switch_factor;authorised_date
1;11455;100011455;EGP AXA10;1500;Secure;1500;25;2025-01-23
2;35104;100035104;Money Market;3066;Growth;3066;100;2025-10-11
3;37566;100037566;Active;2873;EGX30 ETF;2873;100;2024-09-19
4;45887;100045887;Growth;1411;Gold;1411;50;2024-03-09
5;58;100000058;Conservative;2319;Al Safwa;2319;100;2025-08-08
6;73;100000073;Active;279;Equities;279;50;2024-08-11
7;92;100000092;Growth;1262;Dollar Saver;1262;50;2025-10-19
8;93;100000093;Al Safwa;2591;EGP AXA10;2591;100;2025-04-18
9;95;100000095;Diversified;1391;Al Safwa;1391;50;2025-11-11
10;9;100000009;Al Safwa;4848;USD Growth Saver;4848;75;2024-11-21
11;11;100000011;Al Safwa;940;Dollar Saver;940;50;2024-06-18
12;135;100000135;USD Growth Saver;3013;Growth;3013;50;2025-06-24
13;155;100000155;Equities;3774;Conservative;3774;75;2024-09-30
14;253;100000253;Sama;2469;Diversified;2469;100;2025-05-10
15;212;100000212;USD AXA9;2366;Gold;2366;25;2025-02-03
16;252;100000252;EGX30 ETF;801;Secure;801;75;2024-10-10
17;270;100000270;Secure;2905;Diversified;2905;100;2025-09-10
18;273;100000273;Dollar Saver;1421;Money Market;1421;25;2025-11-22
19;297;100000297;Growth;1404;Gold;1404;100;2024-05-01
20;325;100000325;USD AXA9;2012;Secure;2012;50;2024-05-28
21;336;100000336;Conservative;1184;Conservative;1184;25;2025-07-06
22;340;100000340;EGX30 ETF;2548;Money Market;2548;100;2025-05-17
23;365;100000365;Growth;1205;USD Growth Saver;1205;50;2024-10-14
24;392;100000392;Sama;7051;Gold;7051;25;2025-10-06
25;395;100000395;Sama;355;Active;355;75;2025-01-06
26;433;100000433;Dollar Saver;3817;Equities;3817;100;2024-05-17
27;475;100000475;Gold;1255;Al Safwa;1255;75;2024-05-14
28;494;100000494;USD AXA9;2277;Equities;2277;100;2025-01-26
29;506;100000506;Secure;3846;Gold;3846;100;2024-06-03
30;511;100000511;Gold;880;Equities;880;100;2025-10-05
31;512;100000512;Diversified;3631;Growth;3631;25;2025-02-22
32;522;100000522;Money Market;2233;Al Safwa;2233;100;2025-01-02
33;578;100000578;Growth;2293;EGX30 ETF;2293;75;2025-11-14
34;589;100000589;Equities;845;Gold;845;100;2024-04-09
35;633;100000633;Money Market;1634;Al Safwa;1634;50;2025-07-01
36;639;100000639;USD Growth Saver;1677;Conservative;1677;50;2024-12-09
37;675;100000675;Gold;1384;USD Growth Saver;1384;75;2025-04-10
38;708;100000708;Active;1420;Secure;1420;75;2025-10-18
39;716;100000716;Sama;3138;USD Growth Saver;3138;75;2025-08-08
40;726;100000726;EGP AXA10;1839;Secure;1839;75;2024-11-11
41;733;100000733;USD Growth Saver;4839;Active;4839;50;2024-12-15
42;739;100000739;Diversified;85;Conservative;85;100;2024-09-25
43;756;100000756;Gold;3464;Dollar Saver;3464;100;2024-10-26
44;775;100000775;Money Market;4462;Money Market;4462;75;2025-05-01
45;810;100000810;Al Safwa;2712;Sama;2712;50;2024-09-12
46;839;100000839;Secure;2866;EGP AXA10;2866;75;2025-05-28
47;892;100000892;Growth;550;Gold;550;75;2024-02-07
48;893;100000893;Conservative;863;EGX30 ETF;863;75;2025-03-14
49;952;100000952;Sama;2477;Secure;2477;75;2024-12-28
50;956;100000956;Equities;733;Conservative;733;50;2025-11-08
51;1007;100001007;EGX30 ETF;4397;Active;4397;75;2025-08-21
52;1027;100001027;Money Market;1723;EGP AXA10;1723;50;2024-05-24
53;1048;100001048;Conservative;2889;Diversified;2889;75;2025-09-15
54;1066;100001066;Dollar Saver;613;Al Safwa;613;75;2025-07-24
55;1069;100001069;Diversified;4219;Money Market;4219;75;2024-09-02
56;1091;100001091;USD Growth Saver;2263;Active;2263;100;2024-05-15
57;1132;100001132;Growth;370;Money Market;370;50;2024-08-14
58;1134;100001134;Dollar Saver;676;Active;676;25;2025-03-02
59;1186;100001186;USD Growth Saver;3795;Money Market;3795;50;2024-07-21
60;1202;100001202;EGP AXA10;2958;Al Safwa;2958;50;2024-07-11
61;1210;100001210;EGX30 ETF;1186;Active;1186;75;2025-07-02
62;1222;100001222;USD Growth Saver;1327;EGP AXA10;1327;50;2025-01-23
63;1224;100001224;Diversified;5231;Growth;5231;100;2024-06-05
64;1227;100001227;USD Growth Saver;1179;EGX30 ETF;1179;25;2024-04-07
65;1240;100001240;Diversified;1743;Secure;1743;100;2024-07-10
66;1273;100001273;EGX30 ETF;598;Gold;598;100;2024-07-11
67;1309;100001309;Growth;1325;USD Growth Saver;1325;100;2025-05-09
68;1332;100001332;Money Market;6644;Sama;6644;50;2024-05-31
69;1771;100001771;Money Market;2232;EGP AXA10;2232;25;2025-01-10
70;1515;100001515;USD Growth Saver;1556;Money Market;1556;75;2025-02-04
71;1518;100001518;Dollar Saver;1228;Conservative;1228;75;2024-05-26
72;1519;100001519;Secure;344;USD AXA9;344;75;2025-08-13
73;1573;100001573;EGP AXA10;1080;Diversified;1080;75;2025-04-21
74;1575;100001575;Money Market;1441;Al Safwa;1441;50;2025-12-11
75;1624;100001624;Money Market;1312;Sama;1312;100;2024-08-04
76;1631;100001631;USD AXA9;3949;EGX30 ETF;3949;50;2025-03-24
77;1669;100001669;Active;990;Money Market;990;100;2024-11-06
78;1671;100001671;USD AXA9;2490;USD AXA9;2490;75;2025-04-22
79;1672;100001672;EGX30 ETF;2270;Secure;2270;25;2025-05-07
80;1688;100001688;Dollar Saver;4366;Equities;4366;75;2025-11-17
81;1768;100001768;Growth;1727;Growth;1727;50;2025-06-15
82;1789;100001789;Growth;2278;USD AXA9;2278;25;2025-02-11
83;1810;100001810;USD AXA9;514;Money Market;514;100;2025-08-23
84;1846;100001846;Sama;4574;USD Growth Saver;4574;25;2025-12-29
85;1850;100001850;Equities;2026;Gold;2026;75;2025-01-28
86;1854;100001854;Dollar Saver;1068;Conservative;1068;100;2025-07-19
87;1890;100001890;Equities;1356;Money Market;1356;100;2025-08-31
88;1899;100001899;Sama;1577;USD AXA9;1577;75;2025-02-07
89;1916;100001916;EGP AXA10;2103;Money Market;2103;75;2025-06-13
90;1928;100001928;USD Growth Saver;1467;Diversified;1467;100;2024-02-07
91;1932;100001932;EGX30 ETF;2780;Active;2780;100;2024-12-25
92;1964;100001964;Diversified;746;Active;746;75;2024-03-02
93;2012;100002012;Sama;2844;Growth;2844;50;2025-08-01
94;2023;100002023;Gold;629;EGX30 ETF;629;50;2024-11-11
95;2047;100002047;USD Growth Saver;584;USD Growth Saver;584;25;2024-05-28
96;4489;100004489;Equities;1516;USD Growth Saver;1516;75;2025-09-20
97;2049;100002049;Growth;2431;Growth;2431;25;2025-04-09
98;2133;100002133;Conservative;2967;EGX30 ETF;2967;100;2025-10-14
99;2146;100002146;USD AXA9;3455;Growth;3455;75;2024-11-05
100;2161;100002161;Conservative;1653;Money Market;1653;100;2025-08-25
101;2166;100002166;Secure;3937;USD AXA9;3937;25;2025-06-11
102;2215;100002215;USD Growth Saver;781;Secure;781;100;2024-05-31
103;2229;100002229;EGX30 ETF;1299;EGP AXA10;1299;50;2024-02-08
104;2238;100002238;Equities;2082;EGP AXA10;2082;75;2024-05-18
105;2261;100002261;Diversified;1691;USD Growth Saver;1691;25;2025-02-25
106;2265;100002265;Gold;2871;Equities;2871;25;2024-08-30
107;2271;100002271;EGX30 ETF;1924;EGP AXA10;1924;25;2025-06-12
108;2281;100002281;Secure;1924;EGP AXA10;1924;75;2024-12-24
109;2334;100002334;Conservative;710;EGP AXA10;710;25;2024-04-08
110;2395;100002395;Dollar Saver;2911;EGX30 ETF;2911;100;2025-07-16
111;2401;100002401;USD AXA9;94;Secure;94;75;2024-11-10
112;2446;100002446;Dollar Saver;2232;Sama;2232;50;2025-09-26
113;2489;100002489;Active;3224;EGP AXA10;3224;50;2025-12-13
114;2525;100002525;USD Growth Saver;960;USD AXA9;960;50;2025-02-01
115;2529;100002529;EGX30 ETF;2489;Dollar Saver;2489;50;2025-01-29
116;2551;100002551;Conservative;5085;EGX30 ETF;5085;75;2024-10-09
117;2579;100002579;Money Market;1238;Growth;1238;100;2024-11-27
118;2613;100002613;EGP AXA10;1387;Sama;1387;25;2024-05-02
119;2653;100002653;USD AXA9;2026;Secure;2026;50;2024-10-04
120;2686;100002686;Growth;812;Sama;812;50;2024-10-27
121;2697;100002697;Growth;1556;Secure;1556;50;2024-10-14
122;2703;100002703;Diversified;672;Active;672;50;2025-01-21
123;2780;100002780;Dollar Saver;1326;Al Safwa;1326;100;2025-10-05
124;2782;100002782;Diversified;6098;Sama;6098;100;2024-06-15
125;2784;100002784;Dollar Saver;802;EGX30 ETF;802;50;2024-10-31
126;2809;100002809;Sama;6814;USD Growth Saver;6814;100;2025-05-01
127;2819;100002819;Diversified;2593;Sama;2593;25;2025-06-30
128;2834;100002834;Active;2561;USD Growth Saver;2561;50;2024-10-09
129;2972;100002972;USD AXA9;1806;Gold;1806;50;2025-04-01
130;2975;100002975;Equities;3915;EGP AXA10;3915;100;2024-10-14
131;3007;100003007;USD Growth Saver;1479;USD Growth Saver;1479;25;2025-01-19
132;3019;100003019;Equities;6131;Equities;6131;100;2024-02-07
133;3021;100003021;Dollar Saver;892;Dollar Saver;892;75;2024-05-28
134;3025;100003025;Active;1528;Money Market;1528;25;2024-05-14
135;3117;100003117;Equities;1911;Conservative;1911;75;2025-10-09
136;3127;100003127;Equities;994;Gold;994;100;2025-08-19
137;3177;100003177;EGP AXA10;4850;Gold;4850;25;2025-09-23
138;3219;100003219;Conservative;610;EGX30 ETF;610;75;2025-10-20
139;3226;100003226;EGX30 ETF;4229;EGP AXA10;4229;50;2025-05-06
140;3234;100003234;Active;1382;Equities;1382;50;2025-08-01
141;3249;100003249;USD AXA9;556;Dollar Saver;556;25;2025-02-22
142;3361;100003361;Sama;147;Dollar Saver;147;100;2024-03-05
143;3448;100003448;USD AXA9;968;Equities;968;50;2025-11-13
144;3482;100003482;Sama;1421;Sama;1421;100;2025-06-12
145;3502;100003502;EGX30 ETF;664;Secure;664;25;2025-11-30
146;3531;100003531;Al Safwa;1385;USD Growth Saver;1385;100;2025-12-07
147;3538;100003538;Gold;694;Secure;694;75;2025-05-08
148;3551;100003551;Al Safwa;1353;USD Growth Saver;1353;25;2024-03-05
149;3565;100003565;Diversified;4842;Growth;4842;25;2025-08-17
150;3595;100003595;Al Safwa;719;Growth;719;25;2024-10-01
151;3601;100003601;Secure;3500;Money Market;3500;75;2025-09-08
152;4331;100004331;Dollar Saver;6218;Conservative;6218;50;2024-03-22
153;3616;100003616;Al Safwa;581;Al Safwa;581;100;2025-06-03
154;3636;100003636;Al Safwa;567;Active;567;50;2024-04-08
155;3644;100003644;EGP AXA10;2315;Growth;2315;50;2025-02-10
156;3681;100003681;Active;2006;Growth;2006;50;2025-12-16
157;3690;100003690;Money Market;3492;Dollar Saver;3492;50;2024-02-20
158;3697;100003697;EGX30 ETF;4319;Dollar Saver;4319;100;2024-03-31
159;3707;100003707;EGX30 ETF;1957;Conservative;1957;100;2024-09-12
160;3726;100003726;Diversified;2027;EGX30 ETF;2027;50;2024-10-26
161;3751;100003751;Sama;3684;USD AXA9;3684;75;2024-04-04
162;3773;100003773;USD Growth Saver;2849;Conservative;2849;100;2024-07-24
163;3817;100003817;EGX30 ETF;406;EGP AXA10;406;25;2025-03-18
164;3831;100003831;Diversified;1738;Sama;1738;50;2025-07-13
165;3838;100003838;Dollar Saver;1602;Al Safwa;1602;25;2024-07-07
166;3843;100003843;Active;3129;Equities;3129;75;2025-04-05
167;3919;100003919;Sama;1187;Diversified;1187;25;2024-11-24
168;3932;100003932;Gold;3198;Gold;3198;100;2025-04-22
169;3945;100003945;EGP AXA10;1302;Equities;1302;75;2024-06-11
170;3993;100003993;Growth;3082;Diversified;3082;100;2025-05-26
171;3994;100003994;Dollar Saver;526;EGX30 ETF;526;100;2025-07-12
172;3998;100003998;Active;1303;USD Growth Saver;1303;25;2025-09-10
173;3999;100003999;USD Growth Saver;2259;Money Market;2259;75;2025-10-05
174;4014;100004014;Gold;2078;Gold;2078;100;2024-04-08
175;4024;100004024;EGX30 ETF;1494;Gold;1494;100;2024-09-28
176;4025;100004025;Sama;2367;EGP AXA10;2367;50;2025-09-23
177;4035;100004035;EGX30 ETF;3154;EGP AXA10;3154;25;2025-06-27
178;4060;100004060;Growth;3862;Conservative;3862;100;2025-09-30
179;4075;100004075;Gold;3767;Growth;3767;100;2025-10-21
180;4088;100004088;Equities;2733;Equities;2733;25;2024-12-10
181;4132;100004132;Al Safwa;3529;Secure;3529;75;2024-12-27
182;4157;100004157;USD AXA9;3541;Al Safwa;3541;100;2025-09-28
183;4201;100004201;Dollar Saver;4744;USD Growth Saver;4744;50;2025-10-18
184;4203;100004203;USD AXA9;2824;EGX30 ETF;2824;25;2024-03-02
185;4211;100004211;Growth;482;EGP AXA10;482;25;2025-11-08
186;4272;100004272;USD AXA9;1804;Diversified;1804;25;2024-05-22
187;4306;100004306;Secure;2294;Dollar Saver;2294;25;2025-10-10
188;4314;100004314;Al Safwa;2514;Gold;2514;100;2025-06-18
189;4342;100004342;Active;1074;Al Safwa;1074;100;2024-06-05
190;4484;100004484;EGP AXA10;3954;Equities;3954;100;2025-01-04
191;4535;100004535;Secure;1562;Sama;1562;75;2025-01-21
192;4571;100004571;USD Growth Saver;2755;Growth;2755;50;2024-03-01
193;4577;100004577;EGP AXA10;1397;Growth;1397;75;2025-07-11
194;4581;100004581;USD AXA9;1649;Conservative;1649;75;2024-06-17
195;4602;100004602;EGP AXA10;2284;Money Market;2284;50;2025-07-14
196;4622;100004622;Equities;3954;EGX30 ETF;3954;25;2025-05-07
197;4657;100004657;USD AXA9;1008;Equities;1008;50;2024-04-18
198;4658;100004658;Gold;1734;Conservative;1734;75;2024-12-15
199;4690;100004690;Conservative;2989;Gold;2989;75;2024-11-14
200;4717;100004717;USD AXA9;2489;Sama;2489;50;2025-12-30
201;4760;100004760;Secure;2042;Al Safwa;2042;75;2025-05-07
202;4787;100004787;Secure;425;Sama;425;50;2024-07-13
203;4819;100004819;Active;2718;Equities;2718;75;2025-10-09
204;4823;100004823;Gold;4141;EGP AXA10;4141;50;2025-01-28
205;5041;100005041;Dollar Saver;3885;Diversified;3885;25;2025-02-14
206;4871;100004871;Al Safwa;356;EGX30 ETF;356;50;2024-10-25
207;4904;100004904;USD AXA9;1955;Diversified;1955;25;2025-02-18
208;4919;100004919;Dollar Saver;167;USD Growth Saver;167;25;2025-05-24
209;5059;100005059;Active;4133;Dollar Saver;4133;100;2025-08-11
210;5077;100005077;EGX30 ETF;1170;Dollar Saver;1170;50;2025-06-02
211;5085;100005085;Equities;377;Al Safwa;377;100;2025-02-14
212;5098;100005098;Diversified;2357;Money Market;2357;75;2024-02-06
213;5105;100005105;Active;3831;Active;3831;75;2024-05-01
214;5156;100005156;Al Safwa;2500;Dollar Saver;2500;100;2024-04-19
215;5175;100005175;Growth;1427;Secure;1427;50;2024-06-08
216;5180;100005180;USD AXA9;4509;USD AXA9;4509;25;2025-01-01
217;5185;100005185;Diversified;535;Money Market;535;100;2024-07-14
218;5216;100005216;USD Growth Saver;1372;Al Safwa;1372;25;2025-09-25
219;5229;100005229;Growth;625;Equities;625;50;2024-07-28
220;5242;100005242;USD AXA9;3330;USD AXA9;3330;25;2024-05-12
221;5305;100005305;Al Safwa;1136;Equities;1136;75;2024-05-14
222;5315;100005315;Al Safwa;440;Active;440;50;2025-04-05
223;5349;100005349;Money Market;1025;Conservative;1025;100;2025-11-24
224;5359;100005359;EGP AXA10;2447;USD Growth Saver;2447;75;2025-09-09
225;5375;100005375;USD Growth Saver;5905;Growth;5905;75;2025-08-27
226;5464;100005464;Secure;1195;Conservative;1195;75;2025-07-10
227;5479;100005479;Gold;2307;Equities;2307;75;2025-04-15
228;5489;100005489;Conservative;1655;Conservative;1655;75;2025-01-05
229;5529;100005529;Diversified;639;Secure;639;50;2025-08-08
230;5533;100005533;USD AXA9;733;USD Growth Saver;733;75;2025-09-27
231;5535;100005535;Secure;2414;Secure;2414;25;2025-09-19
232;5551;100005551;Dollar Saver;371;EGX30 ETF;371;50;2024-07-21
233;5595;100005595;USD Growth Saver;2713;USD Growth Saver;2713;50;2024-10-09
234;5640;100005640;Gold;2788;Sama;2788;50;2024-03-17
235;5690;100005690;Conservative;2192;Conservative;2192;75;2024-11-26
236;5703;100005703;Equities;1278;Conservative;1278;75;2024-04-08
237;5730;100005730;Conservative;2065;EGP AXA10;2065;50;2025-11-08
238;5733;100005733;USD Growth Saver;2843;Equities;2843;25;2025-08-31
239;5741;100005741;USD AXA9;2413;Equities;2413;100;2024-10-30
240;5743;100005743;Sama;1564;Diversified;1564;25;2025-09-01
241;5749;100005749;Sama;1846;Dollar Saver;1846;50;2025-11-24
242;5839;100005839;USD AXA9;3146;EGP AXA10;3146;75;2024-04-15
243;5852;100005852;Growth;434;Dollar Saver;434;100;2024-09-01
244;5871;100005871;Gold;2719;EGX30 ETF;2719;75;2025-01-03
245;5927;100005927;Money Market;1339;Diversified;1339;50;2025-12-23
246;5943;100005943;EGP AXA10;1959;USD Growth Saver;1959;25;2024-06-24
247;6025;100006025;Sama;2244;Sama;2244;100;2025-08-30
248;6040;100006040;Equities;878;Secure;878;50;2024-07-31
249;6053;100006053;USD AXA9;2935;Sama;2935;75;2025-04-05
250;6097;100006097;Active;6092;Sama;6092;25;2025-12-02
251;6196;100006196;Growth;419;Sama;419;25;2024-04-14
252;6242;100006242;Diversified;4816;Growth;4816;25;2024-11-01
253;6254;100006254;EGX30 ETF;2216;Money Market;2216;75;2025-01-07
254;6282;100006282;EGX30 ETF;1556;Gold;1556;75;2025-01-04
255;6308;100006308;Gold;939;Growth;939;25;2025-05-05
256;6347;100006347;EGP AXA10;1723;EGX30 ETF;1723;100;2024-07-18
257;6437;100006437;Dollar Saver;3334;Growth;3334;50;2024-02-04
258;6441;100006441;EGP AXA10;3097;USD AXA9;3097;50;2024-05-10
259;6467;100006467;Conservative;2455;EGP AXA10;2455;75;2025-11-17
260;6488;100006488;USD AXA9;1189;Sama;1189;50;2025-11-14
261;6525;100006525;Growth;3137;USD AXA9;3137;25;2024-06-24
262;6570;100006570;Dollar Saver;2399;Active;2399;25;2025-02-25
263;6577;100006577;EGX30 ETF;1142;Dollar Saver;1142;25;2025-06-12
264;6594;100006594;Active;3186;Growth;3186;100;2025-01-26
265;6620;100006620;Dollar Saver;4741;Money Market;4741;75;2025-06-10
266;6641;100006641;Equities;1453;USD AXA9;1453;75;2024-05-26
267;6703;100006703;Secure;481;Al Safwa;481;50;2025-12-21
268;6706;100006706;Growth;2759;USD Growth Saver;2759;100;2024-09-10
269;6742;100006742;Equities;2891;USD Growth Saver;2891;100;2024-04-24
270;6814;100006814;Money Market;947;USD Growth Saver;947;100;2024-07-30
271;6821;100006821;Sama;5419;Growth;5419;50;2025-05-22
272;6905;100006905;Sama;3316;Diversified;3316;75;2025-03-12
273;6919;100006919;USD Growth Saver;1412;Secure;1412;100;2024-05-07
274;6967;100006967;USD Growth Saver;518;Secure;518;100;2024-11-02
275;6988;100006988;Equities;1449;Equities;1449;50;2025-05-09
276;7023;100007023;USD AXA9;1488;USD Growth Saver;1488;75;2024-11-21
277;7030;100007030;Growth;2552;EGX30 ETF;2552;100;2024-06-07
278;7137;100007137;Secure;473;USD AXA9;473;50;2024-04-26
279;7234;100007234;Secure;1116;Conservative;1116;100;2025-03-20
280;7257;100007257;Diversified;581;Sama;581;25;2024-05-22
281;7289;100007289;Sama;2013;EGX30 ETF;2013;100;2025-09-17
282;7293;100007293;Gold;2066;Conservative;2066;75;2024-02-10
283;7305;100007305;EGP AXA10;1194;Diversified;1194;75;2024-02-16
284;7337;100007337;Sama;4121;Gold;4121;75;2025-11-17
285;7361;100007361;Al Safwa;2161;EGP AXA10;2161;100;2024-06-25
286;7392;100007392;Conservative;2638;Sama;2638;50;2024-10-19
287;7408;100007408;Active;1273;USD AXA9;1273;75;2025-08-03
288;7413;100007413;EGX30 ETF;1756;Equities;1756;75;2025-04-05
289;7442;100007442;Growth;1332;USD Growth Saver;1332;75;2024-07-24
290;7482;100007482;Growth;2490;Al Safwa;2490;25;2024-07-14
291;7484;100007484;USD Growth Saver;2265;USD AXA9;2265;75;2025-03-14
292;7501;100007501;Gold;3521;Gold;3521;100;2025-07-12
293;7521;100007521;Equities;1332;Secure;1332;50;2025-09-21
294;7559;100007559;Sama;834;Active;834;50;2025-07-19
295;7562;100007562;EGX30 ETF;807;USD AXA9;807;100;2025-02-27
296;7590;100007590;Al Safwa;4610;Secure;4610;50;2024-05-04
297;7595;100007595;Secure;1644;Al Safwa;1644;50;2024-03-23
298;7639;100007639;Growth;2524;Money Market;2524;100;2024-09-25
299;7677;100007677;EGP AXA10;1898;Sama;1898;50;2025-01-09
300;7699;100007699;USD Growth Saver;762;Diversified;762;100;2025-04-26
301;7719;100007719;USD Growth Saver;5129;Dollar Saver;5129;25;2025-06-22
302;7750;100007750;Conservative;532;EGX30 ETF;532;75;2025-07-21
303;7755;100007755;EGX30 ETF;7130;Conservative;7130;50;2024-02-14
304;7859;100007859;Secure;1607;Money Market;1607;50;2024-05-05
305;7791;100007791;Gold;1507;EGP AXA10;1507;25;2024-04-01
306;7811;100007811;EGX30 ETF;4064;Active;4064;50;2025-01-07
307;7822;100007822;Money Market;1758;Dollar Saver;1758;50;2025-12-28
308;7835;100007835;Equities;6892;USD Growth Saver;6892;75;2025-09-24
309;7839;100007839;Al Safwa;1202;USD AXA9;1202;75;2024-09-04
310;7846;100007846;Diversified;703;Money Market;703;75;2024-03-17
311;7864;100007864;Equities;3169;USD Growth Saver;3169;75;2025-05-29
312;7920;100007920;Equities;2575;USD AXA9;2575;50;2024-11-11
313;7922;100007922;Secure;580;Secure;580;50;2024-07-27
314;7979;100007979;Secure;650;Al Safwa;650;50;2025-06-03
315;8013;100008013;Money Market;2449;USD AXA9;2449;25;2025-11-14
316;8018;100008018;USD AXA9;2462;Conservative;2462;50;2025-09-22
317;8056;100008056;EGX30 ETF;3655;EGX30 ETF;3655;25;2024-10-06
318;8063;100008063;Sama;1208;Conservative;1208;75;2025-04-08
319;8089;100008089;EGP AXA10;3580;Money Market;3580;50;2025-10-29
320;8111;100008111;Growth;447;EGP AXA10;447;75;2025-03-05
321;8129;100008129;USD AXA9;3630;Secure;3630;50;2025-06-21
322;8161;100008161;Gold;4417;EGX30 ETF;4417;100;2025-07-28
323;8169;100008169;Conservative;2302;USD AXA9;2302;25;2024-08-19
324;8171;100008171;Secure;3319;USD Growth Saver;3319;100;2025-04-12
325;8191;100008191;EGX30 ETF;544;Dollar Saver;544;100;2025-02-14
326;8322;100008322;Active;1551;Sama;1551;25;2024-03-05
327;8335;100008335;Sama;3731;Sama;3731;100;2025-11-07
328;8352;100008352;USD AXA9;1014;USD AXA9;1014;100;2025-03-19
329;8393;100008393;USD Growth Saver;2656;Diversified;2656;75;2024-10-26
330;8408;100008408;Equities;4087;Al Safwa;4087;75;2025-07-13
331;8412;100008412;Gold;2784;USD AXA9;2784;75;2025-03-18
332;8414;100008414;Dollar Saver;1909;Conservative;1909;100;2025-08-16
333;8416;100008416;Secure;1812;Secure;1812;25;2024-12-06
334;8436;100008436;Dollar Saver;1918;Growth;1918;100;2025-03-31
335;8524;100008524;EGP AXA10;5267;USD Growth Saver;5267;25;2024-03-26
336;8533;100008533;USD AXA9;2728;Sama;2728;100;2025-03-06
337;8549;100008549;Sama;3862;Al Safwa;3862;50;2024-10-21
338;8557;100008557;Active;536;EGP AXA10;536;75;2025-01-01
339;8612;100008612;Sama;1259;Equities;1259;100;2025-03-19
340;8617;100008617;Dollar Saver;3481;EGP AXA10;3481;75;2024-12-22
341;8667;100008667;Al Safwa;3507;Active;3507;100;2025-06-30
342;8670;100008670;USD AXA9;5340;Sama;5340;25;2024-03-03
343;8704;100008704;Sama;1289;Money Market;1289;75;2025-03-08
344;8710;100008710;Sama;3429;Sama;3429;50;2024-10-15
345;8747;100008747;USD AXA9;4313;Money Market;4313;25;2024-08-31
346;8793;100008793;Conservative;3028;Active;3028;100;2025-01-12
347;8795;100008795;Al Safwa;2830;Active;2830;100;2025-08-01
348;8817;100008817;Conservative;2312;Active;2312;50;2024-11-16
349;8821;100008821;Diversified;521;Diversified;521;100;2025-06-01
350;8834;100008834;Diversified;2294;Active;2294;25;2025-07-25
351;8880;100008880;Sama;2950;Al Safwa;2950;75;2025-02-22
352;8883;100008883;Growth;672;USD AXA9;672;100;2024-09-10
353;8911;100008911;Gold;1740;Money Market;1740;25;2025-06-27
354;8950;100008950;Conservative;2214;EGX30 ETF;2214;50;2024-07-02
355;8972;100008972;USD Growth Saver;1770;USD AXA9;1770;75;2024-08-28
356;9004;100009004;Conservative;782;Equities;782;25;2025-02-28
357;9019;100009019;USD AXA9;1714;Active;1714;75;2025-02-23
358;9024;100009024;Dollar Saver;66;Growth;66;75;2025-03-31
359;9065;100009065;EGP AXA10;766;USD AXA9;766;100;2024-10-07
360;9098;100009098;Gold;3197;Gold;3197;100;2025-04-25
361;9113;100009113;Secure;1909;USD Growth Saver;1909;50;2025-12-11
362;9114;100009114;Secure;945;USD Growth Saver;945;75;2024-03-16
363;9146;100009146;Growth;438;Gold;438;50;2025-05-25
364;9147;100009147;Active;1248;Growth;1248;50;2024-04-23
365;9225;100009225;Gold;1162;Gold;1162;75;2025-04-24
366;9232;100009232;USD Growth Saver;1837;USD Growth Saver;1837;75;2024-10-21
367;9246;100009246;USD Growth Saver;1372;USD Growth Saver;1372;50;2024-07-11
368;9248;100009248;EGP AXA10;1060;USD AXA9;1060;25;2025-08-05
369;9260;100009260;Dollar Saver;2824;Sama;2824;100;2025-01-22
370;9317;100009317;Al Safwa;3477;Money Market;3477;100;2025-12-05
371;9325;100009325;Diversified;1712;Conservative;1712;100;2024-12-31
372;9351;100009351;EGP AXA10;1929;Diversified;1929;75;2024-03-01
373;9395;100009395;USD Growth Saver;1693;USD Growth Saver;1693;25;2024-10-04
374;9460;100009460;Secure;803;Conservative;803;25;2024-03-24
375;9510;100009510;Al Safwa;3710;Active;3710;75;2024-04-03
376;9517;100009517;EGP AXA10;943;Money Market;943;75;2024-04-02
377;9555;100009555;USD Growth Saver;648;Sama;648;25;2024-07-30
378;9625;100009625;Equities;1339;Active;1339;100;2024-05-11
379;9645;100009645;Money Market;691;Dollar Saver;691;100;2024-03-23
380;9649;100009649;Gold;1027;USD Growth Saver;1027;50;2025-01-25
381;9660;100009660;Growth;2225;EGP AXA10;2225;75;2024-12-02
382;9685;100009685;Active;1410;Gold;1410;25;2024-05-01
383;9699;100009699;USD AXA9;1088;EGP AXA10;1088;100;2024-12-26
384;9714;100009714;Equities;444;Growth;444;25;2024-05-29
385;9734;100009734;Gold;1977;Diversified;1977;75;2024-12-01
386;9752;100009752;Dollar Saver;933;EGX30 ETF;933;50;2025-04-14
387;9761;100009761;Al Safwa;565;Dollar Saver;565;100;2024-12-03
388;9778;100009778;USD AXA9;2147;USD AXA9;2147;100;2024-04-30
389;9804;100009804;Sama;518;Sama;518;75;2024-07-04
390;9858;100009858;Dollar Saver;202;Gold;202;75;2024-10-25
391;9885;100009885;Gold;1624;USD AXA9;1624;50;2024-06-19
392;9927;100009927;Equities;1419;Secure;1419;25;2025-04-19
393;9929;100009929;Al Safwa;1097;Sama;1097;75;2025-07-23
394;9958;100009958;Conservative;1767;USD AXA9;1767;50;2025-06-28
395;9992;100009992;Secure;3416;Money Market;3416;50;2025-09-05
396;10013;100010013;Money Market;1523;Gold;1523;75;2025-03-30
397;10023;100010023;Sama;655;Money Market;655;75;2024-12-10
398;10037;100010037;Dollar Saver;5182;EGX30 ETF;5182;50;2025-10-09
399;10045;100010045;USD AXA9;3255;Growth;3255;100;2024-06-09
400;10085;100010085;Diversified;2176;USD Growth Saver;2176;100;2025-10-25
401;10094;100010094;Sama;2979;EGP AXA10;2979;50;2025-10-07
402;10153;100010153;Diversified;2075;EGP AXA10;2075;75;2024-02-01
403;10251;100010251;Al Safwa;1317;Equities;1317;50;2024-04-22
404;10266;100010266;Growth;3213;Al Safwa;3213;100;2025-08-28
405;10287;100010287;Conservative;2192;EGP AXA10;2192;50;2025-04-28
406;10292;100010292;EGP AXA10;2471;Growth;2471;25;2024-05-10
407;10307;100010307;Active;3584;Sama;3584;75;2024-10-15
408;10310;100010310;Equities;4642;Active;4642;100;2025-03-02
409;10312;100010312;Equities;1203;Active;1203;100;2025-08-08
410;10367;100010367;Diversified;2211;USD AXA9;2211;25;2024-10-01
411;10369;100010369;USD Growth Saver;2516;Dollar Saver;2516;75;2025-08-26
412;10432;100010432;USD Growth Saver;836;Conservative;836;100;2024-06-09
413;10458;100010458;Diversified;466;Equities;466;25;2024-05-16
414;10464;100010464;USD AXA9;714;Gold;714;100;2025-11-27
415;10469;100010469;Al Safwa;2981;Secure;2981;50;2025-03-18
416;10506;100010506;Al Safwa;511;Conservative;511;100;2024-07-19
417;10524;100010524;EGP AXA10;994;USD Growth Saver;994;50;2025-12-03
418;10548;100010548;EGX30 ETF;4928;Dollar Saver;4928;50;2025-07-29
419;10750;100010750;Active;4027;Al Safwa;4027;100;2025-05-16
420;10596;100010596;Money Market;1897;USD AXA9;1897;50;2025-05-14
421;10641;100010641;Secure;2337;Dollar Saver;2337;75;2024-07-15
422;10725;100010725;USD AXA9;3779;Money Market;3779;100;2025-03-28
423;10731;100010731;Active;1660;Active;1660;25;2025-08-14
424;10733;100010733;EGP AXA10;3389;Money Market;3389;25;2024-02-19
425;10870;100010870;EGX30 ETF;2099;Money Market;2099;50;2024-07-20
426;10910;100010910;Gold;1408;Equities;1408;100;2024-03-21
427;10921;100010921;Equities;1025;Equities;1025;100;2024-05-10
428;10925;100010925;Growth;138;Al Safwa;138;25;2024-12-25
429;10947;100010947;Dollar Saver;2510;Conservative;2510;50;2025-09-14
430;10970;100010970;Conservative;1298;Money Market;1298;75;2025-08-11
431;10971;100010971;Sama;365;Sama;365;75;2024-06-17
432;10972;100010972;Conservative;638;EGX30 ETF;638;100;2024-05-20
433;10974;100010974;Equities;304;Money Market;304;25;2024-07-05
434;10986;100010986;Al Safwa;3345;Conservative;3345;75;2025-05-10
435;11044;100011044;Dollar Saver;680;Gold;680;25;2025-04-25
436;11118;100011118;EGP AXA10;2191;Active;2191;25;2024-06-17
437;11122;100011122;EGP AXA10;3507;USD AXA9;3507;25;2024-11-22
438;11131;100011131;Sama;1038;EGX30 ETF;1038;25;2025-01-18
439;11176;100011176;USD Growth Saver;1232;Conservative;1232;50;2025-11-07
440;11216;100011216;Equities;1359;Al Safwa;1359;50;2024-06-07
441;11226;100011226;Dollar Saver;1300;Sama;1300;50;2025-10-02
442;11229;100011229;Equities;1494;Growth;1494;25;2025-10-31
443;11295;100011295;Dollar Saver;166;Equities;166;100;2025-05-31
444;11318;100011318;Secure;3189;Dollar Saver;3189;50;2024-12-28
445;11347;100011347;Gold;3157;Sama;3157;100;2024-11-15
446;11375;100011375;Active;2587;Diversified;2587;100;2025-01-14
447;11378;100011378;Equities;619;Dollar Saver;619;75;2025-03-28
448;11484;100011484;Diversified;1967;Dollar Saver;1967;100;2025-04-25
449;11515;100011515;Al Safwa;1714;Active;1714;25;2025-01-09
450;11522;100011522;Sama;3245;USD AXA9;3245;25;2024-06-07
451;11527;100011527;Money Market;1327;Active;1327;75;2024-12-10
452;11586;100011586;Secure;1125;Active;1125;25;2025-11-02
453;11588;100011588;Diversified;2424;EGX30 ETF;2424;25;2025-06-14
454;11598;100011598;EGP AXA10;1538;Gold;1538;25;2025-08-07
455;11614;100011614;USD AXA9;545;Secure;545;50;2025-10-31
456;11618;100011618;Diversified;599;Gold;599;100;2025-08-25
457;11673;100011673;Diversified;1146;Diversified;1146;25;2025-07-04
458;11675;100011675;Sama;1555;Al Safwa;1555;50;2024-04-11
459;11702;100011702;USD AXA9;3173;USD AXA9;3173;100;2025-02-26
460;11723;100011723;Growth;1283;USD Growth Saver;1283;100;2024-02-20
461;11725;100011725;Equities;1343;Dollar Saver;1343;50;2025-12-05
462;11730;100011730;Equities;3992;Money Market;3992;50;2025-06-08
463;11747;100011747;Growth;1242;USD Growth Saver;1242;100;2024-11-13
464;11790;100011790;USD Growth Saver;1321;Equities;1321;75;2024-06-25
465;11817;100011817;Diversified;1965;USD Growth Saver;1965;75;2025-08-28
466;11825;100011825;Growth;664;Active;664;75;2025-02-19
467;11892;100011892;Sama;6482;Conservative;6482;75;2024-10-03
468;11894;100011894;USD AXA9;3302;USD AXA9;3302;50;2024-04-27
469;11912;100011912;EGX30 ETF;461;USD Growth Saver;461;75;2025-09-29
470;11922;100011922;Diversified;1011;USD AXA9;1011;50;2024-06-23
471;11948;100011948;EGP AXA10;368;USD Growth Saver;368;100;2024-03-05
472;11959;100011959;Money Market;2831;Conservative;2831;25;2024-09-24
473;11975;100011975;Growth;1977;Al Safwa;1977;25;2024-09-13
474;11976;100011976;Equities;1954;Money Market;1954;100;2025-06-19
475;12012;100012012;Money Market;960;Sama;960;50;2025-04-17
476;12016;100012016;Secure;2901;EGP AXA10;2901;75;2024-06-11
477;12056;100012056;Conservative;3412;EGP AXA10;3412;100;2025-02-21
478;12057;100012057;Equities;778;Diversified;778;75;2025-02-22
479;12058;100012058;Active;3075;EGX30 ETF;3075;50;2025-07-25
480;12104;100012104;Gold;3115;Conservative;3115;100;2025-11-29
481;12115;100012115;USD Growth Saver;709;Equities;709;50;2025-11-30
482;12159;100012159;Gold;599;Active;599;25;2025-06-18
483;12166;100012166;Dollar Saver;1247;Conservative;1247;75;2025-04-24
484;12167;100012167;Sama;2030;EGP AXA10;2030;50;2024-12-08
485;12180;100012180;Money Market;2137;Conservative;2137;75;2024-04-20
486;12200;100012200;EGP AXA10;788;Money Market;788;25;2025-05-30
487;12206;100012206;Secure;3406;Growth;3406;75;2025-05-30
488;12211;100012211;Diversified;3727;Equities;3727;50;2025-06-21
489;12265;100012265;USD AXA9;1401;EGP AXA10;1401;50;2024-08-23
490;12268;100012268;Growth;3547;Growth;3547;25;2024-04-18
491;12291;100012291;Gold;119;Dollar Saver;119;100;2025-06-19
492;12299;100012299;USD AXA9;1075;Conservative;1075;75;2024-03-09
493;12388;100012388;Sama;2460;Growth;2460;25;2024-03-14
494;12397;100012397;Secure;666;Sama;666;50;2025-03-10
495;12420;100012420;EGX30 ETF;4562;Conservative;4562;50;2024-09-12
496;12439;100012439;Dollar Saver;511;Sama;511;75;2024-12-07
497;12447;100012447;Dollar Saver;482;EGX30 ETF;482;25;2024-02-20
498;12512;100012512;USD AXA9;3066;Al Safwa;3066;50;2024-12-19
499;12514;100012514;USD AXA9;417;Equities;417;50;2024-12-22
500;12516;100012516;EGP AXA10;1306;Money Market;1306;25;2025-07-23
501;12532;100012532;Money Market;2032;EGP AXA10;2032;50;2024-12-12
502;12539;100012539;Conservative;999;Sama;999;50;2024-03-22
503;12584;100012584;Growth;1294;Al Safwa;1294;75;2024-03-24
504;12604;100012604;Active;4252;Growth;4252;50;2024-09-25
505;12611;100012611;EGP AXA10;1050;Growth;1050;25;2025-03-25
506;12653;100012653;Dollar Saver;2423;Conservative;2423;75;2025-01-01
507;12675;100012675;EGP AXA10;600;USD Growth Saver;600;25;2025-07-15
508;12690;100012690;EGP AXA10;1340;EGX30 ETF;1340;75;2024-04-01
509;12696;100012696;Money Market;801;EGP AXA10;801;75;2025-07-15
510;12739;100012739;Gold;3301;Conservative;3301;100;2025-10-13
511;12747;100012747;Al Safwa;761;Equities;761;75;2024-05-11
512;12758;100012758;Dollar Saver;1439;EGP AXA10;1439;25;2025-11-12
513;12763;100012763;Sama;2996;Secure;2996;75;2025-06-13
514;12807;100012807;Gold;2696;EGP AXA10;2696;25;2024-08-13
515;12823;100012823;Active;1204;EGX30 ETF;1204;75;2025-03-23
516;12836;100012836;Conservative;237;Conservative;237;75;2024-09-05
517;12935;100012935;Active;3489;Growth;3489;50;2025-04-17
518;12993;100012993;Al Safwa;4828;Secure;4828;75;2024-08-17
519;12996;100012996;Gold;3519;Al Safwa;3519;50;2024-08-15
520;13032;100013032;Equities;4509;Money Market;4509;25;2024-07-12
521;13051;100013051;Active;514;Secure;514;75;2025-11-26
522;13076;100013076;Al Safwa;984;USD AXA9;984;50;2025-05-07
523;13120;100013120;EGP AXA10;497;Growth;497;25;2024-02-08
524;13122;100013122;Active;597;Money Market;597;100;2024-11-28
525;13150;100013150;Active;344;Secure;344;75;2024-12-29
526;13193;100013193;Dollar Saver;3128;Al Safwa;3128;75;2025-05-01
527;13227;100013227;Gold;2016;USD Growth Saver;2016;100;2025-09-24
528;13271;100013271;Active;2043;Gold;2043;100;2024-08-19
529;13284;100013284;Secure;1025;EGX30 ETF;1025;25;2025-08-19
530;13343;100013343;Dollar Saver;1376;Growth;1376;50;2024-11-08
531;13399;100013399;Al Safwa;3179;USD Growth Saver;3179;25;2025-11-20
532;13407;100013407;Equities;1620;Conservative;1620;25;2024-08-26
533;13414;100013414;USD AXA9;1371;USD AXA9;1371;75;2024-12-22
534;13437;100013437;Diversified;2810;Active;2810;75;2024-06-24
535;13443;100013443;EGP AXA10;2677;Gold;2677;100;2025-12-14
536;13452;100013452;Active;2342;Diversified;2342;100;2024-02-18
537;13460;100013460;Al Safwa;2508;Money Market;2508;50;2024-10-17
538;13470;100013470;EGX30 ETF;1062;Money Market;1062;75;2025-11-29
539;13504;100013504;Diversified;104;Secure;104;75;2024-10-12
540;13523;100013523;EGP AXA10;2385;Al Safwa;2385;50;2025-01-26
541;13536;100013536;Money Market;737;USD Growth Saver;737;25;2025-05-19
542;13549;100013549;USD AXA9;2034;USD Growth Saver;2034;50;2024-08-05
543;13569;100013569;Gold;553;Money Market;553;50;2025-08-01
544;13647;100013647;Gold;4188;USD Growth Saver;4188;100;2024-04-24
545;13653;100013653;Secure;597;Active;597;25;2025-09-13
546;13699;100013699;USD AXA9;1130;USD AXA9;1130;50;2024-10-12
547;13715;100013715;Active;1664;USD AXA9;1664;50;2025-07-08
548;13722;100013722;EGX30 ETF;3044;Diversified;3044;100;2024-10-24
549;13782;100013782;Active;2690;Gold;2690;50;2024-10-25
550;13785;100013785;USD AXA9;4449;Equities;4449;75;2025-11-15
551;13806;100013806;EGP AXA10;1464;Sama;1464;75;2025-03-24
552;13849;100013849;Sama;449;USD Growth Saver;449;100;2025-08-30
553;13859;100013859;Active;2115;Secure;2115;100;2024-09-30
554;13888;100013888;USD AXA9;3103;Active;3103;100;2024-12-25
555;13908;100013908;Equities;1475;Equities;1475;25;2025-08-08
556;13911;100013911;Growth;1603;Growth;1603;75;2024-09-13
557;13926;100013926;Secure;3336;Money Market;3336;50;2024-09-08
558;13945;100013945;Active;1302;EGP AXA10;1302;50;2025-06-22
559;13955;100013955;Active;1648;USD Growth Saver;1648;25;2024-07-11
560;13973;100013973;Secure;2114;Money Market;2114;75;2024-08-29
561;14001;100014001;Al Safwa;2571;Dollar Saver;2571;25;2025-08-26
562;14005;100014005;Diversified;1302;Sama;1302;100;2024-10-25
563;14046;100014046;Gold;3742;USD Growth Saver;3742;25;2025-01-10
564;14063;100014063;EGX30 ETF;3030;Diversified;3030;100;2025-08-27
565;14134;100014134;Gold;1720;Conservative;1720;75;2024-06-27
566;14171;100014171;EGX30 ETF;300;Conservative;300;50;2025-08-01
567;14220;100014220;Diversified;2451;Dollar Saver;2451;100;2024-06-24
568;14260;100014260;Active;1285;USD Growth Saver;1285;25;2024-10-25
569;14266;100014266;Equities;1396;USD Growth Saver;1396;75;2025-10-18
570;14267;100014267;Sama;3088;Conservative;3088;50;2024-11-20
571;14273;100014273;Secure;1070;Active;1070;50;2025-07-14
572;14299;100014299;Growth;428;Dollar Saver;428;100;2024-07-24
573;14321;100014321;USD AXA9;6127;Diversified;6127;25;2025-06-07
574;14337;100014337;Active;3517;USD AXA9;3517;100;2025-09-24
575;14382;100014382;Dollar Saver;2352;Gold;2352;25;2024-03-15
576;14503;100014503;Equities;2380;Diversified;2380;25;2024-11-27
577;14520;100014520;Al Safwa;2778;Sama;2778;25;2024-09-24
578;14544;100014544;Secure;949;Money Market;949;25;2025-05-10
579;14606;100014606;Diversified;1272;USD AXA9;1272;100;2025-08-08
580;14619;100014619;EGP AXA10;1687;Active;1687;75;2024-11-29
581;14633;100014633;Secure;2544;Sama;2544;100;2024-04-24
582;14654;100014654;Active;2465;Equities;2465;75;2025-07-04
583;14658;100014658;Money Market;822;EGP AXA10;822;50;2025-02-15
584;14690;100014690;EGP AXA10;408;Growth;408;50;2025-11-12
585;14707;100014707;EGX30 ETF;1523;Secure;1523;25;2025-12-04
586;14716;100014716;Equities;219;Growth;219;100;2024-08-01
587;14732;100014732;Conservative;1119;Active;1119;100;2024-02-29
588;14777;100014777;Equities;3931;Diversified;3931;50;2024-07-27
589;14835;100014835;Money Market;2784;Conservative;2784;50;2024-07-06
590;14966;100014966;Equities;3078;Gold;3078;25;2025-03-17
591;14977;100014977;Gold;1017;USD AXA9;1017;75;2024-06-19
592;14986;100014986;Gold;3850;Diversified;3850;50;2025-12-30
593;15010;100015010;Al Safwa;1950;Money Market;1950;100;2025-07-29
594;15022;100015022;Equities;4153;Dollar Saver;4153;25;2024-09-06
595;15027;100015027;USD Growth Saver;5246;Dollar Saver;5246;50;2024-07-14
596;15054;100015054;Growth;5954;Active;5954;50;2025-03-26
597;15097;100015097;Sama;910;Secure;910;25;2024-03-25
598;15099;100015099;Dollar Saver;4606;Sama;4606;75;2025-04-06
599;15113;100015113;USD AXA9;4218;Active;4218;75;2024-02-13
600;15115;100015115;USD Growth Saver;2885;EGX30 ETF;2885;25;2025-06-10
601;15129;100015129;Gold;2151;Dollar Saver;2151;25;2024-07-31
602;15170;100015170;Active;2560;Equities;2560;100;2024-12-10
603;15215;100015215;Sama;735;Gold;735;75;2025-06-01
604;15266;100015266;EGX30 ETF;3612;Gold;3612;50;2025-08-14
605;15269;100015269;Secure;1075;Diversified;1075;100;2025-04-30
606;15305;100015305;Sama;2910;Growth;2910;25;2025-07-01
607;15381;100015381;USD AXA9;1324;EGP AXA10;1324;50;2024-12-27
608;15407;100015407;USD AXA9;465;Secure;465;75;2024-09-01
609;15467;100015467;Money Market;1468;Diversified;1468;50;2024-04-17
610;15476;100015476;Growth;3491;Diversified;3491;100;2025-03-17
611;15534;100015534;EGP AXA10;663;EGP AXA10;663;75;2025-07-27
612;15539;100015539;Growth;2928;USD AXA9;2928;25;2024-08-24
613;15558;100015558;Equities;2649;EGP AXA10;2649;75;2025-03-20
614;15576;100015576;Active;998;Diversified;998;100;2024-07-11
615;15604;100015604;Gold;3492;Secure;3492;25;2024-06-17
616;15617;100015617;Conservative;4847;Money Market;4847;25;2025-09-25
617;15632;100015632;Al Safwa;1329;USD AXA9;1329;100;2025-09-27
618;15637;100015637;Growth;522;Al Safwa;522;100;2024-10-16
619;15665;100015665;Secure;698;Money Market;698;25;2025-10-22
620;15686;100015686;Al Safwa;2006;Sama;2006;100;2025-09-19
621;15691;100015691;Equities;4163;Diversified;4163;100;2024-05-25
622;15692;100015692;EGP AXA10;2304;EGX30 ETF;2304;25;2025-05-09
623;15708;100015708;Sama;2283;Equities;2283;75;2024-04-16
624;15723;100015723;Al Safwa;1241;Active;1241;100;2025-03-05
625;15739;100015739;EGP AXA10;2462;Secure;2462;100;2024-09-05
626;15744;100015744;EGX30 ETF;1837;Conservative;1837;75;2024-07-28
627;15749;100015749;Active;1515;Money Market;1515;75;2025-07-27
628;15769;100015769;Al Safwa;1148;Diversified;1148;25;2025-09-13
629;15792;100015792;Money Market;4941;Conservative;4941;25;2025-04-17
630;15830;100015830;Secure;2267;Money Market;2267;100;2024-08-28
631;15914;100015914;Active;1176;Money Market;1176;75;2025-03-10
632;15966;100015966;Growth;4958;EGX30 ETF;4958;25;2024-10-29
633;15969;100015969;Diversified;1997;Money Market;1997;50;2025-05-05
634;16028;100016028;Al Safwa;3412;Diversified;3412;50;2025-01-07
635;16050;100016050;Sama;452;Secure;452;50;2025-06-02
636;16076;100016076;Growth;1718;Growth;1718;100;2025-12-15
637;16079;100016079;USD AXA9;1309;USD Growth Saver;1309;100;2024-10-14
638;16165;100016165;Secure;6223;USD Growth Saver;6223;100;2025-03-07
639;16171;100016171;Dollar Saver;913;Secure;913;75;2024-08-14
640;16186;100016186;USD AXA9;1422;USD AXA9;1422;100;2025-11-02
641;16247;100016247;Secure;1521;Conservative;1521;25;2025-11-10
642;16290;100016290;Conservative;969;Active;969;100;2025-11-16
643;16294;100016294;EGX30 ETF;1065;Conservative;1065;50;2024-03-06
644;16314;100016314;EGP AXA10;2534;Equities;2534;50;2024-08-23
645;16320;100016320;Growth;1768;EGP AXA10;1768;75;2025-06-20
646;16331;100016331;USD AXA9;1331;Sama;1331;100;2025-09-30
647;16349;100016349;Money Market;932;Diversified;932;100;2025-11-30
648;16352;100016352;USD AXA9;1229;USD Growth Saver;1229;25;2025-02-14
649;16363;100016363;Equities;2001;Dollar Saver;2001;25;2024-07-23
650;16400;100016400;Dollar Saver;1431;Conservative;1431;50;2025-11-27
651;16406;100016406;Growth;2129;Money Market;2129;100;2024-12-09
652;16414;100016414;EGP AXA10;2564;Secure;2564;100;2024-12-24
653;16429;100016429;Secure;3411;EGP AXA10;3411;50;2025-02-15
654;16440;100016440;USD Growth Saver;1866;Diversified;1866;50;2024-09-27
655;16453;100016453;Secure;1480;Sama;1480;75;2024-02-21
656;16463;100016463;Active;851;USD AXA9;851;25;2024-12-02
657;16471;100016471;Gold;2018;Dollar Saver;2018;75;2024-03-24
658;16494;100016494;Growth;3881;Dollar Saver;3881;50;2024-11-10
659;16524;100016524;USD AXA9;977;Money Market;977;25;2025-03-28
660;16557;100016557;USD Growth Saver;7923;EGP AXA10;7923;25;2025-06-10
661;16582;100016582;Growth;1887;Sama;1887;75;2024-02-25
662;16612;100016612;Diversified;902;Equities;902;25;2024-11-15
663;16670;100016670;EGP AXA10;587;Dollar Saver;587;25;2025-01-20
664;16696;100016696;Al Safwa;3576;Growth;3576;75;2024-02-13
665;16708;100016708;Gold;480;Diversified;480;50;2024-10-14
666;16740;100016740;Secure;5148;Equities;5148;100;2025-06-08
667;16755;100016755;Sama;936;USD AXA9;936;25;2025-06-16
668;16765;100016765;Diversified;1097;Diversified;1097;100;2024-04-11
669;16795;100016795;Al Safwa;3313;Secure;3313;50;2024-11-03
670;16798;100016798;Growth;1551;Active;1551;25;2024-03-24
671;16825;100016825;Sama;1347;USD Growth Saver;1347;50;2025-01-13
672;16855;100016855;Gold;1633;Secure;1633;50;2024-12-07
673;16890;100016890;Money Market;1561;USD Growth Saver;1561;25;2024-10-22
674;16942;100016942;Money Market;1096;Equities;1096;25;2025-02-09
675;16950;100016950;EGP AXA10;3031;Gold;3031;50;2025-09-05
676;16969;100016969;USD Growth Saver;365;Money Market;365;100;2025-08-09
677;16977;100016977;USD AXA9;4016;Active;4016;75;2025-01-10
678;16989;100016989;EGX30 ETF;1523;USD AXA9;1523;75;2024-04-05
679;17017;100017017;Secure;3487;USD AXA9;3487;50;2025-08-21
680;17097;100017097;Active;2196;Growth;2196;25;2025-02-04
681;17164;100017164;Gold;1702;Conservative;1702;75;2024-04-25
682;17172;100017172;USD Growth Saver;1244;Active;1244;50;2025-12-15
683;17228;100017228;Gold;5306;Sama;5306;100;2025-08-07
684;17237;100017237;Al Safwa;972;USD AXA9;972;25;2025-06-13
685;17238;100017238;EGP AXA10;548;Growth;548;100;2025-01-26
686;17255;100017255;USD AXA9;3678;Sama;3678;100;2024-12-04
687;17291;100017291;Gold;1679;Gold;1679;50;2025-08-02
688;17324;100017324;Money Market;1607;Secure;1607;50;2025-01-15
689;17351;100017351;Conservative;4797;USD AXA9;4797;75;2025-04-14
690;17392;100017392;Active;1554;Equities;1554;100;2025-07-25
691;17405;100017405;Conservative;4028;USD Growth Saver;4028;25;2024-05-03
692;17445;100017445;Al Safwa;4229;Conservative;4229;25;2024-02-02
693;17454;100017454;USD Growth Saver;3046;Money Market;3046;25;2024-04-04
694;17457;100017457;USD AXA9;2183;Dollar Saver;2183;50;2025-02-15
695;17480;100017480;Conservative;1720;Al Safwa;1720;25;2024-11-24
696;17490;100017490;EGX30 ETF;4048;EGX30 ETF;4048;100;2025-09-07
697;17499;100017499;EGX30 ETF;5186;Money Market;5186;100;2025-06-16
698;17510;100017510;Gold;1257;EGP AXA10;1257;25;2025-09-03
699;17511;100017511;Dollar Saver;1856;Secure;1856;75;2024-09-12
700;17541;100017541;Active;4445;Gold;4445;100;2024-11-09
701;17542;100017542;EGX30 ETF;613;USD AXA9;613;100;2024-05-28
702;17614;100017614;USD AXA9;1462;Dollar Saver;1462;100;2025-04-18
703;17703;100017703;Growth;3002;Al Safwa;3002;75;2024-03-08
704;17731;100017731;Growth;179;Gold;179;25;2025-12-26
705;17754;100017754;USD Growth Saver;1899;Gold;1899;100;2025-07-22
706;20787;100020787;Money Market;1766;Growth;1766;50;2025-04-14
707;17774;100017774;EGP AXA10;2660;USD Growth Saver;2660;100;2024-08-13
708;17795;100017795;Diversified;1780;USD AXA9;1780;25;2024-05-10
709;17833;100017833;Sama;2718;Secure;2718;75;2025-07-22
710;17839;100017839;Growth;499;Active;499;75;2025-12-13
711;17890;100017890;Conservative;284;Diversified;284;25;2025-06-17
712;17925;100017925;Al Safwa;2744;Secure;2744;25;2025-11-11
713;17939;100017939;EGX30 ETF;4922;Secure;4922;75;2024-06-14
714;17945;100017945;Secure;1722;Active;1722;25;2025-06-14
715;17976;100017976;Money Market;1513;Conservative;1513;100;2024-09-07
716;18016;100018016;USD AXA9;662;Dollar Saver;662;50;2024-10-31
717;18027;100018027;Conservative;1598;Growth;1598;75;2024-04-28
718;18058;100018058;Gold;1232;Diversified;1232;50;2025-09-11
719;18122;100018122;Active;4565;Secure;4565;50;2024-12-13
720;18138;100018138;Secure;1855;Sama;1855;75;2025-05-30
721;18151;100018151;Growth;3285;Gold;3285;75;2024-10-03
722;18170;100018170;USD AXA9;3397;USD AXA9;3397;75;2025-04-30
723;18191;100018191;Secure;1906;Money Market;1906;25;2025-03-24
724;18196;100018196;Conservative;1380;Money Market;1380;75;2024-11-01
725;18230;100018230;Money Market;788;Diversified;788;75;2024-07-20
726;18363;100018363;Money Market;662;Al Safwa;662;75;2024-07-10
727;18374;100018374;Diversified;1380;Diversified;1380;75;2024-05-05
728;18377;100018377;USD Growth Saver;3259;USD AXA9;3259;50;2025-02-01
729;18442;100018442;Conservative;547;Dollar Saver;547;25;2025-05-25
730;18479;100018479;Conservative;447;Conservative;447;25;2024-09-13
731;18499;100018499;EGX30 ETF;2591;Gold;2591;100;2025-12-07
732;18598;100018598;Diversified;518;Al Safwa;518;25;2024-09-28
733;18619;100018619;USD Growth Saver;3193;USD Growth Saver;3193;50;2024-04-12
734;18623;100018623;Sama;1249;Al Safwa;1249;100;2025-10-15
735;18675;100018675;Active;3561;USD Growth Saver;3561;50;2025-11-01
736;18716;100018716;Conservative;1711;Growth;1711;25;2025-12-24
737;18809;100018809;Money Market;1261;Dollar Saver;1261;25;2024-11-21
738;18850;100018850;Active;2027;Dollar Saver;2027;100;2024-03-17
739;18864;100018864;USD AXA9;763;Secure;763;100;2025-03-14
740;18927;100018927;Secure;1454;Al Safwa;1454;75;2024-09-28
741;18947;100018947;USD Growth Saver;4053;Diversified;4053;25;2024-08-24
742;18954;100018954;Active;3475;Sama;3475;25;2024-04-24
743;18956;100018956;Conservative;1581;Dollar Saver;1581;50;2025-10-26
744;18985;100018985;Gold;1690;Gold;1690;50;2025-04-25
745;19010;100019010;Money Market;5008;Equities;5008;50;2025-02-12
746;19017;100019017;Al Safwa;538;USD Growth Saver;538;100;2025-04-26
747;19018;100019018;Equities;2931;Al Safwa;2931;25;2025-03-08
748;19046;100019046;Money Market;978;Sama;978;75;2025-02-18
749;19055;100019055;Active;1714;Secure;1714;100;2025-10-14
750;19061;100019061;Dollar Saver;1004;Diversified;1004;50;2025-05-22
751;19098;100019098;Diversified;2743;Diversified;2743;75;2024-11-21
752;19373;100019373;Gold;4717;Diversified;4717;50;2024-09-23
753;19126;100019126;Growth;4129;USD AXA9;4129;75;2025-11-06
754;19150;100019150;Sama;3412;Active;3412;25;2025-11-17
755;19157;100019157;Money Market;600;Conservative;600;25;2025-03-29
756;19166;100019166;Al Safwa;2874;Gold;2874;25;2025-09-27
757;19188;100019188;Sama;2277;Active;2277;75;2024-02-08
758;19211;100019211;Diversified;3226;Conservative;3226;100;2024-03-28
759;19220;100019220;USD AXA9;1190;USD AXA9;1190;25;2024-05-29
760;19230;100019230;EGX30 ETF;3365;Active;3365;50;2024-11-13
761;19254;100019254;Diversified;3228;Conservative;3228;100;2025-05-28
762;19266;100019266;Money Market;2511;Dollar Saver;2511;25;2025-02-13
763;19330;100019330;EGP AXA10;1826;Equities;1826;50;2024-10-11
764;19339;100019339;USD Growth Saver;3663;Money Market;3663;75;2024-08-24
765;19350;100019350;Active;2816;Diversified;2816;100;2024-11-07
766;19359;100019359;USD Growth Saver;1283;Sama;1283;75;2024-12-05
767;19429;100019429;Money Market;927;EGX30 ETF;927;50;2025-01-30
768;19517;100019517;USD AXA9;2381;Diversified;2381;100;2024-11-02
769;19449;100019449;Sama;490;Equities;490;50;2024-10-25
770;19484;100019484;Equities;2852;Growth;2852;50;2025-03-08
771;19495;100019495;Money Market;526;EGX30 ETF;526;25;2024-06-28
772;19508;100019508;Equities;2051;EGX30 ETF;2051;50;2025-03-21
773;19547;100019547;EGP AXA10;2805;Diversified;2805;50;2025-01-29
774;19569;100019569;Equities;4791;Gold;4791;50;2024-06-27
775;19596;100019596;Dollar Saver;873;Gold;873;50;2025-12-04
776;19626;100019626;Diversified;4210;Money Market;4210;75;2024-07-16
777;19648;100019648;EGX30 ETF;1799;Money Market;1799;100;2024-12-29
778;19681;100019681;Active;1608;Growth;1608;75;2025-09-17
779;19693;100019693;USD Growth Saver;1609;Dollar Saver;1609;25;2025-09-19
780;19703;100019703;USD Growth Saver;1330;USD Growth Saver;1330;50;2025-06-06
781;19712;100019712;Diversified;1851;EGP AXA10;1851;100;2024-02-21
782;19719;100019719;EGX30 ETF;2152;Al Safwa;2152;25;2024-08-12
783;19731;100019731;Al Safwa;4610;Al Safwa;4610;100;2025-01-24
784;19735;100019735;Equities;800;EGP AXA10;800;50;2025-09-26
785;19769;100019769;Equities;376;Gold;376;100;2024-04-03
786;19782;100019782;Sama;2590;Diversified;2590;25;2024-07-30
787;19792;100019792;Diversified;2459;Conservative;2459;100;2024-02-09
788;19857;100019857;Money Market;1193;Sama;1193;50;2025-08-25
789;19874;100019874;Gold;2424;USD Growth Saver;2424;25;2025-08-05
790;19900;100019900;Al Safwa;5517;Equities;5517;25;2025-06-07
791;19909;100019909;USD Growth Saver;1918;Conservative;1918;75;2024-10-20
792;19956;100019956;Secure;1751;USD AXA9;1751;75;2024-08-11
793;19965;100019965;USD AXA9;1270;Gold;1270;100;2025-03-15
794;20013;100020013;Money Market;752;Active;752;100;2025-10-27
795;20018;100020018;EGX30 ETF;3525;Equities;3525;50;2024-09-24
796;20022;100020022;Active;2056;EGX30 ETF;2056;100;2025-12-02
797;20048;100020048;USD Growth Saver;1601;Gold;1601;100;2025-07-31
798;20113;100020113;Active;1729;Equities;1729;100;2025-07-20
799;20161;100020161;EGX30 ETF;2931;Sama;2931;75;2024-09-06
800;20171;100020171;EGX30 ETF;1906;Equities;1906;75;2024-11-14
801;20178;100020178;Gold;2568;Diversified;2568;50;2025-09-19
802;20201;100020201;Sama;5696;USD AXA9;5696;100;2025-04-14
803;20212;100020212;Conservative;654;Conservative;654;50;2024-03-15
804;20213;100020213;Equities;3487;Conservative;3487;50;2024-09-22
805;20251;100020251;USD Growth Saver;622;Secure;622;25;2025-08-29
806;20262;100020262;Diversified;2531;USD Growth Saver;2531;25;2024-03-14
807;20265;100020265;Gold;1072;Growth;1072;25;2024-05-05
808;20281;100020281;Money Market;2597;Active;2597;50;2024-04-02
809;20362;100020362;EGP AXA10;996;Money Market;996;25;2025-10-17
810;20391;100020391;Growth;849;Equities;849;100;2025-05-18
811;20432;100020432;USD Growth Saver;2200;Conservative;2200;75;2024-03-12
812;20436;100020436;Equities;975;Sama;975;25;2025-01-08
813;20467;100020467;Conservative;4776;Sama;4776;50;2025-12-12
814;20503;100020503;EGP AXA10;2273;Equities;2273;100;2025-12-25
815;20514;100020514;Growth;3280;USD Growth Saver;3280;25;2025-11-08
816;20602;100020602;Money Market;4753;Gold;4753;100;2025-10-01
817;20617;100020617;Money Market;1513;USD Growth Saver;1513;25;2025-06-22
818;20628;100020628;Sama;1605;USD AXA9;1605;50;2024-05-08
819;20643;100020643;Sama;2337;Gold;2337;75;2025-06-05
820;20706;100020706;Equities;1155;USD Growth Saver;1155;100;2025-01-31
821;20708;100020708;Gold;2183;EGP AXA10;2183;25;2024-08-11
822;20719;100020719;EGP AXA10;4476;Diversified;4476;50;2024-09-10
823;20720;100020720;Diversified;941;USD AXA9;941;50;2024-10-12
824;20723;100020723;USD AXA9;287;Equities;287;50;2025-03-30
825;20791;100020791;Growth;1978;Growth;1978;100;2025-08-07
826;20814;100020814;Gold;685;USD AXA9;685;25;2024-10-16
827;20815;100020815;Conservative;1974;EGP AXA10;1974;25;2024-12-20
828;20844;100020844;Growth;634;Dollar Saver;634;75;2024-11-29
829;20856;100020856;USD AXA9;2669;Dollar Saver;2669;75;2024-10-28
830;20860;100020860;USD Growth Saver;1218;EGP AXA10;1218;100;2024-12-28
831;20865;100020865;USD Growth Saver;1105;Sama;1105;100;2025-02-19
832;20866;100020866;Al Safwa;2401;USD Growth Saver;2401;50;2025-06-05
833;20876;100020876;Gold;1350;Al Safwa;1350;100;2024-06-03
834;20894;100020894;Diversified;1346;Dollar Saver;1346;75;2025-11-04
835;20898;100020898;USD AXA9;999;Sama;999;100;2025-09-21
836;20902;100020902;USD AXA9;896;EGX30 ETF;896;75;2024-03-03
837;20914;100020914;EGP AXA10;1945;Growth;1945;75;2024-11-19
838;20962;100020962;EGP AXA10;843;Money Market;843;25;2024-11-01
839;20984;100020984;Dollar Saver;2228;Al Safwa;2228;75;2025-04-20
840;21007;100021007;Growth;2189;USD AXA9;2189;25;2024-12-14
841;21015;100021015;USD AXA9;830;Diversified;830;75;2024-03-10
842;21040;100021040;Growth;4059;EGP AXA10;4059;25;2025-11-05
843;21090;100021090;Equities;3249;Growth;3249;50;2025-02-01
844;21118;100021118;Growth;706;Al Safwa;706;50;2025-05-28
845;21142;100021142;Dollar Saver;1247;EGX30 ETF;1247;25;2025-01-11
846;21170;100021170;Equities;1758;EGX30 ETF;1758;25;2024-08-10
847;21271;100021271;Conservative;2413;Dollar Saver;2413;100;2024-04-12
848;21312;100021312;Sama;957;EGP AXA10;957;100;2025-03-17
849;21387;100021387;Equities;2756;EGP AXA10;2756;50;2025-03-18
850;21400;100021400;Equities;593;Al Safwa;593;25;2025-11-03
851;21409;100021409;Al Safwa;1552;Equities;1552;100;2025-02-20
852;21433;100021433;Diversified;1298;Growth;1298;50;2025-12-06
853;22287;100022287;Al Safwa;2035;Active;2035;50;2025-09-22
854;21495;100021495;Growth;2444;Conservative;2444;25;2024-12-14
855;24313;100024313;Conservative;2229;EGX30 ETF;2229;25;2025-07-21
856;21564;100021564;Dollar Saver;1029;Active;1029;50;2024-06-29
857;21589;100021589;USD AXA9;740;Active;740;25;2025-08-29
858;21615;100021615;Active;2359;Gold;2359;50;2025-08-29
859;21623;100021623;USD AXA9;1008;Growth;1008;75;2024-05-08
860;21687;100021687;Conservative;2174;Equities;2174;25;2024-03-04
861;21696;100021696;Al Safwa;1536;Money Market;1536;75;2024-08-17
862;21729;100021729;USD Growth Saver;1239;Money Market;1239;25;2024-12-23
863;21739;100021739;Diversified;5514;Gold;5514;50;2025-05-01
864;21822;100021822;USD Growth Saver;3378;USD AXA9;3378;75;2024-07-29
865;21827;100021827;Conservative;2137;Dollar Saver;2137;50;2025-08-10
866;21837;100021837;Secure;1202;Conservative;1202;75;2025-01-17
867;21888;100021888;Conservative;3891;Gold;3891;25;2025-08-04
868;21895;100021895;USD AXA9;2105;Dollar Saver;2105;25;2024-09-16
869;21938;100021938;Al Safwa;5209;Growth;5209;25;2025-03-10
870;21973;100021973;USD AXA9;2656;Conservative;2656;75;2025-10-07
871;21980;100021980;Equities;4368;USD AXA9;4368;100;2025-07-07
872;21996;100021996;Dollar Saver;374;Equities;374;75;2024-09-12
873;22056;100022056;Growth;2915;Gold;2915;25;2025-11-09
874;22088;100022088;USD AXA9;1331;Secure;1331;75;2024-05-09
875;22098;100022098;USD Growth Saver;721;Secure;721;50;2025-09-22
876;22099;100022099;EGP AXA10;876;Diversified;876;75;2024-08-04
877;24846;100024846;Money Market;2036;USD AXA9;2036;100;2024-03-15
878;22167;100022167;Growth;666;EGP AXA10;666;75;2024-12-23
879;22201;100022201;EGX30 ETF;1704;Equities;1704;25;2024-03-13
880;22250;100022250;Growth;6565;Dollar Saver;6565;100;2025-09-28
881;22278;100022278;Diversified;649;Diversified;649;25;2024-02-11
882;22279;100022279;USD AXA9;3364;Dollar Saver;3364;25;2025-01-03
883;22310;100022310;Secure;832;Active;832;25;2025-04-25
884;25189;100025189;USD AXA9;1734;Gold;1734;50;2024-08-15
885;22336;100022336;Equities;1569;Al Safwa;1569;75;2024-09-15
886;22353;100022353;EGP AXA10;6890;Equities;6890;75;2025-02-01
887;22400;100022400;Money Market;3783;Sama;3783;25;2025-11-24
888;22447;100022447;EGP AXA10;3165;Gold;3165;25;2025-08-16
889;22553;100022553;Growth;2736;Money Market;2736;75;2024-04-23
890;22557;100022557;Dollar Saver;1973;Gold;1973;100;2024-03-31
891;22564;100022564;EGX30 ETF;2715;EGP AXA10;2715;100;2025-08-17
892;22569;100022569;Diversified;1607;Dollar Saver;1607;25;2024-10-01
893;22602;100022602;USD AXA9;5059;Gold;5059;50;2025-03-30
894;22621;100022621;Dollar Saver;4051;Equities;4051;75;2025-10-11
895;22624;100022624;EGP AXA10;2730;Growth;2730;75;2025-02-14
896;22649;100022649;USD AXA9;446;Active;446;100;2024-10-02
897;22660;100022660;Diversified;2333;USD AXA9;2333;75;2024-11-07
898;22687;100022687;USD AXA9;3010;Active;3010;25;2024-03-28
899;22730;100022730;Sama;4120;Equities;4120;25;2024-04-04
900;22754;100022754;Gold;874;Money Market;874;50;2025-07-28
901;22790;100022790;Dollar Saver;2948;Conservative;2948;50;2024-09-21
902;22799;100022799;EGX30 ETF;4115;Secure;4115;100;2024-12-11
903;22806;100022806;USD AXA9;1944;Conservative;1944;75;2024-12-01
904;22872;100022872;USD AXA9;3849;EGX30 ETF;3849;100;2025-10-06
905;22838;100022838;USD AXA9;1718;Secure;1718;75;2025-07-08
906;22879;100022879;Gold;929;EGX30 ETF;929;75;2025-09-25
907;22913;100022913;Equities;357;Conservative;357;50;2025-10-12
908;23034;100023034;Dollar Saver;3090;Diversified;3090;75;2025-12-15
909;23105;100023105;Equities;261;Dollar Saver;261;25;2024-09-11
910;23110;100023110;Active;1368;Equities;1368;100;2025-09-17
911;23111;100023111;Equities;2526;Dollar Saver;2526;75;2024-02-28
912;23114;100023114;Conservative;1850;Al Safwa;1850;75;2025-03-23
913;23165;100023165;Dollar Saver;3753;EGX30 ETF;3753;50;2024-06-16
914;23225;100023225;Dollar Saver;1948;EGX30 ETF;1948;25;2024-04-21
915;23255;100023255;Diversified;526;Money Market;526;25;2025-04-22
916;23262;100023262;Diversified;3951;Dollar Saver;3951;25;2024-10-27
917;23355;100023355;USD AXA9;2356;Growth;2356;50;2024-07-05
918;23431;100023431;USD Growth Saver;2885;Money Market;2885;25;2024-03-29
919;23498;100023498;Equities;2413;USD Growth Saver;2413;75;2025-07-04
920;23503;100023503;Conservative;2028;Active;2028;100;2025-08-25
921;23520;100023520;Al Safwa;1722;Conservative;1722;75;2024-05-10
922;23540;100023540;Equities;2270;Active;2270;75;2024-07-25
923;23579;100023579;Dollar Saver;125;Growth;125;75;2024-08-18
924;23605;100023605;Growth;1898;Dollar Saver;1898;50;2024-10-27
925;23613;100023613;Secure;5233;Dollar Saver;5233;75;2025-08-08
926;23614;100023614;Money Market;2161;EGP AXA10;2161;100;2024-02-15
927;23668;100023668;EGP AXA10;435;Growth;435;25;2024-03-20
928;23705;100023705;Money Market;3560;Active;3560;50;2025-05-25
929;23721;100023721;Al Safwa;1571;Money Market;1571;50;2025-10-18
930;23752;100023752;Growth;2061;Growth;2061;25;2025-10-27
931;23772;100023772;USD AXA9;5127;Money Market;5127;50;2025-10-01
932;23800;100023800;USD AXA9;2052;Equities;2052;100;2024-12-16
933;23806;100023806;Conservative;1128;Conservative;1128;100;2025-12-28
934;23833;100023833;Secure;1335;Sama;1335;100;2025-03-03
935;23859;100023859;USD AXA9;4683;Gold;4683;75;2024-07-27
936;23877;100023877;Sama;2319;EGX30 ETF;2319;25;2025-08-20
937;23906;100023906;Growth;153;Sama;153;25;2025-08-25
938;23911;100023911;EGX30 ETF;1912;Dollar Saver;1912;75;2025-05-02
939;23916;100023916;Conservative;1386;Al Safwa;1386;25;2025-04-16
940;24036;100024036;Growth;2847;Active;2847;75;2024-07-01
941;24058;100024058;Money Market;3634;Equities;3634;25;2025-09-05
942;24085;100024085;Money Market;3909;EGX30 ETF;3909;25;2025-05-30
943;24129;100024129;Growth;722;Growth;722;100;2025-09-01
944;24232;100024232;Money Market;773;Money Market;773;75;2024-09-24
945;24246;100024246;Dollar Saver;1270;EGX30 ETF;1270;100;2025-04-05
946;24254;100024254;EGX30 ETF;1147;Money Market;1147;100;2024-07-06
947;24316;100024316;Equities;2731;Al Safwa;2731;75;2025-01-13
948;24330;100024330;Active;1353;Conservative;1353;75;2024-05-19
949;24353;100024353;Active;2735;Sama;2735;100;2024-11-20
950;24382;100024382;Active;4560;Money Market;4560;100;2025-08-27
951;24386;100024386;Sama;1618;Dollar Saver;1618;100;2025-09-15
952;24387;100024387;Al Safwa;2001;Active;2001;75;2025-02-16
953;24401;100024401;Growth;2416;Al Safwa;2416;100;2024-02-25
954;24402;100024402;Gold;1040;USD Growth Saver;1040;100;2025-12-24
955;24403;100024403;USD AXA9;1264;Gold;1264;75;2024-09-20
956;24406;100024406;Gold;1295;Active;1295;25;2025-02-21
957;24438;100024438;Sama;599;Diversified;599;75;2025-12-31
958;24472;100024472;Gold;843;Al Safwa;843;100;2025-12-20
959;25178;100025178;Dollar Saver;781;Equities;781;75;2025-07-25
960;24500;100024500;Growth;1710;Diversified;1710;75;2024-06-26
961;24505;100024505;Secure;1580;Sama;1580;100;2025-05-28
962;24527;100024527;Diversified;2636;Diversified;2636;25;2024-02-03
963;24575;100024575;Gold;1757;Money Market;1757;75;2024-08-09
964;24603;100024603;EGX30 ETF;5243;EGX30 ETF;5243;100;2024-04-01
965;24605;100024605;USD AXA9;1864;Gold;1864;25;2024-11-29
966;24661;100024661;Al Safwa;1900;Equities;1900;75;2024-03-08
967;24696;100024696;EGP AXA10;2724;Gold;2724;50;2024-02-27
968;24736;100024736;Equities;892;Conservative;892;75;2024-08-19
969;24746;100024746;Dollar Saver;950;USD AXA9;950;75;2025-12-06
970;24760;100024760;USD Growth Saver;883;Dollar Saver;883;50;2025-12-17
971;24778;100024778;Secure;1636;Gold;1636;25;2024-04-18
972;24795;100024795;USD AXA9;2076;EGP AXA10;2076;25;2024-03-04
973;24822;100024822;EGP AXA10;3064;Sama;3064;75;2025-11-01
974;24830;100024830;Gold;2573;USD Growth Saver;2573;75;2025-02-12
975;24847;100024847;Secure;1364;Growth;1364;75;2025-07-13
976;24901;100024901;USD Growth Saver;3187;Money Market;3187;50;2024-05-01
977;24913;100024913;EGP AXA10;2459;Secure;2459;75;2024-11-11
978;24923;100024923;EGP AXA10;491;Sama;491;25;2024-08-29
979;24992;100024992;Conservative;476;EGP AXA10;476;25;2025-10-22
980;25059;100025059;USD Growth Saver;1783;Equities;1783;50;2024-04-12
981;25075;100025075;Dollar Saver;971;Conservative;971;100;2024-12-08
982;25125;100025125;Equities;3484;EGP AXA10;3484;75;2025-06-12
983;25152;100025152;Active;1609;Sama;1609;100;2025-02-26
984;25334;100025334;Active;1903;EGX30 ETF;1903;25;2024-04-16
985;25343;100025343;Gold;3177;Diversified;3177;25;2024-08-19
986;25348;100025348;EGP AXA10;2960;EGP AXA10;2960;100;2024-11-06
987;25351;100025351;Active;642;Gold;642;100;2024-12-17
988;25376;100025376;EGP AXA10;1246;Secure;1246;25;2024-02-06
989;25398;100025398;Conservative;2034;USD AXA9;2034;100;2024-04-10
990;25399;100025399;Equities;3736;USD AXA9;3736;100;2025-02-21
991;25414;100025414;USD AXA9;2130;Gold;2130;25;2024-06-16
992;25428;100025428;USD Growth Saver;1558;Active;1558;75;2025-12-17
993;25482;100025482;Money Market;996;Diversified;996;100;2025-06-23
994;25518;100025518;Secure;2647;EGX30 ETF;2647;100;2024-02-19
995;25527;100025527;Al Safwa;910;USD Growth Saver;910;75;2024-02-18
996;25536;100025536;USD AXA9;2278;EGP AXA10;2278;50;2025-05-23
997;25594;100025594;EGX30 ETF;3571;Active;3571;100;2025-07-24
998;25602;100025602;Diversified;3221;Growth;3221;100;2025-09-24
999;25643;100025643;Gold;1323;Equities;1323;25;2025-08-31
1000;25657;100025657;EGX30 ETF;1192;Sama;1192;100;2025-11-07
1001;25673;100025673;Diversified;457;EGP AXA10;457;50;2025-01-13
1002;25682;100025682;Conservative;310;Growth;310;75;2025-09-14
1003;25701;100025701;USD Growth Saver;1309;Equities;1309;75;2024-11-25
1004;25743;100025743;Secure;1841;Al Safwa;1841;50;2024-05-15
1005;25766;100025766;USD Growth Saver;1883;EGP AXA10;1883;75;2024-02-29
1006;25767;100025767;USD AXA9;3243;Secure;3243;100;2025-11-25
1007;25828;100025828;Dollar Saver;1618;Equities;1618;50;2025-06-21
1008;25838;100025838;Secure;670;Equities;670;25;2024-11-21
1009;25840;100025840;EGP AXA10;3390;Al Safwa;3390;50;2025-02-25
1010;25879;100025879;Active;1498;Diversified;1498;75;2024-09-18
1011;25888;100025888;USD Growth Saver;3005;Growth;3005;100;2025-01-18
1012;25890;100025890;USD Growth Saver;2740;Equities;2740;100;2025-12-28
1013;25894;100025894;Money Market;3596;Active;3596;50;2024-09-10
1014;25936;100025936;Active;900;Secure;900;100;2025-05-28
1015;25955;100025955;USD Growth Saver;2871;Al Safwa;2871;50;2025-05-29
1016;25989;100025989;EGP AXA10;659;Money Market;659;100;2025-01-23
1017;26000;100026000;Active;1348;Active;1348;25;2025-11-14
1018;26019;100026019;Active;772;Equities;772;75;2025-06-09
1019;26052;100026052;Equities;1598;EGP AXA10;1598;100;2025-10-20
1020;26053;100026053;Al Safwa;468;Money Market;468;50;2024-04-16
1021;26143;100026143;Gold;1816;Gold;1816;100;2024-12-31
1022;26151;100026151;USD Growth Saver;1003;Secure;1003;75;2024-10-14
1023;26169;100026169;Diversified;274;Conservative;274;100;2025-06-30
1024;26189;100026189;USD AXA9;2131;Al Safwa;2131;100;2025-06-23
1025;26245;100026245;USD AXA9;1970;USD AXA9;1970;50;2025-11-03
1026;26256;100026256;Al Safwa;1718;Money Market;1718;75;2025-05-02
1027;26259;100026259;Al Safwa;3184;Dollar Saver;3184;25;2025-05-04
1028;26282;100026282;Conservative;1537;Diversified;1537;100;2024-12-13
1029;26297;100026297;USD Growth Saver;761;USD AXA9;761;75;2025-06-01
1030;26299;100026299;Gold;1698;Secure;1698;75;2024-06-01
1031;26342;100026342;Equities;1333;Growth;1333;75;2024-10-25
1032;26437;100026437;Money Market;255;Secure;255;100;2025-04-15
1033;26438;100026438;Growth;4355;EGP AXA10;4355;25;2024-10-28
1034;26443;100026443;Conservative;2985;EGP AXA10;2985;50;2024-07-01
1035;26452;100026452;Money Market;3180;Gold;3180;75;2025-10-05
1036;26470;100026470;USD Growth Saver;2229;EGX30 ETF;2229;75;2024-06-22
1037;26472;100026472;Active;2659;Sama;2659;75;2025-10-19
1038;26474;100026474;Sama;2990;Active;2990;100;2025-09-28
1039;26499;100026499;USD AXA9;2252;Active;2252;50;2024-09-25
1040;26508;100026508;Growth;1338;Dollar Saver;1338;100;2025-10-03
1041;26509;100026509;USD AXA9;1429;Al Safwa;1429;100;2025-12-22
1042;26530;100026530;Conservative;2265;Equities;2265;50;2024-04-25
1043;26542;100026542;Equities;1015;USD AXA9;1015;25;2025-05-06
1044;26546;100026546;EGP AXA10;1901;USD AXA9;1901;100;2024-09-04
1045;26570;100026570;Al Safwa;5207;USD Growth Saver;5207;100;2024-03-20
1046;26597;100026597;Dollar Saver;1180;Money Market;1180;75;2025-11-20
1047;29475;100029475;Growth;614;Money Market;614;75;2025-11-08
1048;26644;100026644;Secure;2525;USD AXA9;2525;75;2024-07-24
1049;26658;100026658;EGX30 ETF;1624;Diversified;1624;75;2025-10-02
1050;26745;100026745;Gold;580;Growth;580;25;2025-11-14
1051;26762;100026762;Gold;1037;Equities;1037;75;2024-02-02
1052;26831;100026831;Gold;3187;USD Growth Saver;3187;25;2024-04-23
1053;26835;100026835;EGP AXA10;4288;Conservative;4288;75;2025-10-02
1054;26848;100026848;Secure;318;Active;318;50;2024-07-13
1055;26919;100026919;Active;1070;Diversified;1070;25;2025-07-15
1056;26920;100026920;Growth;1537;USD Growth Saver;1537;50;2025-12-19
1057;27000;100027000;Gold;2236;Diversified;2236;100;2024-06-24
1058;27056;100027056;Dollar Saver;2285;Diversified;2285;25;2025-10-29
1059;27068;100027068;Al Safwa;2650;USD Growth Saver;2650;75;2024-12-17
1060;27079;100027079;Sama;3206;EGX30 ETF;3206;75;2025-08-08
1061;27101;100027101;EGP AXA10;443;EGX30 ETF;443;50;2025-10-28
1062;27120;100027120;EGP AXA10;3781;USD AXA9;3781;25;2024-03-29
1063;27126;100027126;Conservative;644;Money Market;644;25;2025-01-19
1064;27187;100027187;EGX30 ETF;1401;Sama;1401;75;2024-04-23
1065;27192;100027192;Active;190;Sama;190;75;2024-03-15
1066;27223;100027223;Equities;1275;Conservative;1275;50;2024-07-26
1067;27230;100027230;Sama;3768;Al Safwa;3768;25;2025-03-16
1068;27242;100027242;Diversified;4001;Conservative;4001;75;2024-02-07
1069;27249;100027249;Sama;3286;Al Safwa;3286;25;2024-07-22
1070;27250;100027250;Active;1090;Al Safwa;1090;100;2024-05-17
1071;27295;100027295;Dollar Saver;706;Gold;706;50;2025-03-02
1072;27316;100027316;USD Growth Saver;1825;EGX30 ETF;1825;75;2024-04-21
1073;27325;100027325;EGX30 ETF;3318;Secure;3318;25;2024-02-21
1074;27326;100027326;USD Growth Saver;1905;Gold;1905;50;2025-11-07
1075;27356;100027356;Growth;2020;Money Market;2020;100;2024-02-12
1076;27519;100027519;Al Safwa;1503;Conservative;1503;75;2024-04-05
1077;27569;100027569;USD AXA9;3326;Gold;3326;75;2025-02-14
1078;27597;100027597;Dollar Saver;1896;Conservative;1896;75;2024-07-30
1079;27600;100027600;Active;3378;Secure;3378;100;2025-12-14
1080;27612;100027612;Sama;1243;USD AXA9;1243;25;2025-03-17
1081;27637;100027637;EGX30 ETF;3183;Al Safwa;3183;100;2024-02-12
1082;27644;100027644;Diversified;1023;EGX30 ETF;1023;50;2024-10-09
1083;27647;100027647;Active;979;Al Safwa;979;75;2025-08-02
1084;27733;100027733;USD Growth Saver;1087;Growth;1087;75;2025-07-08
1085;27812;100027812;Al Safwa;538;USD AXA9;538;75;2025-01-29
1086;27835;100027835;Dollar Saver;1302;Sama;1302;100;2024-10-16
1087;27849;100027849;EGX30 ETF;442;Equities;442;25;2025-10-11
1088;27854;100027854;Gold;2315;Money Market;2315;75;2025-02-05
1089;27888;100027888;EGP AXA10;1134;Money Market;1134;100;2025-03-18
1090;27908;100027908;Dollar Saver;1978;Gold;1978;25;2025-09-02
1091;27909;100027909;Conservative;1509;Conservative;1509;100;2025-07-11
1092;27961;100027961;Gold;1325;Dollar Saver;1325;100;2025-05-08
1093;27979;100027979;EGP AXA10;1282;Gold;1282;25;2025-09-30
1094;27983;100027983;Equities;1839;USD Growth Saver;1839;75;2024-03-29
1095;28012;100028012;Conservative;805;Dollar Saver;805;25;2024-04-20
1096;28053;100028053;Equities;2415;EGX30 ETF;2415;100;2024-04-15
1097;28064;100028064;Dollar Saver;1981;EGX30 ETF;1981;50;2025-01-10
1098;28116;100028116;Conservative;760;Gold;760;75;2025-12-23
1099;28201;100028201;EGP AXA10;3478;Money Market;3478;100;2024-07-02
1100;28224;100028224;Gold;1981;EGX30 ETF;1981;25;2024-02-24
1101;28263;100028263;Gold;2284;Money Market;2284;75;2025-11-01
1102;28227;100028227;Equities;4428;USD AXA9;4428;100;2025-03-17
1103;28231;100028231;USD Growth Saver;1256;Active;1256;75;2025-07-10
1104;28247;100028247;Diversified;406;Dollar Saver;406;75;2025-04-09
1105;28269;100028269;Gold;5303;Equities;5303;75;2025-10-08
1106;28296;100028296;Secure;3023;Active;3023;50;2024-12-15
1107;28323;100028323;Conservative;2470;Sama;2470;50;2024-11-27
1108;28351;100028351;Diversified;2851;Money Market;2851;50;2024-06-27
1109;28368;100028368;Diversified;1624;USD Growth Saver;1624;100;2025-02-24
1110;28371;100028371;EGP AXA10;3830;Money Market;3830;25;2024-08-31
1111;28383;100028383;Money Market;1647;Al Safwa;1647;100;2024-03-23
1112;28387;100028387;EGX30 ETF;3411;Active;3411;100;2025-12-09
1113;28392;100028392;Growth;3635;Conservative;3635;25;2025-12-12
1114;28457;100028457;Equities;2171;EGX30 ETF;2171;75;2024-12-24
1115;28478;100028478;Growth;3038;Diversified;3038;100;2025-09-29
1116;28510;100028510;Money Market;2011;EGP AXA10;2011;100;2025-04-20
1117;28517;100028517;Growth;2527;USD AXA9;2527;50;2025-09-06
1118;28519;100028519;Growth;2290;EGP AXA10;2290;100;2025-02-01
1119;28542;100028542;Dollar Saver;1958;Secure;1958;25;2024-09-13
1120;28558;100028558;Equities;1964;Al Safwa;1964;50;2025-06-18
1121;28592;100028592;USD Growth Saver;2350;Diversified;2350;50;2024-09-24
1122;28641;100028641;Active;2029;Conservative;2029;50;2025-07-03
1123;28662;100028662;USD AXA9;3072;EGP AXA10;3072;100;2025-03-05
1124;28664;100028664;Growth;2836;EGX30 ETF;2836;75;2024-09-15
1125;28665;100028665;Al Safwa;1366;EGX30 ETF;1366;25;2025-09-16
1126;28697;100028697;Secure;1430;Secure;1430;100;2025-11-21
1127;28700;100028700;Gold;3712;Gold;3712;25;2025-09-17
1128;28703;100028703;Money Market;99;Sama;99;50;2025-05-04
1129;28736;100028736;Dollar Saver;1366;EGX30 ETF;1366;100;2025-06-24
1130;28804;100028804;Equities;1238;Gold;1238;75;2025-03-12
1131;28813;100028813;Diversified;1312;Dollar Saver;1312;25;2025-01-11
1132;28815;100028815;Equities;2056;Growth;2056;50;2024-11-09
1133;28818;100028818;Diversified;1982;Gold;1982;75;2024-02-07
1134;28849;100028849;EGX30 ETF;1500;Sama;1500;25;2025-11-14
1135;28860;100028860;USD AXA9;509;EGP AXA10;509;50;2024-10-23
1136;28898;100028898;Diversified;3488;Gold;3488;75;2024-02-25
1137;28906;100028906;Al Safwa;3966;Secure;3966;25;2025-06-12
1138;28907;100028907;Al Safwa;3505;USD Growth Saver;3505;25;2024-04-01
1139;28918;100028918;Al Safwa;3358;Money Market;3358;100;2024-08-23
1140;28995;100028995;Equities;1222;Diversified;1222;100;2025-02-25
1141;29001;100029001;Gold;2329;Active;2329;50;2024-06-15
1142;29003;100029003;Gold;704;Gold;704;100;2024-04-24
1143;29063;100029063;USD Growth Saver;815;Growth;815;25;2024-07-17
1144;29070;100029070;Active;6335;Money Market;6335;50;2025-12-03
1145;29074;100029074;EGX30 ETF;1158;EGP AXA10;1158;50;2024-02-28
1146;29117;100029117;Al Safwa;2502;Sama;2502;75;2025-09-19
1147;29164;100029164;EGP AXA10;757;Equities;757;25;2025-05-03
1148;29177;100029177;Growth;1007;EGX30 ETF;1007;100;2025-07-02
1149;29272;100029272;Diversified;2954;Gold;2954;25;2025-04-30
1150;29278;100029278;Active;1585;Conservative;1585;50;2024-05-18
1151;29299;100029299;Sama;1070;Al Safwa;1070;100;2025-08-26
1152;29306;100029306;EGP AXA10;1072;Secure;1072;50;2025-02-18
1153;29307;100029307;Secure;1242;Sama;1242;25;2024-10-17
1154;29309;100029309;Growth;1392;Diversified;1392;100;2025-07-20
1155;29310;100029310;Sama;2067;USD AXA9;2067;25;2024-10-05
1156;29317;100029317;EGX30 ETF;611;Money Market;611;25;2025-11-15
1157;29349;100029349;Gold;317;Growth;317;75;2024-09-29
1158;29364;100029364;Conservative;3245;Dollar Saver;3245;100;2024-03-23
1159;29394;100029394;Sama;1085;EGP AXA10;1085;50;2024-03-26
1160;29397;100029397;Diversified;6183;Growth;6183;50;2024-09-22
1161;29451;100029451;Conservative;3033;Secure;3033;25;2024-09-12
1162;29529;100029529;Sama;2133;USD Growth Saver;2133;75;2025-11-02
1163;29539;100029539;Money Market;2923;Gold;2923;100;2024-08-09
1164;29557;100029557;Al Safwa;3114;Secure;3114;25;2024-02-02
1165;29628;100029628;EGP AXA10;1345;Secure;1345;25;2025-07-14
1166;29651;100029651;Active;669;Growth;669;75;2024-04-16
1167;29669;100029669;USD Growth Saver;1429;Growth;1429;50;2024-03-02
1168;29711;100029711;Al Safwa;5437;Secure;5437;25;2024-12-09
1169;29723;100029723;Equities;1020;Gold;1020;50;2024-04-09
1170;29746;100029746;Active;1262;Secure;1262;75;2025-01-24
1171;29793;100029793;EGX30 ETF;534;Active;534;25;2025-02-21
1172;29835;100029835;EGX30 ETF;2592;Money Market;2592;100;2024-10-18
1173;29895;100029895;USD Growth Saver;1859;Sama;1859;50;2024-09-14
1174;29965;100029965;Equities;1929;Active;1929;50;2025-07-14
1175;29994;100029994;Sama;2527;Diversified;2527;25;2025-02-05
1176;30087;100030087;EGX30 ETF;2118;Gold;2118;100;2024-08-14
1177;30116;100030116;Conservative;1102;Dollar Saver;1102;75;2025-11-15
1178;30122;100030122;EGP AXA10;266;Active;266;50;2024-09-17
1179;30175;100030175;Gold;3350;Secure;3350;100;2024-02-17
1180;30243;100030243;Growth;498;USD Growth Saver;498;100;2025-01-20
1181;30284;100030284;EGX30 ETF;1045;USD Growth Saver;1045;100;2025-06-11
1182;30302;100030302;Diversified;2691;Money Market;2691;100;2024-06-06
1183;30323;100030323;USD AXA9;2079;USD AXA9;2079;50;2024-09-01
1184;30337;100030337;Sama;2029;Secure;2029;50;2024-06-21
1185;30452;100030452;USD Growth Saver;2718;Al Safwa;2718;25;2025-08-19
1186;30455;100030455;EGP AXA10;1825;EGP AXA10;1825;75;2024-05-23
1187;30458;100030458;Sama;1766;Al Safwa;1766;75;2024-08-13
1188;30513;100030513;USD Growth Saver;2720;EGP AXA10;2720;100;2024-08-10
1189;30550;100030550;Secure;250;Diversified;250;75;2024-12-01
1190;30573;100030573;Money Market;2455;Active;2455;75;2024-02-14
1191;30593;100030593;USD AXA9;467;Diversified;467;50;2025-08-18
1192;30604;100030604;Sama;493;Secure;493;25;2024-03-29
1193;30624;100030624;Active;934;Growth;934;50;2024-09-23
1194;30660;100030660;Active;318;Secure;318;25;2024-03-30
1195;30686;100030686;Equities;5956;EGP AXA10;5956;100;2024-10-22
1196;30713;100030713;Active;1865;Money Market;1865;25;2025-01-19
1197;30732;100030732;Al Safwa;1455;Money Market;1455;100;2024-09-15
1198;30747;100030747;Al Safwa;442;Equities;442;75;2025-11-23
1199;30754;100030754;Diversified;2462;Sama;2462;75;2025-04-21
1200;30768;100030768;Conservative;3730;Equities;3730;100;2025-03-06
1201;30809;100030809;Dollar Saver;1456;Active;1456;100;2024-07-26
1202;30833;100030833;Dollar Saver;2839;Growth;2839;100;2025-04-07
1203;30892;100030892;Secure;2925;USD AXA9;2925;100;2025-03-08
1204;30894;100030894;EGX30 ETF;482;Sama;482;25;2025-05-03
1205;30898;100030898;Equities;3813;Gold;3813;50;2025-10-05
1206;30901;100030901;Al Safwa;1134;Gold;1134;75;2025-12-07
1207;30942;100030942;Money Market;1034;Money Market;1034;75;2024-11-04
1208;30984;100030984;Active;865;Secure;865;25;2025-11-20
1209;31011;100031011;Sama;3523;Al Safwa;3523;100;2024-04-07
1210;31016;100031016;USD Growth Saver;271;Al Safwa;271;75;2024-02-20
1211;31028;100031028;USD Growth Saver;1510;Secure;1510;100;2024-07-20
1212;31046;100031046;USD Growth Saver;2888;Al Safwa;2888;50;2024-02-18
1213;31048;100031048;Sama;488;Gold;488;100;2025-09-10
1214;31072;100031072;Conservative;6435;Dollar Saver;6435;75;2024-02-03
1215;31102;100031102;Growth;1246;Gold;1246;75;2025-11-12
1216;31107;100031107;EGP AXA10;1258;Growth;1258;50;2024-11-27
1217;31135;100031135;EGP AXA10;2649;Active;2649;75;2025-12-23
1218;31136;100031136;Gold;1979;Al Safwa;1979;100;2025-02-19
1219;31139;100031139;Sama;1425;Sama;1425;100;2025-08-09
1220;31140;100031140;Gold;2287;USD AXA9;2287;75;2025-06-08
1221;31143;100031143;Active;1023;Money Market;1023;75;2024-08-10
1222;31149;100031149;Conservative;2765;Sama;2765;25;2024-03-15
1223;31170;100031170;Money Market;2277;Equities;2277;75;2024-05-21
1224;31174;100031174;Money Market;5113;Secure;5113;100;2024-10-10
1225;31274;100031274;Al Safwa;1151;EGP AXA10;1151;25;2025-03-05
1226;31281;100031281;USD AXA9;1439;Active;1439;25;2025-11-23
1227;31306;100031306;Secure;1773;Money Market;1773;25;2025-01-13
1228;31323;100031323;USD AXA9;973;USD AXA9;973;25;2025-01-20
1229;31345;100031345;Growth;2283;Active;2283;50;2025-01-10
1230;31385;100031385;Al Safwa;295;Conservative;295;50;2025-07-17
1231;31387;100031387;Sama;3313;Diversified;3313;50;2024-03-14
1232;31408;100031408;Active;587;Diversified;587;75;2024-07-01
1233;31416;100031416;EGX30 ETF;2903;EGP AXA10;2903;75;2025-10-07
1234;31445;100031445;EGP AXA10;1846;Gold;1846;75;2024-06-25
1235;31456;100031456;Sama;1041;Gold;1041;100;2025-03-26
1236;31458;100031458;Gold;1500;Diversified;1500;100;2025-05-25
1237;31471;100031471;Al Safwa;1469;Conservative;1469;100;2025-04-19
1238;31489;100031489;USD Growth Saver;2082;Sama;2082;25;2024-06-17
1239;31515;100031515;Gold;2280;Sama;2280;25;2024-07-01
1240;31561;100031561;USD AXA9;1588;EGP AXA10;1588;25;2024-04-23
1241;31594;100031594;Active;2550;EGP AXA10;2550;75;2025-02-17
1242;31607;100031607;Growth;1914;Gold;1914;25;2025-01-27
1243;31613;100031613;Sama;1978;Growth;1978;25;2024-05-19
1244;31617;100031617;Money Market;217;Money Market;217;25;2024-10-19
1245;31663;100031663;Secure;454;Dollar Saver;454;100;2025-09-17
1246;31677;100031677;Growth;3049;Al Safwa;3049;75;2024-11-14
1247;31678;100031678;USD Growth Saver;802;Gold;802;25;2024-04-12
1248;31681;100031681;USD AXA9;3201;USD Growth Saver;3201;25;2025-09-07
1249;31687;100031687;EGX30 ETF;836;Equities;836;25;2024-02-12
1250;31688;100031688;USD Growth Saver;462;Active;462;75;2025-07-16
1251;31723;100031723;EGP AXA10;1067;Equities;1067;50;2025-09-21
1252;31750;100031750;Equities;3764;EGX30 ETF;3764;75;2024-05-30
1253;31772;100031772;USD Growth Saver;3312;Growth;3312;50;2024-12-04
1254;31774;100031774;Dollar Saver;622;Secure;622;25;2025-08-07
1255;31776;100031776;Active;2615;Growth;2615;75;2024-07-23
1256;31798;100031798;Diversified;3591;Diversified;3591;50;2025-04-23
1257;31896;100031896;Diversified;443;Dollar Saver;443;50;2024-05-12
1258;31914;100031914;USD AXA9;1504;EGX30 ETF;1504;50;2025-09-29
1259;31941;100031941;Dollar Saver;975;Money Market;975;75;2024-05-26
1260;31948;100031948;EGX30 ETF;5416;EGP AXA10;5416;25;2024-02-04
1261;32019;100032019;Money Market;2815;USD AXA9;2815;50;2025-07-09
1262;32042;100032042;EGP AXA10;679;Money Market;679;50;2024-02-21
1263;32043;100032043;Sama;2801;Conservative;2801;50;2024-07-18
1264;32088;100032088;Diversified;1116;Conservative;1116;100;2025-06-27
1265;32103;100032103;EGP AXA10;2607;USD Growth Saver;2607;100;2024-07-30
1266;32129;100032129;Conservative;1023;EGX30 ETF;1023;50;2025-01-06
1267;32130;100032130;Al Safwa;2423;Equities;2423;50;2024-09-07
1268;32165;100032165;Growth;1597;Diversified;1597;100;2025-02-28
1269;32173;100032173;Growth;1088;Diversified;1088;100;2024-02-13
1270;32252;100032252;Active;4115;EGX30 ETF;4115;50;2025-06-20
1271;32318;100032318;Active;3533;Gold;3533;100;2025-02-23
1272;32348;100032348;USD Growth Saver;581;EGX30 ETF;581;25;2025-03-11
1273;32385;100032385;Al Safwa;4012;Conservative;4012;50;2024-02-02
1274;32412;100032412;Secure;1195;USD Growth Saver;1195;75;2024-04-06
1275;32413;100032413;EGX30 ETF;2431;Conservative;2431;50;2024-04-08
1276;32418;100032418;Equities;2716;Money Market;2716;75;2024-09-02
1277;32419;100032419;EGX30 ETF;1302;Equities;1302;100;2025-05-08
1278;32506;100032506;Al Safwa;875;Growth;875;100;2024-05-16
1279;32613;100032613;Dollar Saver;3172;Gold;3172;50;2024-06-07
1280;32628;100032628;Secure;4325;Gold;4325;75;2025-07-31
1281;32631;100032631;USD Growth Saver;1117;Dollar Saver;1117;50;2024-10-26
1282;32661;100032661;Sama;510;USD AXA9;510;25;2025-05-03
1283;32678;100032678;Diversified;2868;Money Market;2868;75;2025-04-28
1284;32745;100032745;Diversified;4425;EGP AXA10;4425;50;2024-04-21
1285;32752;100032752;USD AXA9;2654;Equities;2654;100;2024-07-16
1286;32759;100032759;Active;2278;EGP AXA10;2278;25;2025-11-06
1287;32765;100032765;Al Safwa;2084;USD Growth Saver;2084;50;2025-05-08
1288;32786;100032786;Active;445;USD AXA9;445;75;2024-07-16
1289;32831;100032831;Gold;2154;Equities;2154;25;2025-03-02
1290;32858;100032858;EGP AXA10;1620;Secure;1620;100;2025-08-30
1291;32863;100032863;Gold;1566;EGX30 ETF;1566;50;2024-03-13
1292;32886;100032886;Growth;1083;EGP AXA10;1083;75;2025-03-20
1293;32891;100032891;Active;639;Money Market;639;75;2025-07-28
1294;32893;100032893;EGX30 ETF;3801;Growth;3801;100;2025-11-07
1295;32903;100032903;USD AXA9;1875;Conservative;1875;75;2024-10-11
1296;32916;100032916;Al Safwa;1934;Sama;1934;75;2024-05-29
1297;32936;100032936;Sama;879;Active;879;100;2024-07-16
1298;32952;100032952;Secure;1594;Money Market;1594;75;2025-09-04
1299;32955;100032955;Equities;1209;Conservative;1209;25;2024-09-21
1300;33122;100033122;EGX30 ETF;1607;EGP AXA10;1607;75;2024-08-11
1301;33265;100033265;Equities;5031;USD AXA9;5031;100;2025-07-20
1302;33300;100033300;Gold;1879;Al Safwa;1879;50;2024-12-16
1303;33304;100033304;Growth;1698;EGX30 ETF;1698;50;2025-10-29
1304;33310;100033310;Secure;1296;Active;1296;100;2025-02-11
1305;33314;100033314;EGX30 ETF;527;Active;527;75;2024-03-24
1306;33322;100033322;EGX30 ETF;521;Equities;521;50;2025-10-22
1307;33325;100033325;USD AXA9;1588;EGX30 ETF;1588;100;2024-12-26
1308;33331;100033331;USD Growth Saver;3840;Equities;3840;50;2024-09-11
1309;33352;100033352;Conservative;2362;Al Safwa;2362;100;2024-03-23
1310;33370;100033370;Diversified;1457;Al Safwa;1457;75;2025-03-10
1311;33395;100033395;EGX30 ETF;258;EGP AXA10;258;75;2024-10-21
1312;33402;100033402;EGX30 ETF;1865;EGP AXA10;1865;100;2024-12-13
1313;33405;100033405;Diversified;3782;Sama;3782;100;2024-11-20
1314;33406;100033406;Dollar Saver;1579;EGX30 ETF;1579;75;2024-03-20
1315;33413;100033413;Equities;1622;Gold;1622;25;2024-02-29
1316;33420;100033420;EGP AXA10;562;Growth;562;100;2025-10-13
1317;33443;100033443;Growth;2704;Growth;2704;75;2024-02-22
1318;33459;100033459;Al Safwa;897;EGX30 ETF;897;100;2025-11-10
1319;33476;100033476;Money Market;1130;Growth;1130;75;2024-05-31
1320;33477;100033477;USD Growth Saver;1957;EGX30 ETF;1957;100;2025-01-24
1321;33478;100033478;Gold;4441;EGX30 ETF;4441;100;2025-12-27
1322;33498;100033498;Conservative;5172;Sama;5172;100;2025-03-09
1323;33550;100033550;Money Market;2706;Gold;2706;25;2024-05-07
1324;33619;100033619;Gold;655;Secure;655;25;2025-11-06
1325;33634;100033634;Growth;891;USD Growth Saver;891;25;2024-12-23
1326;33659;100033659;Money Market;1882;Conservative;1882;25;2024-12-28
1327;33682;100033682;Secure;3626;Al Safwa;3626;25;2024-07-25
1328;33749;100033749;USD Growth Saver;3352;Secure;3352;75;2025-04-02
1329;33756;100033756;Growth;926;Equities;926;100;2024-11-10
1330;33787;100033787;Dollar Saver;1025;Equities;1025;25;2025-08-28
1331;33788;100033788;USD Growth Saver;106;Growth;106;75;2024-04-13
1332;33855;100033855;Conservative;3676;EGX30 ETF;3676;25;2025-08-17
1333;33863;100033863;Equities;2771;USD AXA9;2771;100;2024-11-25
1334;33900;100033900;Growth;873;Dollar Saver;873;75;2025-02-17
1335;33944;100033944;USD Growth Saver;815;Secure;815;25;2025-09-20
1336;33949;100033949;EGP AXA10;5559;Sama;5559;50;2024-09-16
1337;33982;100033982;Dollar Saver;2566;EGP AXA10;2566;50;2025-05-17
1338;34015;100034015;Active;575;EGP AXA10;575;100;2025-01-26
1339;34019;100034019;USD AXA9;3864;Dollar Saver;3864;50;2025-10-05
1340;34049;100034049;USD Growth Saver;2855;USD AXA9;2855;25;2024-09-26
1341;34090;100034090;Sama;1647;Growth;1647;50;2024-02-28
1342;34104;100034104;Sama;444;Equities;444;50;2024-08-08
1343;34151;100034151;Conservative;703;USD Growth Saver;703;50;2024-08-02
1344;34175;100034175;Active;697;Al Safwa;697;75;2024-09-14
1345;34177;100034177;EGP AXA10;3532;Money Market;3532;50;2024-10-06
1346;34189;100034189;Sama;2566;Al Safwa;2566;75;2025-09-26
1347;34194;100034194;EGX30 ETF;1680;EGX30 ETF;1680;75;2025-05-12
1348;34234;100034234;Conservative;1166;Growth;1166;100;2025-08-14
1349;34292;100034292;EGX30 ETF;4115;Conservative;4115;75;2024-06-20
1350;34315;100034315;USD AXA9;628;EGX30 ETF;628;50;2025-04-06
1351;34323;100034323;USD Growth Saver;1690;Growth;1690;25;2025-10-30
1352;34359;100034359;Money Market;625;Conservative;625;25;2024-03-03
1353;34364;100034364;Al Safwa;2722;Sama;2722;100;2025-02-02
1354;34389;100034389;Gold;1364;Diversified;1364;75;2025-04-24
1355;34401;100034401;Diversified;3016;EGX30 ETF;3016;25;2024-10-31
1356;34418;100034418;Active;1788;EGP AXA10;1788;25;2025-05-04
1357;34419;100034419;Gold;2045;USD Growth Saver;2045;50;2025-10-19
1358;34447;100034447;Secure;3167;Sama;3167;100;2025-12-10
1359;34466;100034466;Money Market;554;Equities;554;50;2024-07-31
1360;34488;100034488;Sama;2674;Dollar Saver;2674;25;2025-10-12
1361;34516;100034516;Equities;3626;Diversified;3626;75;2024-09-26
1362;34518;100034518;Secure;2011;Dollar Saver;2011;100;2025-05-24
1363;34524;100034524;USD AXA9;3780;Active;3780;100;2025-02-21
1364;34543;100034543;Sama;2351;USD AXA9;2351;75;2025-07-15
1365;34547;100034547;Equities;1300;Al Safwa;1300;100;2025-11-21
1366;35663;100035663;Dollar Saver;1834;EGX30 ETF;1834;75;2025-09-27
1367;34570;100034570;USD Growth Saver;1611;Equities;1611;50;2025-06-13
1368;34571;100034571;Gold;316;USD AXA9;316;25;2025-01-16
1369;34702;100034702;USD AXA9;2065;Growth;2065;75;2024-10-02
1370;34723;100034723;USD Growth Saver;2806;Gold;2806;50;2024-07-03
1371;34798;100034798;Gold;1088;USD Growth Saver;1088;100;2024-04-03
1372;34830;100034830;Diversified;511;USD Growth Saver;511;100;2024-02-19
1373;34871;100034871;Growth;4942;EGP AXA10;4942;75;2024-06-21
1374;34931;100034931;Dollar Saver;1237;Sama;1237;25;2024-07-02
1375;34953;100034953;Diversified;1585;Sama;1585;25;2024-02-01
1376;34966;100034966;Gold;1482;Active;1482;75;2025-07-05
1377;35050;100035050;EGX30 ETF;307;Conservative;307;75;2025-03-16
1378;35064;100035064;Al Safwa;1424;Gold;1424;100;2025-07-13
1379;35071;100035071;USD Growth Saver;2787;Active;2787;50;2025-11-10
1380;35086;100035086;Equities;945;EGX30 ETF;945;75;2025-06-01
1381;35109;100035109;USD Growth Saver;361;Dollar Saver;361;75;2024-07-02
1382;35146;100035146;Sama;852;USD Growth Saver;852;100;2024-08-25
1383;35159;100035159;Sama;2594;Dollar Saver;2594;75;2025-11-23
1384;35210;100035210;USD AXA9;282;Equities;282;100;2024-08-16
1385;35212;100035212;USD Growth Saver;3063;EGP AXA10;3063;100;2025-03-31
1386;35222;100035222;USD AXA9;4094;Conservative;4094;75;2024-05-26
1387;35238;100035238;Money Market;630;EGP AXA10;630;50;2025-12-15
1388;35282;100035282;Diversified;3276;Diversified;3276;100;2024-11-14
1389;35318;100035318;Conservative;2976;Active;2976;100;2025-01-27
1390;35358;100035358;USD Growth Saver;5286;Growth;5286;25;2024-03-07
1391;35381;100035381;EGP AXA10;3577;Sama;3577;50;2025-05-18
1392;35403;100035403;USD Growth Saver;2339;Growth;2339;100;2024-05-23
1393;35413;100035413;USD Growth Saver;3301;Growth;3301;50;2025-12-11
1394;35438;100035438;Secure;2728;Secure;2728;75;2025-07-06
1395;35458;100035458;USD Growth Saver;1956;USD AXA9;1956;75;2025-08-14
1396;35463;100035463;EGP AXA10;641;Growth;641;75;2024-09-06
1397;35469;100035469;Secure;299;Equities;299;100;2025-03-31
1398;35494;100035494;Gold;5404;Equities;5404;50;2025-07-12
1399;35523;100035523;Money Market;2867;Conservative;2867;25;2025-04-08
1400;35533;100035533;Al Safwa;2301;Gold;2301;50;2024-11-16
1401;35562;100035562;Active;1118;Equities;1118;75;2025-03-23
1402;35603;100035603;Dollar Saver;1210;USD AXA9;1210;25;2025-12-02
1403;35612;100035612;Equities;2395;Al Safwa;2395;75;2025-04-16
1404;35662;100035662;Active;4125;Dollar Saver;4125;75;2025-10-13
1405;35742;100035742;Al Safwa;926;Growth;926;25;2024-03-02
1406;35756;100035756;Dollar Saver;1894;EGP AXA10;1894;50;2025-09-11
1407;35770;100035770;Gold;2865;Equities;2865;75;2025-05-08
1408;35847;100035847;USD AXA9;2267;EGP AXA10;2267;50;2025-09-23
1409;35866;100035866;Conservative;3280;USD AXA9;3280;25;2025-04-23
1410;35881;100035881;EGP AXA10;1197;Money Market;1197;50;2025-03-02
1411;35924;100035924;Conservative;2451;EGX30 ETF;2451;25;2025-03-14
1412;35948;100035948;Equities;4843;EGX30 ETF;4843;100;2025-11-20
1413;35958;100035958;Secure;5519;Sama;5519;75;2024-10-21
1414;36013;100036013;Gold;5144;Equities;5144;100;2024-10-06
1415;36049;100036049;Money Market;1635;Sama;1635;50;2024-12-04
1416;36089;100036089;Sama;1125;Growth;1125;25;2025-11-24
1417;36099;100036099;USD AXA9;1495;Active;1495;75;2024-07-25
1418;36153;100036153;Dollar Saver;1937;Active;1937;75;2025-08-18
1419;36155;100036155;Growth;86;Active;86;25;2025-05-25
1420;36159;100036159;Equities;2334;Equities;2334;50;2024-09-25
1421;36170;100036170;Money Market;4061;Growth;4061;75;2025-06-07
1422;36188;100036188;Equities;3811;Active;3811;50;2024-08-21
1423;36265;100036265;EGX30 ETF;1911;USD Growth Saver;1911;50;2025-01-13
1424;36286;100036286;Dollar Saver;825;Dollar Saver;825;50;2025-11-28
1425;36287;100036287;EGP AXA10;436;Equities;436;75;2024-07-28
1426;36305;100036305;USD AXA9;782;Growth;782;25;2025-08-23
1427;36326;100036326;USD Growth Saver;983;Active;983;75;2024-06-03
1428;36350;100036350;Secure;1129;EGX30 ETF;1129;75;2025-10-14
1429;36415;100036415;EGX30 ETF;1681;EGP AXA10;1681;25;2025-02-24
1430;36438;100036438;Dollar Saver;1150;Dollar Saver;1150;25;2025-02-07
1431;36442;100036442;Equities;724;USD AXA9;724;75;2024-07-14
1432;36455;100036455;USD Growth Saver;1823;Equities;1823;50;2024-09-30
1433;36476;100036476;USD Growth Saver;1001;Gold;1001;50;2025-09-09
1434;36509;100036509;Growth;2395;EGX30 ETF;2395;75;2025-11-04
1435;36553;100036553;Equities;1111;Dollar Saver;1111;75;2025-07-11
1436;36555;100036555;Diversified;3946;EGX30 ETF;3946;100;2024-07-10
1437;36682;100036682;EGP AXA10;4123;Dollar Saver;4123;25;2025-06-27
1438;36691;100036691;Dollar Saver;431;Diversified;431;50;2024-10-06
1439;36755;100036755;Gold;1698;Secure;1698;75;2024-03-29
1440;36844;100036844;Money Market;2583;Money Market;2583;75;2025-06-04
1441;36904;100036904;Sama;496;Conservative;496;100;2025-04-30
1442;36905;100036905;Conservative;4003;Growth;4003;75;2024-12-27
1443;36909;100036909;Secure;5228;USD AXA9;5228;25;2025-04-21
1444;36946;100036946;Secure;2305;Gold;2305;100;2024-06-04
1445;36964;100036964;USD Growth Saver;1743;EGX30 ETF;1743;100;2025-02-25
1446;36988;100036988;EGX30 ETF;3572;Sama;3572;25;2025-03-01
1447;36993;100036993;Diversified;876;EGX30 ETF;876;75;2024-07-14
1448;37006;100037006;Active;1607;Diversified;1607;50;2025-05-28
1449;37008;100037008;USD Growth Saver;2035;EGP AXA10;2035;25;2025-08-20
1450;37013;100037013;Equities;874;Sama;874;50;2025-02-13
1451;37022;100037022;USD Growth Saver;2746;Diversified;2746;50;2024-03-04
1452;37066;100037066;Conservative;5150;Growth;5150;100;2025-04-03
1453;37067;100037067;EGX30 ETF;2502;Growth;2502;75;2025-04-02
1454;37112;100037112;USD AXA9;6538;Conservative;6538;50;2025-11-05
1455;37169;100037169;Equities;2815;Growth;2815;25;2025-08-27
1456;37234;100037234;Active;941;Equities;941;75;2025-05-14
1457;37235;100037235;Dollar Saver;1158;Al Safwa;1158;100;2025-09-22
1458;37236;100037236;EGX30 ETF;482;Equities;482;75;2025-04-04
1459;37248;100037248;Active;2150;Money Market;2150;25;2025-05-05
1460;37251;100037251;Diversified;3170;USD Growth Saver;3170;50;2025-09-09
1461;37289;100037289;Gold;1175;USD AXA9;1175;25;2024-12-25
1462;37339;100037339;Conservative;1013;Money Market;1013;50;2025-12-12
1463;37384;100037384;EGX30 ETF;2673;Gold;2673;25;2025-11-06
1464;37394;100037394;Gold;2151;Money Market;2151;50;2025-05-03
1465;37396;100037396;Money Market;1977;USD Growth Saver;1977;25;2024-04-25
1466;37435;100037435;EGP AXA10;2007;Money Market;2007;25;2024-05-05
1467;37445;100037445;Sama;972;Conservative;972;50;2024-09-10
1468;37489;100037489;Conservative;1990;USD Growth Saver;1990;25;2025-08-30
1469;37493;100037493;Equities;2960;USD AXA9;2960;25;2025-08-30
1470;37512;100037512;Secure;1319;USD Growth Saver;1319;25;2025-04-17
1471;37516;100037516;USD Growth Saver;550;Dollar Saver;550;25;2024-05-31
1472;37530;100037530;Al Safwa;3712;Secure;3712;75;2025-02-24
1473;37563;100037563;Secure;4525;EGX30 ETF;4525;25;2024-08-19
1474;37569;100037569;Secure;762;EGX30 ETF;762;100;2025-09-08
1475;37600;100037600;EGP AXA10;5829;Equities;5829;100;2024-12-08
1476;37618;100037618;Conservative;1580;USD Growth Saver;1580;100;2025-05-02
1477;37637;100037637;Sama;244;Equities;244;50;2024-10-24
1478;37643;100037643;EGP AXA10;1886;Conservative;1886;75;2025-05-10
1479;37649;100037649;Diversified;1743;USD Growth Saver;1743;50;2025-11-11
1480;37693;100037693;USD AXA9;203;Equities;203;100;2024-06-14
1481;37695;100037695;Al Safwa;2744;Sama;2744;100;2025-01-13
1482;37856;100037856;Al Safwa;2500;EGP AXA10;2500;50;2024-03-05
1483;37761;100037761;Secure;987;USD AXA9;987;100;2025-03-15
1484;37793;100037793;Dollar Saver;2089;Diversified;2089;75;2025-03-14
1485;37806;100037806;Diversified;3452;Gold;3452;25;2025-10-16
1486;37812;100037812;Dollar Saver;440;Sama;440;75;2024-04-26
1487;37885;100037885;Money Market;1906;Gold;1906;75;2025-04-22
1488;37897;100037897;Active;1667;Active;1667;25;2025-08-05
1489;37944;100037944;Al Safwa;4501;Growth;4501;25;2025-04-23
1490;37957;100037957;Sama;2800;Active;2800;25;2024-08-18
1491;37962;100037962;Dollar Saver;720;Secure;720;50;2025-06-11
1492;38039;100038039;Active;3061;Gold;3061;25;2024-09-04
1493;38067;100038067;Active;4160;Growth;4160;75;2024-06-29
1494;38075;100038075;Diversified;4009;Al Safwa;4009;25;2025-10-16
1495;38079;100038079;Diversified;1502;Secure;1502;75;2024-11-17
1496;38098;100038098;Equities;864;Conservative;864;25;2024-07-19
1497;38103;100038103;Equities;1171;Secure;1171;100;2025-06-29
1498;38123;100038123;Growth;4024;EGX30 ETF;4024;50;2024-10-27
1499;38139;100038139;Equities;545;USD AXA9;545;75;2025-01-08
1500;38175;100038175;Growth;159;EGX30 ETF;159;50;2025-07-15
1501;38203;100038203;Money Market;2015;Money Market;2015;75;2024-03-12
1502;38206;100038206;Equities;262;EGX30 ETF;262;25;2025-09-10
1503;38207;100038207;USD Growth Saver;1544;USD AXA9;1544;100;2025-01-28
1504;38211;100038211;Sama;3397;Gold;3397;100;2024-05-12
1505;38226;100038226;USD AXA9;2271;USD AXA9;2271;25;2024-12-17
1506;38229;100038229;Diversified;6223;Dollar Saver;6223;100;2025-01-24
1507;38242;100038242;Dollar Saver;1613;Active;1613;75;2024-09-13
1508;38305;100038305;Secure;1130;USD AXA9;1130;25;2024-10-19
1509;38315;100038315;EGX30 ETF;607;EGP AXA10;607;25;2025-01-05
1510;38331;100038331;Secure;1674;USD Growth Saver;1674;25;2024-07-26
1511;38345;100038345;Dollar Saver;2593;Al Safwa;2593;50;2024-10-16
1512;38382;100038382;USD AXA9;2163;Gold;2163;100;2024-07-08
1513;38465;100038465;Dollar Saver;1215;Gold;1215;75;2025-07-18
1514;38488;100038488;USD AXA9;793;EGP AXA10;793;25;2024-04-19
1515;38497;100038497;Money Market;2992;EGX30 ETF;2992;100;2024-02-27
1516;38524;100038524;Conservative;2721;Gold;2721;50;2025-05-03
1517;38531;100038531;Dollar Saver;5274;USD Growth Saver;5274;50;2024-10-07
1518;38539;100038539;Growth;1966;Growth;1966;50;2024-02-19
1519;38563;100038563;Conservative;1649;Secure;1649;50;2024-05-25
1520;38605;100038605;EGX30 ETF;2586;Active;2586;75;2024-02-29
1521;38608;100038608;Al Safwa;3001;Secure;3001;100;2024-07-31
1522;38619;100038619;Diversified;2633;Active;2633;75;2025-12-13
1523;38631;100038631;Sama;2013;Gold;2013;50;2024-08-26
1524;38674;100038674;USD AXA9;1114;Equities;1114;50;2024-07-12
1525;38706;100038706;Growth;3536;Growth;3536;50;2025-01-18
1526;38729;100038729;EGP AXA10;892;Equities;892;75;2024-05-10
1527;38734;100038734;Secure;1217;Conservative;1217;25;2025-11-13
1528;38768;100038768;Sama;792;Secure;792;50;2025-01-11
1529;38771;100038771;Sama;2678;EGP AXA10;2678;75;2024-12-26
1530;38784;100038784;Conservative;1073;Gold;1073;50;2024-08-13
1531;38788;100038788;Secure;1029;Gold;1029;100;2025-07-13
1532;38809;100038809;Gold;3389;Dollar Saver;3389;75;2024-06-19
1533;38812;100038812;EGX30 ETF;2661;Money Market;2661;75;2024-08-21
1534;38819;100038819;Equities;1685;Conservative;1685;50;2025-11-26
1535;38825;100038825;Conservative;734;Dollar Saver;734;100;2024-12-22
1536;38860;100038860;Conservative;3778;Secure;3778;75;2024-11-05
1537;38862;100038862;USD Growth Saver;3199;Equities;3199;50;2025-01-29
1538;38894;100038894;USD Growth Saver;2658;Active;2658;25;2025-07-21
1539;38901;100038901;Gold;2143;Conservative;2143;50;2025-09-21
1540;38938;100038938;Secure;1672;EGX30 ETF;1672;25;2025-08-26
1541;38941;100038941;EGX30 ETF;1863;Growth;1863;100;2025-01-23
1542;38948;100038948;Dollar Saver;2656;Dollar Saver;2656;25;2025-12-04
1543;38988;100038988;Active;2427;Money Market;2427;25;2025-08-31
1544;38998;100038998;Equities;1865;Secure;1865;25;2025-09-20
1545;39013;100039013;Money Market;2720;Money Market;2720;50;2024-03-13
1546;39014;100039014;Gold;2958;Conservative;2958;100;2024-02-06
1547;39021;100039021;Money Market;6110;Al Safwa;6110;75;2024-08-18
1548;39028;100039028;EGX30 ETF;4347;Growth;4347;50;2024-10-26
1549;39033;100039033;USD AXA9;1882;Money Market;1882;100;2025-02-27
1550;39048;100039048;USD Growth Saver;884;USD AXA9;884;50;2025-12-07
1551;39094;100039094;USD AXA9;1829;EGP AXA10;1829;50;2025-06-15
1552;39141;100039141;Al Safwa;3127;Equities;3127;75;2024-10-27
1553;39209;100039209;Secure;4208;Dollar Saver;4208;50;2024-09-13
1554;39234;100039234;Active;4370;Gold;4370;100;2025-08-02
1555;39235;100039235;Dollar Saver;2178;USD AXA9;2178;100;2025-03-10
1556;39240;100039240;Growth;3786;Dollar Saver;3786;25;2025-12-18
1557;39254;100039254;USD AXA9;3347;USD Growth Saver;3347;25;2025-12-27
1558;39351;100039351;Conservative;1688;EGP AXA10;1688;50;2025-10-04
1559;39360;100039360;USD AXA9;1908;Money Market;1908;75;2024-11-21
1560;39425;100039425;Active;1180;Active;1180;75;2025-05-04
1561;39442;100039442;Al Safwa;5388;Money Market;5388;100;2024-02-02
1562;39494;100039494;Growth;987;USD AXA9;987;100;2025-07-16
1563;39550;100039550;Growth;1261;EGX30 ETF;1261;50;2025-07-24
1564;39592;100039592;Equities;4433;Al Safwa;4433;50;2025-02-03
1565;39610;100039610;USD Growth Saver;2410;Secure;2410;100;2024-12-11
1566;39612;100039612;Active;2846;Diversified;2846;75;2025-12-20
1567;39626;100039626;USD AXA9;708;Diversified;708;25;2024-07-05
1568;39646;100039646;Growth;1643;Dollar Saver;1643;75;2024-05-12
1569;39649;100039649;Secure;3584;Active;3584;25;2025-06-26
1570;39662;100039662;USD Growth Saver;2503;Money Market;2503;75;2024-08-28
1571;39703;100039703;Gold;1712;Equities;1712;75;2024-04-10
1572;39782;100039782;Equities;1535;Gold;1535;50;2025-04-06
1573;39798;100039798;Conservative;990;Growth;990;100;2025-08-12
1574;39818;100039818;Gold;2014;EGX30 ETF;2014;50;2025-06-18
1575;39826;100039826;Secure;4980;USD Growth Saver;4980;25;2025-10-29
1576;39841;100039841;Money Market;1083;Conservative;1083;100;2024-02-23
1577;39854;100039854;Dollar Saver;2543;Dollar Saver;2543;75;2025-07-25
1578;39860;100039860;Dollar Saver;1018;USD Growth Saver;1018;50;2025-02-16
1579;39882;100039882;Diversified;3217;Equities;3217;100;2024-02-15
1580;39945;100039945;Gold;1323;Secure;1323;50;2024-09-23
1581;39958;100039958;EGP AXA10;2754;Growth;2754;25;2025-05-04
1582;39988;100039988;Sama;583;Equities;583;100;2025-08-28
1583;39994;100039994;USD AXA9;730;Gold;730;100;2024-04-15
1584;40029;100040029;Secure;3817;Active;3817;75;2024-05-02
1585;40030;100040030;Sama;678;EGX30 ETF;678;75;2024-02-16
1586;40033;100040033;EGX30 ETF;1119;Al Safwa;1119;25;2025-08-18
1587;40066;100040066;USD Growth Saver;4109;Equities;4109;25;2025-11-26
1588;40092;100040092;USD AXA9;2317;EGX30 ETF;2317;50;2025-06-22
1589;40113;100040113;EGX30 ETF;703;Conservative;703;50;2025-09-02
1590;40178;100040178;EGP AXA10;1243;Conservative;1243;25;2025-11-04
1591;40215;100040215;Conservative;1038;Al Safwa;1038;75;2025-07-24
1592;40235;100040235;Diversified;3135;EGX30 ETF;3135;75;2024-03-22
1593;40290;100040290;USD Growth Saver;3224;Growth;3224;75;2025-04-19
1594;40293;100040293;Active;728;Secure;728;50;2025-02-14
1595;40331;100040331;USD Growth Saver;3263;Dollar Saver;3263;100;2025-11-30
1596;40334;100040334;EGP AXA10;2602;EGP AXA10;2602;50;2024-02-15
1597;40348;100040348;Conservative;399;Dollar Saver;399;75;2024-11-23
1598;40357;100040357;Money Market;2648;Money Market;2648;25;2024-08-09
1599;40358;100040358;Growth;2500;Dollar Saver;2500;50;2024-08-23
1600;40390;100040390;Sama;1460;Gold;1460;50;2025-01-07
1601;40393;100040393;Growth;749;Active;749;100;2025-03-08
1602;40441;100040441;Conservative;2092;USD AXA9;2092;100;2024-05-29
1603;40443;100040443;Sama;2256;Dollar Saver;2256;100;2025-12-27
1604;40459;100040459;Dollar Saver;1666;Growth;1666;100;2025-06-05
1605;40473;100040473;Diversified;1400;Growth;1400;75;2024-02-28
1606;40483;100040483;EGP AXA10;534;Conservative;534;100;2025-06-14
1607;40486;100040486;Dollar Saver;1955;EGP AXA10;1955;25;2025-12-15
1608;40498;100040498;Conservative;3647;Al Safwa;3647;100;2025-03-26
1609;40540;100040540;Growth;1419;Al Safwa;1419;50;2024-12-19
1610;40544;100040544;Equities;3660;Sama;3660;50;2025-01-20
1611;40689;100040689;Diversified;2495;Conservative;2495;100;2025-10-16
1612;40703;100040703;Secure;2013;Dollar Saver;2013;50;2024-06-29
1613;40718;100040718;EGP AXA10;2997;Dollar Saver;2997;75;2024-07-12
1614;40733;100040733;EGP AXA10;1497;Dollar Saver;1497;25;2024-09-04
1615;40735;100040735;Active;1358;Al Safwa;1358;75;2024-04-18
1616;40751;100040751;Conservative;5699;Secure;5699;50;2024-03-11
1617;40776;100040776;USD Growth Saver;2191;Dollar Saver;2191;25;2025-09-20
1618;40860;100040860;Al Safwa;2006;USD AXA9;2006;50;2025-06-25
1619;40876;100040876;Equities;1994;Gold;1994;75;2025-01-08
1620;40954;100040954;Secure;707;EGP AXA10;707;100;2025-06-17
1621;40956;100040956;Active;4764;Al Safwa;4764;50;2025-05-05
1622;41030;100041030;Gold;2403;Growth;2403;100;2025-03-25
1623;41032;100041032;Dollar Saver;2165;Gold;2165;100;2025-09-18
1624;41044;100041044;Money Market;1588;USD AXA9;1588;50;2024-11-28
1625;41068;100041068;Money Market;1512;Active;1512;75;2024-04-14
1626;41076;100041076;Secure;1527;Al Safwa;1527;25;2025-05-07
1627;41105;100041105;Growth;4903;EGX30 ETF;4903;100;2025-12-21
1628;41107;100041107;Secure;3255;EGP AXA10;3255;100;2024-06-28
1629;41122;100041122;Al Safwa;4190;Secure;4190;50;2024-09-13
1630;41166;100041166;Equities;835;EGP AXA10;835;25;2025-06-23
1631;41215;100041215;Conservative;3261;Al Safwa;3261;75;2024-10-10
1632;41229;100041229;Diversified;2918;Money Market;2918;50;2025-06-05
1633;41240;100041240;Growth;1437;EGP AXA10;1437;25;2024-11-18
1634;41286;100041286;USD AXA9;1108;USD AXA9;1108;100;2024-06-13
1635;41308;100041308;Secure;3550;Sama;3550;25;2024-03-23
1636;41340;100041340;Diversified;5193;USD Growth Saver;5193;25;2024-08-09
1637;41376;100041376;Al Safwa;883;Diversified;883;50;2024-04-07
1638;41405;100041405;EGP AXA10;1267;EGX30 ETF;1267;50;2024-02-20
1639;41506;100041506;Equities;3268;Al Safwa;3268;50;2025-11-11
1640;41526;100041526;Conservative;4297;USD AXA9;4297;100;2025-06-14
1641;41552;100041552;Money Market;3039;EGP AXA10;3039;50;2025-11-06
1642;41560;100041560;Diversified;619;Diversified;619;25;2024-05-08
1643;41564;100041564;Al Safwa;1568;Equities;1568;75;2025-12-25
1644;41567;100041567;Secure;1309;Gold;1309;50;2024-02-25
1645;41578;100041578;USD Growth Saver;699;Equities;699;25;2024-10-10
1646;41625;100041625;USD Growth Saver;685;Secure;685;75;2025-06-18
1647;41629;100041629;Money Market;1566;Gold;1566;25;2024-03-22
1648;41675;100041675;EGX30 ETF;897;Growth;897;75;2024-11-19
1649;41731;100041731;Active;2172;Money Market;2172;25;2025-09-18
1650;41748;100041748;Secure;957;Gold;957;100;2025-05-04
1651;41758;100041758;Diversified;2952;Conservative;2952;25;2024-02-09
1652;41829;100041829;EGP AXA10;1357;USD Growth Saver;1357;75;2025-12-17
1653;41830;100041830;Dollar Saver;1800;Money Market;1800;100;2025-12-09
1654;41832;100041832;Al Safwa;2255;Growth;2255;100;2024-07-25
1655;41875;100041875;Equities;4387;Equities;4387;50;2025-05-16
1656;41887;100041887;Gold;2674;USD AXA9;2674;25;2024-03-20
1657;41911;100041911;USD Growth Saver;2734;Active;2734;50;2025-10-01
1658;41966;100041966;Money Market;2759;Active;2759;100;2025-02-20
1659;42049;100042049;Equities;408;Secure;408;75;2025-04-13
1660;42078;100042078;Al Safwa;846;Secure;846;50;2024-12-12
1661;42090;100042090;Gold;946;Dollar Saver;946;100;2025-10-25
1662;42101;100042101;EGX30 ETF;1292;Equities;1292;100;2024-02-07
1663;42112;100042112;Active;2840;USD AXA9;2840;100;2024-08-06
1664;42120;100042120;Gold;5407;Dollar Saver;5407;75;2024-06-24
1665;42165;100042165;Sama;2486;EGX30 ETF;2486;25;2024-08-07
1666;42196;100042196;EGP AXA10;811;Sama;811;50;2024-03-30
1667;42197;100042197;Active;308;Growth;308;50;2024-08-28
1668;42228;100042228;Dollar Saver;4608;Conservative;4608;100;2025-11-19
1669;42266;100042266;Money Market;3166;USD AXA9;3166;100;2025-04-27
1670;42306;100042306;Dollar Saver;883;USD AXA9;883;100;2024-03-25
1671;42349;100042349;Money Market;1702;Diversified;1702;25;2024-03-07
1672;42357;100042357;USD Growth Saver;2588;USD AXA9;2588;100;2025-01-17
1673;42417;100042417;Dollar Saver;6166;Al Safwa;6166;50;2024-07-25
1674;42420;100042420;EGP AXA10;3382;Gold;3382;50;2024-05-20
1675;42454;100042454;Money Market;1149;EGP AXA10;1149;75;2024-10-15
1676;42481;100042481;Conservative;1335;Money Market;1335;75;2024-07-31
1677;42482;100042482;Money Market;2576;USD AXA9;2576;25;2025-09-24
1678;42538;100042538;Money Market;1213;Gold;1213;100;2024-04-20
1679;42560;100042560;Al Safwa;928;Growth;928;75;2025-08-15
1680;42567;100042567;Money Market;2606;Equities;2606;50;2025-11-20
1681;42608;100042608;Conservative;2286;EGX30 ETF;2286;50;2025-07-10
1682;42621;100042621;Conservative;3259;Equities;3259;25;2024-10-22
1683;42629;100042629;Sama;508;EGX30 ETF;508;25;2025-02-24
1684;42651;100042651;Equities;1512;USD AXA9;1512;100;2025-11-23
1685;42654;100042654;Equities;916;Secure;916;50;2025-07-17
1686;42695;100042695;EGP AXA10;772;Money Market;772;75;2025-11-28
1687;42719;100042719;Dollar Saver;2517;USD AXA9;2517;75;2025-02-25
1688;42729;100042729;Money Market;1050;Al Safwa;1050;100;2024-07-30
1689;42767;100042767;Diversified;4564;USD AXA9;4564;50;2024-09-08
1690;42920;100042920;EGX30 ETF;750;Money Market;750;50;2024-12-25
1691;42922;100042922;Conservative;528;Gold;528;75;2025-10-24
1692;42924;100042924;USD AXA9;711;Diversified;711;75;2025-04-25
1693;42955;100042955;Secure;4087;Sama;4087;100;2024-09-02
1694;43018;100043018;EGX30 ETF;1458;Gold;1458;25;2025-12-06
1695;43047;100043047;USD Growth Saver;556;Equities;556;75;2024-10-05
1696;43083;100043083;EGP AXA10;1078;Money Market;1078;100;2024-05-12
1697;43085;100043085;Gold;638;Conservative;638;50;2024-03-05
1698;43090;100043090;Diversified;2845;Money Market;2845;100;2025-08-12
1699;43135;100043135;USD Growth Saver;4332;Sama;4332;75;2025-11-27
1700;43181;100043181;Secure;5608;Equities;5608;50;2024-11-08
1701;43146;100043146;Gold;2508;Money Market;2508;75;2025-12-13
1702;43213;100043213;Conservative;1397;Equities;1397;50;2025-04-08
1703;43245;100043245;Dollar Saver;3761;EGX30 ETF;3761;25;2024-09-30
1704;43249;100043249;Active;3832;EGP AXA10;3832;50;2025-09-15
1705;43307;100043307;Growth;2672;Diversified;2672;25;2025-11-14
1706;43314;100043314;Diversified;783;Equities;783;25;2025-12-10
1707;43328;100043328;USD AXA9;2547;Al Safwa;2547;50;2025-02-21
1708;43335;100043335;Diversified;799;Sama;799;25;2024-09-14
1709;43348;100043348;Al Safwa;1011;Equities;1011;25;2024-09-23
1710;43368;100043368;Active;2815;EGX30 ETF;2815;75;2025-02-16
1711;43370;100043370;Secure;480;Gold;480;100;2025-11-13
1712;43426;100043426;Equities;610;Sama;610;25;2025-11-06
1713;43467;100043467;Growth;1609;Active;1609;100;2025-04-18
1714;43469;100043469;Active;2562;Equities;2562;100;2024-07-05
1715;43522;100043522;Diversified;2377;Conservative;2377;100;2024-08-23
1716;43562;100043562;Sama;2904;USD AXA9;2904;25;2025-08-19
1717;43567;100043567;Gold;1224;Growth;1224;100;2024-11-25
1718;43630;100043630;Sama;4999;Active;4999;75;2025-11-26
1719;43643;100043643;Equities;2620;Equities;2620;100;2025-04-29
1720;43662;100043662;Diversified;1878;USD AXA9;1878;25;2024-09-03
1721;43692;100043692;Equities;1057;Equities;1057;75;2024-06-05
1722;43696;100043696;EGP AXA10;749;Growth;749;100;2024-08-12
1723;43772;100043772;USD Growth Saver;2953;Active;2953;100;2025-02-15
1724;43790;100043790;Conservative;977;Equities;977;50;2025-11-07
1725;43800;100043800;USD Growth Saver;700;USD Growth Saver;700;50;2024-06-06
1726;43803;100043803;EGP AXA10;5935;EGX30 ETF;5935;50;2025-03-06
1727;43843;100043843;Equities;780;USD Growth Saver;780;100;2024-11-19
1728;43844;100043844;EGP AXA10;3758;Active;3758;25;2025-11-23
1729;43856;100043856;Dollar Saver;2229;Conservative;2229;25;2025-05-10
1730;43913;100043913;EGP AXA10;2707;EGX30 ETF;2707;100;2024-02-06
1731;43918;100043918;Secure;801;Equities;801;50;2024-10-15
1732;43923;100043923;Money Market;3286;Dollar Saver;3286;50;2025-12-29
1733;43958;100043958;USD Growth Saver;1157;Diversified;1157;100;2025-01-10
1734;43983;100043983;Conservative;1988;Sama;1988;75;2024-03-27
1735;43995;100043995;Growth;2083;Growth;2083;75;2024-03-07
1736;43998;100043998;Conservative;1932;Equities;1932;100;2024-05-12
1737;44003;100044003;Money Market;3185;Conservative;3185;100;2025-06-07
1738;44024;100044024;Diversified;769;Al Safwa;769;50;2024-12-22
1739;44071;100044071;Al Safwa;1374;Secure;1374;100;2024-09-09
1740;44084;100044084;Conservative;1354;Conservative;1354;75;2024-08-06
1741;44095;100044095;Money Market;2843;Secure;2843;100;2024-04-11
1742;44102;100044102;Active;6617;EGX30 ETF;6617;25;2024-02-26
1743;44104;100044104;Al Safwa;919;EGX30 ETF;919;100;2025-02-08
1744;46603;100046603;Diversified;2147;USD AXA9;2147;25;2025-07-03
1745;44122;100044122;Growth;2206;Gold;2206;100;2025-07-24
1746;44163;100044163;Diversified;3387;Al Safwa;3387;50;2024-06-18
1747;44211;100044211;Growth;2119;Conservative;2119;75;2025-08-11
1748;44216;100044216;EGX30 ETF;383;Dollar Saver;383;100;2024-08-25
1749;44236;100044236;Diversified;3950;Equities;3950;25;2025-06-24
1750;44264;100044264;Gold;670;Gold;670;100;2025-04-18
1751;44274;100044274;Conservative;2128;Al Safwa;2128;100;2025-09-27
1752;44276;100044276;Al Safwa;2331;Money Market;2331;100;2024-06-25
1753;44303;100044303;Gold;2759;Al Safwa;2759;75;2025-04-07
1754;44305;100044305;EGX30 ETF;1091;Growth;1091;75;2025-12-14
1755;44324;100044324;Al Safwa;542;Al Safwa;542;75;2024-05-01
1756;44342;100044342;Growth;616;Dollar Saver;616;50;2025-12-01
1757;44347;100044347;Al Safwa;758;Al Safwa;758;50;2025-08-07
1758;44414;100044414;Al Safwa;1557;Equities;1557;25;2024-09-26
1759;44418;100044418;USD AXA9;202;Dollar Saver;202;75;2024-03-16
1760;44442;100044442;Dollar Saver;970;Diversified;970;75;2024-08-11
1761;44447;100044447;Gold;1888;Gold;1888;25;2024-07-12
1762;44543;100044543;Conservative;991;Conservative;991;50;2024-08-04
1763;44549;100044549;EGP AXA10;539;EGX30 ETF;539;25;2024-07-12
1764;44550;100044550;Equities;475;Conservative;475;25;2025-11-29
1765;44559;100044559;Growth;869;Dollar Saver;869;25;2025-11-09
1766;44564;100044564;Equities;2215;Diversified;2215;25;2025-04-22
1767;44576;100044576;Gold;2581;Growth;2581;100;2024-10-09
1768;44627;100044627;USD Growth Saver;2756;Conservative;2756;50;2025-08-09
1769;44643;100044643;Gold;817;Money Market;817;75;2025-11-29
1770;44667;100044667;Diversified;573;Active;573;75;2024-06-11
1771;44769;100044769;Al Safwa;3802;Al Safwa;3802;75;2025-12-20
1772;44806;100044806;Conservative;746;Active;746;75;2024-12-22
1773;44822;100044822;USD AXA9;1704;Conservative;1704;100;2024-03-13
1774;44841;100044841;USD AXA9;755;EGX30 ETF;755;75;2025-02-14
1775;44898;100044898;EGX30 ETF;1284;Conservative;1284;100;2025-07-13
1776;44917;100044917;Equities;3691;Money Market;3691;75;2025-05-17
1777;44928;100044928;Sama;3115;Money Market;3115;25;2024-09-04
1778;44947;100044947;Conservative;875;Secure;875;75;2024-12-05
1779;44953;100044953;USD Growth Saver;799;Conservative;799;75;2025-12-22
1780;44955;100044955;Secure;3160;USD Growth Saver;3160;100;2025-02-17
1781;44965;100044965;Sama;1945;EGX30 ETF;1945;75;2024-12-23
1782;44971;100044971;USD Growth Saver;1678;USD Growth Saver;1678;100;2024-06-22
1783;44979;100044979;Gold;2711;Money Market;2711;100;2025-12-28
1784;45003;100045003;Equities;1798;Secure;1798;75;2024-04-24
1785;45019;100045019;Secure;3802;Sama;3802;75;2024-05-19
1786;45027;100045027;Sama;1241;Conservative;1241;75;2024-07-11
1787;45046;100045046;Money Market;2694;Equities;2694;75;2025-04-08
1788;45598;100045598;Secure;3872;Sama;3872;50;2025-06-24
1789;45112;100045112;EGP AXA10;1650;Dollar Saver;1650;25;2025-08-16
1790;45122;100045122;Equities;1044;USD AXA9;1044;50;2024-08-05
1791;45124;100045124;Sama;1071;EGP AXA10;1071;75;2024-12-23
1792;45154;100045154;EGX30 ETF;882;Sama;882;50;2025-12-02
1793;45239;100045239;Money Market;571;Dollar Saver;571;100;2024-03-16
1794;45298;100045298;Equities;2302;USD AXA9;2302;50;2024-02-13
1795;45363;100045363;Money Market;3567;Active;3567;75;2024-06-09
1796;45376;100045376;Al Safwa;1857;Equities;1857;75;2025-04-02
1797;45397;100045397;Al Safwa;1144;Diversified;1144;100;2025-09-18
1798;45401;100045401;EGP AXA10;2068;Diversified;2068;100;2025-04-26
1799;45407;100045407;Secure;6544;USD AXA9;6544;100;2024-12-10
1800;45425;100045425;Active;1978;Conservative;1978;100;2024-12-22
1801;45431;100045431;Conservative;1329;USD AXA9;1329;75;2025-10-30
1802;45458;100045458;Diversified;1467;EGP AXA10;1467;50;2025-12-28
1803;45473;100045473;USD AXA9;609;Money Market;609;25;2025-10-08
1804;45508;100045508;Secure;1094;Conservative;1094;100;2024-09-22
1805;45510;100045510;EGX30 ETF;2101;EGP AXA10;2101;50;2024-12-26
1806;45521;100045521;Secure;1000;EGP AXA10;1000;100;2025-04-17
1807;45903;100045903;Diversified;3911;EGX30 ETF;3911;50;2024-08-27
1808;45590;100045590;USD AXA9;1116;Gold;1116;75;2024-10-04
1809;45718;100045718;Al Safwa;2688;Secure;2688;25;2024-06-06
1810;45734;100045734;Money Market;3851;Equities;3851;75;2024-08-15
1811;45735;100045735;Sama;4986;Active;4986;100;2025-02-06
1812;45769;100045769;Gold;732;Conservative;732;25;2024-04-27
1813;45774;100045774;Dollar Saver;3241;Active;3241;25;2024-04-02
1814;45841;100045841;Growth;3162;Money Market;3162;75;2024-07-07
1815;45876;100045876;EGP AXA10;1141;USD Growth Saver;1141;50;2025-09-24
1816;45930;100045930;EGP AXA10;775;Sama;775;100;2025-01-09
1817;45933;100045933;Secure;5475;Active;5475;75;2025-03-27
1818;45936;100045936;Secure;2479;Active;2479;75;2024-11-24
1819;45940;100045940;Secure;2168;EGX30 ETF;2168;100;2025-08-18
1820;45942;100045942;Diversified;874;Conservative;874;25;2025-07-10
1821;45965;100045965;Dollar Saver;1439;Money Market;1439;100;2025-09-17
1822;46018;100046018;EGP AXA10;1635;Secure;1635;25;2025-07-28
1823;46025;100046025;Secure;507;EGX30 ETF;507;75;2024-11-20
1824;46056;100046056;USD AXA9;890;Al Safwa;890;100;2024-10-20
1825;47501;100047501;Gold;1242;Secure;1242;25;2024-12-14
1826;46118;100046118;Secure;3923;EGP AXA10;3923;100;2025-09-17
1827;46127;100046127;USD AXA9;1026;EGP AXA10;1026;25;2024-12-09
1828;46172;100046172;Gold;725;Secure;725;25;2024-03-03
1829;46201;100046201;Money Market;1672;Money Market;1672;25;2025-10-01
1830;46240;100046240;Secure;1512;Active;1512;50;2025-10-26
1831;46246;100046246;Gold;4347;Diversified;4347;75;2024-03-14
1832;46256;100046256;Sama;4752;Conservative;4752;50;2025-09-13
1833;46266;100046266;EGX30 ETF;2670;Growth;2670;75;2024-03-01
1834;46277;100046277;Growth;376;Secure;376;25;2025-10-12
1835;46320;100046320;Sama;1830;Money Market;1830;50;2024-08-11
1836;46321;100046321;Growth;2378;USD AXA9;2378;50;2024-11-01
1837;46329;100046329;Gold;487;EGX30 ETF;487;50;2025-07-09
1838;46402;100046402;Money Market;3069;Growth;3069;75;2024-08-31
1839;46443;100046443;Conservative;3482;Growth;3482;75;2025-01-09
1840;46458;100046458;EGP AXA10;2226;Dollar Saver;2226;75;2024-11-21
1841;46486;100046486;Equities;2794;Growth;2794;25;2024-12-01
1842;46506;100046506;Dollar Saver;1531;Money Market;1531;50;2025-10-12
1843;46533;100046533;Secure;2151;Conservative;2151;75;2024-09-11
1844;46563;100046563;Secure;3301;EGP AXA10;3301;100;2024-06-15
1845;46601;100046601;Diversified;1697;EGP AXA10;1697;25;2025-03-21
1846;46609;100046609;Active;2132;USD AXA9;2132;100;2025-03-18
1847;46620;100046620;EGX30 ETF;2772;EGP AXA10;2772;75;2025-04-08
1848;46693;100046693;Secure;1609;USD Growth Saver;1609;75;2024-04-02
1849;46699;100046699;USD AXA9;1082;Dollar Saver;1082;75;2025-02-24
1850;46716;100046716;Active;6216;Gold;6216;100;2025-09-21
1851;46731;100046731;EGP AXA10;934;Al Safwa;934;25;2025-04-17
1852;46796;100046796;Equities;498;Secure;498;25;2025-03-18
1853;46812;100046812;Secure;1932;Secure;1932;100;2025-01-02
1854;46892;100046892;EGX30 ETF;3467;Secure;3467;75;2024-12-18
1855;46920;100046920;Equities;1024;Money Market;1024;25;2025-09-05
1856;46922;100046922;Diversified;451;Gold;451;50;2025-06-02
1857;46932;100046932;Sama;2186;Equities;2186;25;2024-10-17
1858;46957;100046957;EGP AXA10;910;EGX30 ETF;910;25;2024-02-08
1859;46985;100046985;USD AXA9;1728;EGP AXA10;1728;100;2024-03-03
1860;47040;100047040;Dollar Saver;1379;EGX30 ETF;1379;50;2025-03-30
1861;47146;100047146;EGX30 ETF;3465;Secure;3465;50;2025-02-18
1862;47174;100047174;Active;434;Active;434;50;2025-12-12
1863;47191;100047191;EGX30 ETF;6136;Gold;6136;50;2024-12-20
1864;47213;100047213;Money Market;4309;Equities;4309;75;2025-03-07
1865;47215;100047215;EGX30 ETF;1445;Diversified;1445;75;2025-01-01
1866;47220;100047220;Dollar Saver;2323;Secure;2323;25;2024-06-30
1867;47275;100047275;Al Safwa;785;EGX30 ETF;785;25;2025-11-30
1868;47277;100047277;Secure;2081;Gold;2081;75;2024-09-25
1869;47318;100047318;EGP AXA10;462;Growth;462;25;2025-07-25
1870;47374;100047374;Secure;3533;Al Safwa;3533;25;2024-08-15
1871;47389;100047389;EGX30 ETF;835;USD AXA9;835;25;2024-06-18
1872;47403;100047403;Gold;4345;Growth;4345;75;2025-01-29
1873;47427;100047427;USD Growth Saver;1712;Growth;1712;100;2024-03-12
1874;47433;100047433;Growth;848;Equities;848;25;2025-03-24
1875;47495;100047495;Gold;592;Dollar Saver;592;100;2024-08-26
1876;47503;100047503;USD Growth Saver;570;Active;570;100;2024-08-22
1877;47528;100047528;Equities;2601;Al Safwa;2601;50;2025-11-05
1878;47560;100047560;Al Safwa;3613;Diversified;3613;75;2024-07-28
1879;47581;100047581;Al Safwa;4400;Sama;4400;100;2025-09-23
1880;47625;100047625;Active;1507;USD AXA9;1507;75;2024-10-05
1881;47651;100047651;EGP AXA10;3141;Money Market;3141;100;2024-12-14
1882;47681;100047681;Al Safwa;1314;Gold;1314;50;2024-11-03
1883;47693;100047693;EGX30 ETF;1030;Active;1030;25;2024-05-23
1884;47746;100047746;Diversified;560;Active;560;25;2025-05-29
1885;47803;100047803;USD AXA9;4727;Diversified;4727;50;2025-12-19
1886;47823;100047823;EGX30 ETF;346;Secure;346;25;2025-11-28
1887;47824;100047824;Diversified;654;USD Growth Saver;654;25;2025-10-21
1888;47858;100047858;Sama;821;Diversified;821;100;2024-12-09
1889;47875;100047875;Sama;3889;Al Safwa;3889;100;2025-08-09
1890;47879;100047879;Active;3266;Dollar Saver;3266;75;2025-05-26
1891;47895;100047895;Al Safwa;4684;EGX30 ETF;4684;25;2024-06-09
1892;47925;100047925;Diversified;1947;Al Safwa;1947;50;2024-07-27
1893;47943;100047943;Equities;2380;Secure;2380;50;2025-09-27
1894;47950;100047950;Secure;5045;Gold;5045;100;2024-05-30
1895;48039;100048039;Diversified;1988;Diversified;1988;100;2025-08-01
1896;48075;100048075;Money Market;1511;EGX30 ETF;1511;25;2025-05-01
1897;48102;100048102;Gold;4112;USD Growth Saver;4112;100;2025-07-05
1898;48158;100048158;USD Growth Saver;5229;Gold;5229;75;2025-07-09
1899;48175;100048175;USD AXA9;2740;Diversified;2740;100;2025-12-17
1900;48195;100048195;Sama;3228;USD Growth Saver;3228;50;2025-12-23
1901;48219;100048219;EGP AXA10;374;Equities;374;50;2024-03-23
1902;48220;100048220;EGP AXA10;1399;Sama;1399;100;2024-10-11
1903;48224;100048224;Al Safwa;447;Conservative;447;75;2025-01-25
1904;48230;100048230;Al Safwa;1471;USD AXA9;1471;50;2025-01-15
1905;48252;100048252;Al Safwa;3533;Money Market;3533;25;2024-11-03
1906;48281;100048281;Dollar Saver;2484;Active;2484;25;2024-10-25
1907;48285;100048285;USD AXA9;3027;Money Market;3027;50;2025-05-14
1908;48296;100048296;USD Growth Saver;2080;Active;2080;100;2024-02-25
1909;48355;100048355;Al Safwa;2157;Gold;2157;50;2025-07-27
1910;48361;100048361;Dollar Saver;961;Gold;961;75;2024-12-23
1911;48385;100048385;Sama;2476;Secure;2476;75;2025-08-12
1912;48456;100048456;EGX30 ETF;477;USD Growth Saver;477;75;2024-02-12
1913;48477;100048477;Secure;456;Gold;456;75;2024-06-16
1914;48516;100048516;USD Growth Saver;948;Gold;948;50;2024-03-22
1915;48544;100048544;Active;3861;Active;3861;75;2024-11-13
1916;48583;100048583;USD AXA9;1546;Secure;1546;25;2024-03-07
1917;48615;100048615;Diversified;3052;Money Market;3052;100;2025-07-28
1918;48627;100048627;Secure;142;Equities;142;50;2024-04-05
1919;48640;100048640;Active;782;Secure;782;25;2024-03-07
1920;48676;100048676;Equities;2420;EGP AXA10;2420;75;2025-07-05
1921;48688;100048688;Active;1079;Conservative;1079;75;2025-06-18
1922;48706;100048706;Secure;717;Active;717;75;2024-12-14
1923;48730;100048730;Secure;3474;EGX30 ETF;3474;25;2024-07-24
1924;48758;100048758;EGX30 ETF;2879;Equities;2879;100;2024-10-01
1925;48786;100048786;EGP AXA10;5745;Active;5745;25;2024-05-08
1926;48790;100048790;Money Market;3665;Diversified;3665;100;2024-12-16
1927;48820;100048820;Sama;1360;USD Growth Saver;1360;100;2025-12-24
1928;48835;100048835;USD AXA9;2678;Secure;2678;75;2025-06-13
1929;48892;100048892;EGP AXA10;1767;Al Safwa;1767;75;2025-05-19
1930;48896;100048896;Growth;922;USD Growth Saver;922;100;2024-02-19
1931;48910;100048910;Conservative;398;Al Safwa;398;25;2025-04-15
1932;48918;100048918;Sama;2337;Secure;2337;75;2025-07-03
1933;48933;100048933;Active;2276;Diversified;2276;25;2025-10-06
1934;49029;100049029;USD Growth Saver;1281;Active;1281;25;2024-11-11
1935;49036;100049036;Gold;1874;Growth;1874;75;2024-05-20
1936;49071;100049071;Dollar Saver;1076;Sama;1076;75;2025-08-24
1937;49097;100049097;Secure;1927;Gold;1927;50;2025-10-14
1938;49228;100049228;Equities;3116;Sama;3116;75;2024-08-23
1939;49233;100049233;Growth;623;Active;623;25;2024-02-04
1940;49263;100049263;Secure;3726;Gold;3726;25;2025-10-01
1941;49314;100049314;Gold;526;Secure;526;75;2024-02-29
1942;49323;100049323;Equities;1426;Sama;1426;75;2024-05-15
1943;49332;100049332;EGX30 ETF;2052;USD Growth Saver;2052;50;2024-09-10
1944;49365;100049365;Money Market;2303;Sama;2303;25;2024-08-06
1945;49428;100049428;Sama;1713;Money Market;1713;50;2024-08-18
1946;49439;100049439;Money Market;1810;USD Growth Saver;1810;100;2024-05-13
1947;49445;100049445;Gold;3044;Al Safwa;3044;50;2024-03-08
1948;49446;100049446;Gold;932;Dollar Saver;932;25;2024-07-12
1949;49450;100049450;Sama;1162;Secure;1162;100;2024-09-05
1950;49452;100049452;Active;2961;Money Market;2961;50;2025-01-30
1951;49493;100049493;Al Safwa;2677;Equities;2677;25;2025-11-12
1952;49509;100049509;Gold;1809;Gold;1809;50;2025-06-02
1953;49524;100049524;Growth;1425;EGP AXA10;1425;25;2024-03-10
1954;49537;100049537;Dollar Saver;4228;Dollar Saver;4228;75;2024-05-30
1955;49595;100049595;Equities;1331;USD AXA9;1331;100;2024-09-05
1956;49731;100049731;USD Growth Saver;4661;EGP AXA10;4661;100;2025-04-26
1957;49622;100049622;Money Market;4156;Diversified;4156;50;2024-02-08
1958;49629;100049629;USD Growth Saver;1567;Diversified;1567;25;2025-12-07
1959;49663;100049663;Equities;7777;Equities;7777;75;2024-05-17
1960;49670;100049670;Active;2132;EGX30 ETF;2132;75;2024-06-18
1961;49704;100049704;USD AXA9;3621;Growth;3621;75;2024-11-12
1962;49716;100049716;Sama;2975;Dollar Saver;2975;75;2024-04-12
1963;49761;100049761;EGP AXA10;5490;Gold;5490;75;2024-04-24
1964;49796;100049796;Gold;589;Conservative;589;100;2024-07-25
1965;49804;100049804;Money Market;1390;EGX30 ETF;1390;25;2025-08-22
1966;49831;100049831;USD Growth Saver;1972;Gold;1972;100;2025-09-28
1967;49850;100049850;EGP AXA10;2479;Secure;2479;100;2025-12-14
1968;49883;100049883;Equities;1199;EGP AXA10;1199;100;2025-01-06
1969;49888;100049888;Dollar Saver;2681;Gold;2681;75;2024-08-03
1970;49921;100049921;EGP AXA10;775;Al Safwa;775;25;2024-09-19
1971;49944;100049944;USD AXA9;589;EGP AXA10;589;25;2024-12-07
1972;3;100000003;Active;2792;USD AXA9;2792;50;2025-05-03
1973;28;100000028;EGX30 ETF;2992;USD Growth Saver;2992;50;2025-02-07
1974;38;100000038;Conservative;1104;Growth;1104;25;2025-06-25
1975;59;100000059;Gold;4145;Equities;4145;50;2025-07-29
1976;64;100000064;EGX30 ETF;2764;Money Market;2764;75;2025-02-01
1977;136;100000136;Money Market;622;Secure;622;75;2024-12-02
1978;140;100000140;Secure;1268;Dollar Saver;1268;100;2024-02-22
1979;171;100000171;EGP AXA10;1068;EGX30 ETF;1068;100;2025-03-11
1980;178;100000178;Equities;1576;Secure;1576;50;2024-04-19
1981;181;100000181;Sama;2490;Dollar Saver;2490;100;2024-09-28
1982;194;100000194;Gold;585;Equities;585;25;2025-12-19
1983;241;100000241;Conservative;450;Conservative;450;25;2024-08-10
1984;294;100000294;Sama;3812;EGX30 ETF;3812;100;2025-05-18
1985;277;100000277;USD Growth Saver;1812;Growth;1812;25;2024-07-18
1986;281;100000281;Sama;403;Conservative;403;75;2025-08-26
1987;302;100000302;Diversified;2000;Active;2000;75;2025-09-10
1988;341;100000341;Gold;3406;Growth;3406;50;2024-09-12
1989;386;100000386;Secure;110;EGP AXA10;110;25;2024-03-15
1990;414;100000414;Al Safwa;2578;Money Market;2578;50;2025-06-30
1991;438;100000438;USD AXA9;502;USD AXA9;502;100;2025-12-25
1992;452;100000452;Al Safwa;1933;Conservative;1933;50;2025-11-30
1993;508;100000508;Growth;3970;EGX30 ETF;3970;25;2025-01-26
1994;534;100000534;Al Safwa;1938;Al Safwa;1938;50;2025-10-08
1995;547;100000547;Sama;1748;EGX30 ETF;1748;25;2025-10-22
1996;551;100000551;Active;3235;USD Growth Saver;3235;100;2024-06-12
1997;561;100000561;Dollar Saver;2499;Growth;2499;75;2025-11-27
1998;584;100000584;USD Growth Saver;757;Sama;757;100;2024-04-28
1999;594;100000594;Equities;1163;Secure;1163;100;2024-11-05
2000;654;100000654;EGP AXA10;1715;Sama;1715;100;2025-01-20
2001;671;100000671;USD AXA9;1282;USD Growth Saver;1282;75;2025-11-09
2002;693;100000693;EGX30 ETF;1884;Gold;1884;25;2024-07-18
2003;694;100000694;Dollar Saver;4038;Gold;4038;75;2024-11-01
2004;717;100000717;Secure;2366;Money Market;2366;25;2024-06-03
2005;736;100000736;EGP AXA10;2278;Al Safwa;2278;25;2024-06-23
2006;754;100000754;EGX30 ETF;1985;Active;1985;25;2024-10-14
2007;762;100000762;EGP AXA10;2298;USD Growth Saver;2298;100;2025-04-19
2008;805;100000805;Al Safwa;3715;USD AXA9;3715;75;2025-06-22
2009;871;100000871;Dollar Saver;2126;Secure;2126;50;2025-04-14
2010;881;100000881;USD AXA9;5242;Active;5242;25;2024-09-23
2011;899;100000899;Gold;2041;EGP AXA10;2041;100;2024-02-10
2012;907;100000907;USD AXA9;1000;USD AXA9;1000;100;2025-02-22
2013;913;100000913;Sama;1721;Secure;1721;25;2025-01-13
2014;953;100000953;Sama;5596;Money Market;5596;25;2024-08-07
2015;974;100000974;Growth;1084;Gold;1084;100;2025-08-21
2016;1059;100001059;EGP AXA10;743;Money Market;743;100;2024-11-02
2017;1062;100001062;EGP AXA10;3140;Gold;3140;25;2025-07-06
2018;1094;100001094;Diversified;3018;Sama;3018;25;2025-07-15
2019;1135;100001135;EGP AXA10;1741;Growth;1741;75;2025-08-12
2020;1179;100001179;Active;3520;USD Growth Saver;3520;25;2024-08-16
2021;1203;100001203;Money Market;2190;Active;2190;25;2024-06-22
2022;1232;100001232;Gold;512;Growth;512;50;2024-05-08
2023;1242;100001242;Equities;2949;Gold;2949;75;2024-11-22
2024;1250;100001250;Money Market;646;Sama;646;75;2024-05-23
2025;1253;100001253;USD AXA9;1958;Equities;1958;50;2025-12-06
2026;1264;100001264;Al Safwa;835;Diversified;835;75;2024-06-13
2027;1284;100001284;USD Growth Saver;2416;Growth;2416;75;2025-12-27
2028;1301;100001301;Dollar Saver;1107;Active;1107;25;2024-06-30
2029;1320;100001320;Conservative;1087;Dollar Saver;1087;50;2025-02-07
2030;1330;100001330;Secure;424;Growth;424;50;2025-04-12
2031;1359;100001359;Gold;1921;Growth;1921;25;2025-11-10
2032;1365;100001365;EGX30 ETF;2768;Dollar Saver;2768;50;2025-01-02
2033;1366;100001366;EGX30 ETF;3702;USD AXA9;3702;25;2025-12-11
2034;1384;100001384;EGX30 ETF;5000;EGX30 ETF;5000;25;2025-10-26
2035;1396;100001396;Growth;1814;Money Market;1814;100;2024-10-21
2036;1402;100001402;Dollar Saver;528;Secure;528;75;2024-06-09
2037;1453;100001453;Dollar Saver;1268;Al Safwa;1268;25;2025-10-21
2038;1461;100001461;Al Safwa;574;Money Market;574;100;2025-03-02
2039;1465;100001465;Active;5660;USD AXA9;5660;75;2024-06-28
2040;1478;100001478;Equities;3011;USD AXA9;3011;25;2024-07-28
2041;1491;100001491;Secure;1357;Conservative;1357;100;2024-04-27
2042;1558;100001558;EGP AXA10;335;Conservative;335;50;2024-05-18
2043;1582;100001582;Growth;1380;Growth;1380;50;2025-10-16
2044;1642;100001642;Conservative;1630;Equities;1630;100;2024-09-18
2045;1651;100001651;Secure;253;Equities;253;50;2024-06-03
2046;1656;100001656;Diversified;2201;Dollar Saver;2201;25;2024-05-28
2047;1685;100001685;Conservative;339;Sama;339;75;2024-03-07
2048;1692;100001692;Growth;1392;Conservative;1392;50;2025-04-25
2049;1706;100001706;Equities;1930;Money Market;1930;25;2024-11-02
2050;1781;100001781;Conservative;3524;Al Safwa;3524;75;2025-11-23
2051;1787;100001787;EGP AXA10;1846;Gold;1846;25;2024-07-05
2052;1790;100001790;Growth;1666;Gold;1666;100;2025-12-02
2053;1791;100001791;Diversified;3931;Growth;3931;50;2025-03-28
2054;1798;100001798;USD Growth Saver;1352;Dollar Saver;1352;25;2024-05-10
2055;1799;100001799;Money Market;1494;Secure;1494;100;2024-06-11
2056;1809;100001809;Growth;1945;Dollar Saver;1945;75;2025-08-16
2057;1874;100001874;EGP AXA10;412;EGX30 ETF;412;100;2024-02-27
2058;1883;100001883;Al Safwa;7268;Active;7268;50;2024-07-08
2059;1894;100001894;Al Safwa;3897;Dollar Saver;3897;50;2025-06-14
2060;1937;100001937;Sama;1132;Gold;1132;75;2024-06-13
2061;1944;100001944;Equities;1153;Dollar Saver;1153;50;2025-07-15
2062;1986;100001986;Sama;1554;Money Market;1554;25;2024-06-15
2063;2033;100002033;Equities;1253;Active;1253;100;2025-07-26
2064;2035;100002035;Equities;795;Conservative;795;25;2025-03-23
2065;2103;100002103;Dollar Saver;2644;USD Growth Saver;2644;75;2025-06-23
2066;2150;100002150;Equities;906;Secure;906;75;2024-06-18
2067;2157;100002157;Diversified;1054;Diversified;1054;50;2024-08-17
2068;2175;100002175;Sama;2998;Equities;2998;50;2025-05-15
2069;2193;100002193;Al Safwa;2388;Sama;2388;100;2025-12-13
2070;2228;100002228;Diversified;1097;Gold;1097;75;2024-10-10
2071;2256;100002256;USD AXA9;2253;Equities;2253;25;2024-07-21
2072;2278;100002278;USD AXA9;547;USD AXA9;547;75;2024-08-01
2073;2288;100002288;USD AXA9;2047;USD Growth Saver;2047;100;2025-08-03
2074;2774;100002774;USD AXA9;1563;USD AXA9;1563;100;2024-11-29
2075;2338;100002338;Secure;2359;Money Market;2359;75;2024-08-03
2076;2367;100002367;Active;1781;Dollar Saver;1781;100;2024-03-01
2077;2425;100002425;USD Growth Saver;2223;USD Growth Saver;2223;50;2025-10-31
2078;2430;100002430;Secure;4445;Conservative;4445;100;2025-12-24
2079;2437;100002437;Conservative;656;EGX30 ETF;656;100;2024-06-15
2080;2493;100002493;USD Growth Saver;1768;Secure;1768;75;2024-09-10
2081;2516;100002516;Active;2019;Al Safwa;2019;50;2025-11-15
2082;2554;100002554;Diversified;1278;Sama;1278;25;2024-07-11
2083;2567;100002567;Sama;2249;Al Safwa;2249;25;2025-06-15
2084;2593;100002593;Secure;1597;USD AXA9;1597;75;2024-04-01
2085;2633;100002633;Active;1430;Money Market;1430;50;2025-02-08
2086;2651;100002651;Sama;2034;Money Market;2034;25;2024-09-25
2087;2683;100002683;Growth;1034;USD AXA9;1034;75;2025-11-28
2088;2700;100002700;Sama;1522;Conservative;1522;50;2025-01-28
2089;2770;100002770;EGX30 ETF;4450;Sama;4450;25;2025-11-26
2090;2806;100002806;Diversified;1623;Sama;1623;25;2025-01-31
2091;2853;100002853;Diversified;2331;Conservative;2331;25;2025-01-06
2092;2861;100002861;USD Growth Saver;262;Dollar Saver;262;100;2024-08-08
2093;2867;100002867;Diversified;1273;EGX30 ETF;1273;50;2025-04-29
2094;2910;100002910;Equities;2184;Sama;2184;75;2024-06-23
2095;2955;100002955;Equities;590;EGP AXA10;590;100;2024-09-15
2096;2981;100002981;Diversified;584;Money Market;584;100;2024-06-22
2097;3048;100003048;Growth;1081;Gold;1081;75;2025-06-11
2098;3065;100003065;EGP AXA10;1678;USD AXA9;1678;75;2024-04-30
2099;3069;100003069;Al Safwa;1170;USD AXA9;1170;100;2024-04-19
2100;3078;100003078;Al Safwa;3025;Sama;3025;25;2025-08-13
2101;3080;100003080;Dollar Saver;414;EGP AXA10;414;50;2024-06-12
2102;3090;100003090;Sama;1738;Sama;1738;100;2024-09-08
2103;3093;100003093;Secure;567;Al Safwa;567;100;2024-08-20
2104;3111;100003111;Conservative;1965;USD AXA9;1965;25;2024-04-08
2105;3123;100003123;USD Growth Saver;1760;EGP AXA10;1760;75;2025-02-01
2106;3199;100003199;Gold;1348;Dollar Saver;1348;50;2025-07-01
2107;3227;100003227;EGX30 ETF;3340;Secure;3340;50;2025-08-04
2108;3240;100003240;Gold;3285;Growth;3285;100;2025-10-26
2109;3242;100003242;EGP AXA10;4485;Equities;4485;100;2024-07-03
2110;3245;100003245;USD Growth Saver;2642;Growth;2642;75;2024-10-23
2111;3283;100003283;Money Market;1534;Secure;1534;75;2025-10-14
2112;3286;100003286;USD Growth Saver;1060;Sama;1060;75;2025-07-19
2113;3296;100003296;EGX30 ETF;2782;Sama;2782;100;2024-11-01
2114;3297;100003297;Secure;2478;Growth;2478;100;2024-11-16
2115;3329;100003329;Active;1618;Dollar Saver;1618;25;2025-12-26
2116;3344;100003344;EGP AXA10;1919;Al Safwa;1919;75;2024-12-24
2117;3374;100003374;USD Growth Saver;2503;Active;2503;100;2025-07-20
2118;3394;100003394;Al Safwa;2091;Active;2091;25;2025-09-20
2119;3399;100003399;Gold;1100;EGP AXA10;1100;75;2025-01-03
2120;3408;100003408;Dollar Saver;2616;Sama;2616;100;2024-10-03
2121;3422;100003422;Money Market;1748;Secure;1748;100;2025-12-07
2122;3459;100003459;Secure;4348;Active;4348;50;2025-06-15
2123;3475;100003475;Growth;4694;Secure;4694;50;2024-04-18
2124;3533;100003533;Growth;4740;Sama;4740;75;2025-08-02
2125;3536;100003536;Sama;1335;USD AXA9;1335;50;2025-05-20
2126;3560;100003560;EGX30 ETF;1885;Sama;1885;100;2025-01-14
2127;3572;100003572;Growth;851;Equities;851;25;2024-02-09
2128;3605;100003605;Active;4822;USD AXA9;4822;75;2025-09-11
2129;3615;100003615;Active;2998;Sama;2998;50;2025-02-03
2130;3624;100003624;Secure;1322;Equities;1322;50;2024-07-13
2131;3670;100003670;Active;3178;Gold;3178;50;2025-09-07
2132;3695;100003695;Diversified;1329;Secure;1329;25;2025-05-29
2133;3725;100003725;Secure;444;USD AXA9;444;50;2025-07-25
2134;3737;100003737;Gold;1585;USD Growth Saver;1585;100;2025-07-23
2135;3763;100003763;Active;1771;Equities;1771;100;2024-06-27
2136;3769;100003769;EGP AXA10;2404;Sama;2404;50;2024-03-10
2137;3825;100003825;Conservative;63;Gold;63;75;2025-11-02
2138;3928;100003928;Conservative;2292;Growth;2292;25;2024-10-29
2139;3856;100003856;USD Growth Saver;2415;Gold;2415;25;2024-03-01
2140;3870;100003870;Gold;1373;Money Market;1373;100;2024-08-12
2141;3926;100003926;Al Safwa;2738;Sama;2738;75;2024-04-04
2142;3942;100003942;EGP AXA10;1581;Sama;1581;25;2024-12-25
2143;3986;100003986;EGX30 ETF;4629;Growth;4629;75;2024-07-02
2144;3992;100003992;Gold;2407;Sama;2407;50;2024-03-24
2145;4056;100004056;Gold;1888;Growth;1888;25;2024-03-08
2146;4097;100004097;EGX30 ETF;430;Active;430;25;2024-08-22
2147;4101;100004101;Active;1534;Diversified;1534;100;2024-07-17
2148;4274;100004274;Conservative;1258;Dollar Saver;1258;100;2024-03-28
2149;4276;100004276;Conservative;588;Secure;588;25;2025-10-21
2150;4277;100004277;Secure;2392;Dollar Saver;2392;50;2025-10-17
2151;4292;100004292;USD AXA9;1527;Diversified;1527;25;2024-03-14
2152;4335;100004335;EGP AXA10;1850;Sama;1850;100;2025-03-11
2153;8598;100008598;Equities;218;USD Growth Saver;218;100;2024-08-01
2154;4357;100004357;USD Growth Saver;1411;Equities;1411;75;2024-11-03
2155;4389;100004389;Gold;3297;EGX30 ETF;3297;75;2025-10-12
2156;4430;100004430;EGP AXA10;4502;Conservative;4502;100;2025-11-10
2157;4453;100004453;USD Growth Saver;1593;Growth;1593;50;2024-12-22
2158;4473;100004473;USD Growth Saver;1014;Active;1014;50;2025-10-21
2159;4529;100004529;Money Market;1547;Dollar Saver;1547;75;2025-05-19
2160;4537;100004537;Active;1566;USD AXA9;1566;75;2024-08-17
2161;4556;100004556;Al Safwa;926;Conservative;926;50;2025-01-30
2162;4567;100004567;Money Market;862;Secure;862;25;2025-09-27
2163;4689;100004689;Conservative;844;EGP AXA10;844;25;2025-01-25
2164;4625;100004625;Al Safwa;3215;Gold;3215;75;2024-09-06
2165;4670;100004670;Sama;938;EGX30 ETF;938;75;2025-07-13
2166;4681;100004681;Sama;1203;Sama;1203;50;2025-12-15
2167;4697;100004697;Equities;2160;Dollar Saver;2160;100;2025-03-31
2168;4755;100004755;EGX30 ETF;217;Equities;217;100;2024-07-29
2169;4782;100004782;USD Growth Saver;850;EGX30 ETF;850;50;2024-03-02
2170;4815;100004815;EGP AXA10;3047;Al Safwa;3047;75;2025-10-06
2171;4824;100004824;USD AXA9;1549;Equities;1549;50;2025-11-06
2172;4841;100004841;Diversified;586;USD Growth Saver;586;100;2024-06-02
2173;4851;100004851;Equities;837;Growth;837;100;2024-07-26
2174;4862;100004862;EGX30 ETF;1086;Dollar Saver;1086;100;2025-09-25
2175;4866;100004866;Al Safwa;1246;Conservative;1246;100;2025-10-23
2176;4935;100004935;Money Market;560;Money Market;560;25;2024-07-05
2177;4940;100004940;Diversified;645;Gold;645;25;2024-10-19
2178;4964;100004964;Money Market;335;Equities;335;100;2025-06-28
2179;5004;100005004;Diversified;582;Secure;582;100;2025-06-21
2180;5009;100005009;Growth;2189;USD Growth Saver;2189;100;2024-10-30
2181;5010;100005010;USD AXA9;2626;EGX30 ETF;2626;100;2024-06-15
2182;5040;100005040;Conservative;917;Conservative;917;25;2025-12-19
2183;5064;100005064;Money Market;1489;Al Safwa;1489;100;2024-02-05
2184;5073;100005073;Conservative;4727;Al Safwa;4727;25;2025-04-09
2185;5104;100005104;EGX30 ETF;1354;Conservative;1354;100;2024-06-17
2186;5108;100005108;Al Safwa;2539;Money Market;2539;50;2025-02-08
2187;5163;100005163;EGX30 ETF;5033;Al Safwa;5033;50;2025-01-25
2188;5182;100005182;Secure;878;EGP AXA10;878;100;2025-02-28
2189;5184;100005184;Conservative;3580;Active;3580;75;2025-02-21
2190;5187;100005187;EGX30 ETF;1431;Sama;1431;50;2024-08-19
2191;5201;100005201;Equities;1759;Secure;1759;50;2024-09-13
2192;5304;100005304;Dollar Saver;559;Al Safwa;559;100;2025-04-07
2193;5381;100005381;Conservative;2140;Gold;2140;25;2024-07-28
2194;5386;100005386;USD Growth Saver;2774;Secure;2774;100;2025-03-17
2195;5401;100005401;Gold;1379;Gold;1379;50;2025-02-25
2196;5404;100005404;Growth;3082;Diversified;3082;100;2025-11-09
2197;5446;100005446;Sama;1666;Growth;1666;25;2025-11-22
2198;5447;100005447;Growth;2406;Gold;2406;75;2025-07-26
2199;5457;100005457;Sama;1947;USD Growth Saver;1947;75;2024-05-03
2200;5488;100005488;EGX30 ETF;1516;EGX30 ETF;1516;100;2025-11-28
2201;5499;100005499;USD AXA9;701;Conservative;701;75;2024-12-01
2202;5589;100005589;Gold;3672;Growth;3672;25;2024-03-06
2203;5602;100005602;EGX30 ETF;1841;EGP AXA10;1841;100;2025-03-21
2204;5641;100005641;Conservative;2516;Al Safwa;2516;50;2024-12-17
2205;5658;100005658;Dollar Saver;804;EGX30 ETF;804;25;2025-06-29
2206;5660;100005660;Secure;1931;Diversified;1931;100;2025-09-20
2207;5661;100005661;USD AXA9;904;Conservative;904;25;2025-02-22
2208;5724;100005724;Dollar Saver;1380;USD AXA9;1380;100;2024-10-26
2209;5758;100005758;Gold;2647;Equities;2647;50;2024-04-10
2210;5776;100005776;Al Safwa;2869;Gold;2869;50;2025-04-12
2211;5819;100005819;USD Growth Saver;1855;USD AXA9;1855;50;2025-06-03
2212;5825;100005825;EGP AXA10;2265;Al Safwa;2265;50;2024-10-16
2213;5879;100005879;Diversified;1420;Al Safwa;1420;75;2024-06-21
2214;5930;100005930;Conservative;2540;Sama;2540;50;2025-10-10
2215;5942;100005942;Money Market;1308;EGX30 ETF;1308;100;2025-03-25
2216;5999;100005999;Growth;1197;Money Market;1197;75;2024-10-24
2217;6033;100006033;Diversified;1690;Al Safwa;1690;100;2024-05-05
2218;6076;100006076;Secure;4130;EGX30 ETF;4130;50;2025-06-15
2219;6098;100006098;Equities;633;USD Growth Saver;633;75;2024-08-01
2220;6122;100006122;USD Growth Saver;975;Equities;975;100;2024-04-18
2221;6198;100006198;Gold;3263;Sama;3263;100;2025-11-26
2222;6210;100006210;USD Growth Saver;3910;Growth;3910;50;2024-02-18
2223;6215;100006215;Gold;649;Conservative;649;50;2024-07-16
2224;6221;100006221;EGX30 ETF;1684;Growth;1684;100;2024-10-30
2225;6235;100006235;USD Growth Saver;442;Conservative;442;100;2024-10-25
2226;6243;100006243;EGP AXA10;5604;Growth;5604;75;2024-05-20
2227;6244;100006244;Growth;3537;Secure;3537;75;2025-08-10
2228;6274;100006274;USD AXA9;2491;Secure;2491;100;2025-01-03
2229;6284;100006284;Dollar Saver;736;Conservative;736;25;2025-05-23
2230;6301;100006301;EGX30 ETF;4105;EGP AXA10;4105;100;2024-05-14
2231;6320;100006320;Equities;3987;EGX30 ETF;3987;50;2025-02-07
2232;6338;100006338;EGX30 ETF;1394;Sama;1394;100;2024-07-19
2233;6353;100006353;EGX30 ETF;4014;Secure;4014;50;2024-07-04
2234;6356;100006356;Al Safwa;112;Dollar Saver;112;25;2025-10-05
2235;6377;100006377;Diversified;2486;Secure;2486;75;2025-07-12
2236;6398;100006398;USD Growth Saver;2295;USD AXA9;2295;100;2025-01-13
2237;6429;100006429;Money Market;429;Gold;429;25;2025-10-09
2238;6473;100006473;Equities;658;Al Safwa;658;25;2024-12-09
2239;6500;100006500;Equities;3178;Secure;3178;50;2024-10-17
2240;6506;100006506;Conservative;1799;Sama;1799;25;2024-05-18
2241;6531;100006531;Gold;2639;Gold;2639;100;2024-08-04
2242;6578;100006578;Secure;1890;Diversified;1890;25;2025-05-07
2243;6588;100006588;Dollar Saver;1051;Money Market;1051;50;2024-08-05
2244;6606;100006606;Equities;3712;Al Safwa;3712;100;2025-03-18
2245;6618;100006618;Sama;1842;Diversified;1842;25;2025-01-02
2246;6632;100006632;Conservative;1293;EGP AXA10;1293;50;2024-12-09
2247;6693;100006693;Growth;1892;Secure;1892;25;2025-03-23
2248;6711;100006711;USD AXA9;1151;Al Safwa;1151;100;2025-08-09
2249;6761;100006761;Sama;3508;Dollar Saver;3508;50;2025-05-27
2250;6788;100006788;Gold;2590;Equities;2590;50;2025-11-19
2251;6806;100006806;Growth;2593;Conservative;2593;75;2025-07-12
2252;6813;100006813;Sama;2496;Active;2496;75;2025-09-27
2253;6823;100006823;Dollar Saver;4805;Equities;4805;75;2024-12-02
2254;6825;100006825;Active;1045;Equities;1045;50;2025-05-23
2255;6827;100006827;EGX30 ETF;2063;Conservative;2063;50;2025-02-16
2256;6858;100006858;Money Market;819;Active;819;100;2024-03-07
2257;6878;100006878;Money Market;337;USD Growth Saver;337;75;2025-07-20
2258;6900;100006900;Growth;3829;Active;3829;50;2025-02-23
2259;6928;100006928;Equities;2215;Equities;2215;75;2025-12-07
2260;6947;100006947;Growth;198;Active;198;100;2024-08-10
2261;6965;100006965;Diversified;2730;USD Growth Saver;2730;50;2024-07-29
2262;6986;100006986;USD Growth Saver;3034;USD Growth Saver;3034;75;2024-04-23
2263;6999;100006999;Secure;2538;USD Growth Saver;2538;100;2025-10-08
2264;7012;100007012;Active;1669;Money Market;1669;25;2024-06-26
2265;7014;100007014;EGX30 ETF;442;Active;442;100;2024-08-15
2266;7022;100007022;USD AXA9;3245;Diversified;3245;50;2025-03-09
2267;7048;100007048;Equities;919;Dollar Saver;919;100;2024-09-06
2268;7053;100007053;Conservative;979;EGP AXA10;979;50;2024-05-01
2269;7092;100007092;Growth;3530;USD Growth Saver;3530;25;2024-10-03
2270;7122;100007122;Growth;3683;Dollar Saver;3683;75;2025-04-07
2271;7165;100007165;Conservative;4098;Al Safwa;4098;25;2025-12-08
2272;7176;100007176;Sama;2545;Sama;2545;25;2024-07-11
2273;7209;100007209;EGP AXA10;2184;Al Safwa;2184;25;2025-07-28
2274;7228;100007228;EGX30 ETF;4675;USD Growth Saver;4675;25;2024-04-14
2275;7231;100007231;Gold;816;Sama;816;25;2025-12-25
2276;7238;100007238;Dollar Saver;1785;Money Market;1785;50;2025-10-25
2277;7243;100007243;Dollar Saver;552;Secure;552;50;2024-05-01
2278;7247;100007247;Gold;3136;Secure;3136;100;2024-07-17
2279;7328;100007328;Secure;930;EGP AXA10;930;50;2024-03-01
2280;7399;100007399;Secure;1856;Conservative;1856;25;2024-06-16
2281;7445;100007445;Diversified;2429;EGX30 ETF;2429;100;2025-08-19
2282;7446;100007446;Active;3104;Secure;3104;50;2025-07-08
2283;7518;100007518;Secure;996;Conservative;996;100;2025-10-31
2284;7537;100007537;Secure;975;Secure;975;100;2025-02-27
2285;7557;100007557;Equities;1401;Sama;1401;50;2025-04-16
2286;7608;100007608;USD Growth Saver;394;Gold;394;100;2024-06-06
2287;7628;100007628;EGP AXA10;1414;USD AXA9;1414;50;2025-10-01
2288;7675;100007675;Sama;1685;Diversified;1685;50;2025-06-06
2289;7683;100007683;Diversified;2092;USD Growth Saver;2092;25;2024-12-28
2290;7725;100007725;USD Growth Saver;5279;Conservative;5279;75;2025-11-25
2291;7734;100007734;USD Growth Saver;1440;Conservative;1440;25;2024-04-16
2292;7746;100007746;Conservative;2035;Growth;2035;50;2025-05-30
2293;7829;100007829;EGX30 ETF;4101;Gold;4101;75;2025-04-27
2294;7872;100007872;Secure;4343;Dollar Saver;4343;50;2025-08-15
2295;7878;100007878;EGX30 ETF;1456;USD AXA9;1456;50;2025-03-08
2296;7952;100007952;Gold;793;USD AXA9;793;100;2025-04-21
2297;7961;100007961;Diversified;2880;Money Market;2880;100;2025-03-20
2298;7980;100007980;Gold;1726;Equities;1726;25;2025-12-18
2299;7996;100007996;Gold;1156;Al Safwa;1156;25;2025-07-27
2300;8050;100008050;EGX30 ETF;1051;Secure;1051;50;2025-09-19
2301;8052;100008052;Equities;3252;Diversified;3252;100;2025-01-01
2302;8098;100008098;Money Market;1793;Equities;1793;100;2025-10-11
2303;8115;100008115;EGX30 ETF;1516;Diversified;1516;75;2024-12-23
2304;8130;100008130;Conservative;1320;EGX30 ETF;1320;25;2024-07-17
2305;8148;100008148;Diversified;2086;Sama;2086;100;2024-09-23
2306;8224;100008224;Al Safwa;814;Al Safwa;814;100;2024-03-26
2307;8252;100008252;Diversified;3968;Sama;3968;50;2025-04-21
2308;8265;100008265;Equities;3455;EGX30 ETF;3455;50;2024-09-13
2309;8272;100008272;Equities;5482;Equities;5482;25;2024-11-06
2310;8288;100008288;Sama;1743;EGP AXA10;1743;25;2025-02-22
2311;8351;100008351;Active;374;Diversified;374;100;2024-04-15
2312;8373;100008373;Diversified;2141;Secure;2141;25;2024-02-07
2313;8417;100008417;Conservative;218;Conservative;218;25;2025-09-19
2314;8454;100008454;Secure;2906;USD Growth Saver;2906;50;2024-05-03
2315;8458;100008458;EGP AXA10;1184;Al Safwa;1184;75;2025-09-26
2316;8463;100008463;EGX30 ETF;743;Secure;743;25;2025-07-21
2317;8499;100008499;Sama;3628;Equities;3628;100;2025-05-21
2318;8510;100008510;Secure;1052;Gold;1052;50;2025-10-12
2319;8522;100008522;EGP AXA10;419;EGP AXA10;419;50;2024-07-05
2320;8539;100008539;Gold;889;EGP AXA10;889;100;2024-05-13
2321;8543;100008543;Gold;1394;Equities;1394;50;2025-10-03
2322;8547;100008547;Active;3311;Sama;3311;75;2024-12-28
2323;8565;100008565;Active;810;Growth;810;50;2024-11-05
2324;8567;100008567;Sama;1493;Dollar Saver;1493;25;2024-02-23
2325;8588;100008588;EGP AXA10;4274;EGP AXA10;4274;25;2025-08-21
2326;8610;100008610;Gold;2086;Conservative;2086;100;2025-05-16
2327;8657;100008657;USD AXA9;3619;Al Safwa;3619;100;2024-03-20
2328;8674;100008674;Secure;1755;Growth;1755;100;2025-11-27
2329;8677;100008677;Diversified;2781;Growth;2781;75;2024-07-10
2330;8679;100008679;EGP AXA10;3886;Gold;3886;75;2025-07-10
2331;8680;100008680;EGX30 ETF;1472;Secure;1472;75;2024-02-01
2332;8686;100008686;Al Safwa;1843;Growth;1843;25;2025-05-08
2333;8695;100008695;Diversified;2253;EGP AXA10;2253;25;2025-10-23
2334;8737;100008737;Money Market;6878;Dollar Saver;6878;75;2025-03-03
2335;8769;100008769;Sama;768;Active;768;50;2025-05-01
2336;8790;100008790;Money Market;416;Active;416;25;2024-06-26
2337;8807;100008807;Secure;951;EGP AXA10;951;75;2025-11-22
2338;8827;100008827;USD AXA9;2980;Secure;2980;100;2025-06-28
2339;8849;100008849;Gold;1273;Equities;1273;75;2025-05-13
2340;8850;100008850;Diversified;873;USD AXA9;873;50;2024-12-31
2341;8856;100008856;USD Growth Saver;4154;EGP AXA10;4154;100;2024-09-21
2342;8941;100008941;Equities;824;Equities;824;75;2024-05-18
2343;8947;100008947;Active;5439;USD Growth Saver;5439;100;2024-07-04
2344;8986;100008986;USD Growth Saver;625;Sama;625;100;2025-10-07
2345;9009;100009009;EGX30 ETF;1510;Diversified;1510;25;2024-12-05
2346;9012;100009012;Secure;2403;Money Market;2403;100;2025-09-04
2347;9044;100009044;Growth;2439;Active;2439;100;2024-09-15
2348;9045;100009045;EGX30 ETF;1231;Equities;1231;50;2024-11-17
2349;9064;100009064;EGX30 ETF;1398;Active;1398;75;2025-01-13
2350;9072;100009072;EGP AXA10;1159;Growth;1159;50;2025-01-02
2351;9081;100009081;Money Market;2528;Diversified;2528;75;2025-10-28
2352;9091;100009091;Money Market;1936;Active;1936;50;2024-10-31
2353;9139;100009139;Sama;2932;EGP AXA10;2932;25;2025-05-07
2354;9157;100009157;USD Growth Saver;4025;USD Growth Saver;4025;25;2025-07-09
2355;9164;100009164;Conservative;2872;Al Safwa;2872;25;2024-06-16
2356;9189;100009189;Gold;2205;EGP AXA10;2205;75;2024-05-15
2357;9203;100009203;Sama;353;EGP AXA10;353;50;2025-10-25
2358;9206;100009206;Conservative;745;Al Safwa;745;75;2025-09-17
2359;9278;100009278;Money Market;4625;Gold;4625;50;2025-02-27
2360;9280;100009280;EGX30 ETF;500;USD Growth Saver;500;75;2024-10-16
2361;9283;100009283;Money Market;1398;Growth;1398;50;2024-11-01
2362;9339;100009339;USD Growth Saver;2448;Money Market;2448;50;2025-12-13
2363;9358;100009358;Al Safwa;1797;Sama;1797;75;2025-05-26
2364;9393;100009393;Growth;3419;EGP AXA10;3419;100;2025-04-24
2365;9399;100009399;Money Market;293;USD AXA9;293;25;2025-04-08
2366;9407;100009407;Equities;1536;Active;1536;25;2024-06-12
2367;9414;100009414;Conservative;4182;EGP AXA10;4182;75;2024-03-24
2368;9416;100009416;EGP AXA10;3533;Growth;3533;25;2025-08-04
2369;9431;100009431;USD Growth Saver;3485;Equities;3485;75;2025-12-20
2370;9434;100009434;Secure;2352;Active;2352;25;2024-08-04
2371;9437;100009437;Dollar Saver;2060;Dollar Saver;2060;75;2024-10-02
2372;9447;100009447;Conservative;3678;Gold;3678;75;2025-02-25
2373;9480;100009480;Al Safwa;403;Diversified;403;100;2024-04-18
2374;9482;100009482;Sama;871;USD Growth Saver;871;75;2024-09-22
2375;9503;100009503;Dollar Saver;2574;EGP AXA10;2574;50;2024-12-03
2376;9522;100009522;Gold;3051;Conservative;3051;75;2025-09-30
2377;9523;100009523;USD Growth Saver;1253;Al Safwa;1253;75;2024-07-24
2378;9533;100009533;Sama;595;Growth;595;50;2025-04-19
2379;9560;100009560;Gold;5247;EGP AXA10;5247;25;2025-09-05
2380;9593;100009593;Secure;1011;Conservative;1011;75;2025-12-14
2381;9648;100009648;EGX30 ETF;1050;EGX30 ETF;1050;50;2025-07-22
2382;9661;100009661;EGX30 ETF;2971;Sama;2971;50;2025-11-06
2383;9697;100009697;USD Growth Saver;870;Al Safwa;870;75;2025-06-09
2384;9741;100009741;Diversified;792;Secure;792;100;2024-05-31
2385;9764;100009764;Growth;748;Gold;748;50;2025-03-30
2386;9784;100009784;EGP AXA10;3772;Secure;3772;75;2024-07-02
2387;9789;100009789;USD Growth Saver;1752;Sama;1752;25;2024-08-03
2388;9825;100009825;USD AXA9;2863;Growth;2863;50;2024-06-17
2389;9867;100009867;USD AXA9;764;Equities;764;25;2024-09-26
2390;9880;100009880;Growth;698;Al Safwa;698;25;2025-10-24
2391;9894;100009894;Al Safwa;768;USD Growth Saver;768;100;2025-08-01
2392;9900;100009900;Diversified;2753;Dollar Saver;2753;100;2024-02-10
2393;9948;100009948;Gold;3304;Diversified;3304;75;2024-03-08
2394;9987;100009987;EGP AXA10;3185;Secure;3185;100;2025-11-11
2395;10004;100010004;Gold;653;Sama;653;50;2025-03-01
2396;10059;100010059;EGX30 ETF;908;Money Market;908;100;2024-09-10
2397;10087;100010087;Al Safwa;1277;EGP AXA10;1277;100;2025-11-10
2398;10106;100010106;USD Growth Saver;1865;Sama;1865;50;2024-11-18
2399;10149;100010149;USD Growth Saver;2485;Gold;2485;100;2025-04-10
2400;10161;100010161;USD Growth Saver;741;Money Market;741;75;2024-08-25
2401;10165;100010165;Gold;5654;Sama;5654;100;2024-09-18
2402;10172;100010172;USD AXA9;3088;Growth;3088;25;2024-03-31
2403;10173;100010173;Diversified;1610;Money Market;1610;75;2024-07-15
2404;10174;100010174;USD Growth Saver;1774;Sama;1774;100;2025-06-12
2405;10176;100010176;Growth;2817;EGX30 ETF;2817;100;2024-09-14
2406;10212;100010212;USD AXA9;4189;Gold;4189;25;2025-07-26
2407;10231;100010231;EGX30 ETF;200;USD Growth Saver;200;25;2024-11-26
2408;10237;100010237;Al Safwa;4125;Money Market;4125;100;2024-10-25
2409;10275;100010275;USD AXA9;1039;Al Safwa;1039;25;2024-10-20
2410;10278;100010278;Gold;1157;Conservative;1157;75;2024-07-17
2411;10350;100010350;Diversified;1147;USD AXA9;1147;75;2025-02-05
2412;10382;100010382;USD AXA9;2737;Gold;2737;50;2024-09-23
2413;10402;100010402;Al Safwa;1752;Active;1752;25;2024-09-07
2414;10422;100010422;Conservative;2322;EGP AXA10;2322;100;2024-12-29
2415;10481;100010481;Money Market;1198;Equities;1198;25;2025-09-18
2416;10490;100010490;Dollar Saver;1213;Money Market;1213;50;2024-06-07
2417;10543;100010543;Sama;3231;Dollar Saver;3231;50;2025-08-12
2418;10584;100010584;Sama;720;Money Market;720;50;2024-09-16
2419;10586;100010586;Money Market;3023;EGP AXA10;3023;50;2024-02-29
2420;10593;100010593;Money Market;3878;Conservative;3878;25;2025-04-05
2421;10607;100010607;Al Safwa;714;EGX30 ETF;714;100;2024-12-18
2422;10621;100010621;Diversified;2096;Money Market;2096;50;2024-09-21
2423;10635;100010635;EGP AXA10;2684;EGX30 ETF;2684;75;2025-07-20
2424;10644;100010644;Conservative;660;EGX30 ETF;660;75;2025-06-25
2425;10728;100010728;USD Growth Saver;4656;Active;4656;50;2025-08-05
2426;10774;100010774;Money Market;271;USD AXA9;271;50;2025-04-13
2427;10804;100010804;Equities;2220;Gold;2220;25;2025-08-22
2428;10812;100010812;Growth;1168;Money Market;1168;50;2024-08-06
2429;10829;100010829;Conservative;2946;USD AXA9;2946;50;2025-01-17
2430;10844;100010844;EGP AXA10;1256;EGX30 ETF;1256;50;2025-11-06
2431;10857;100010857;USD Growth Saver;1898;Active;1898;25;2024-02-09
2432;10889;100010889;USD Growth Saver;1173;Conservative;1173;25;2025-10-04
2433;10939;100010939;Dollar Saver;3433;Secure;3433;50;2025-07-02
2434;10989;100010989;Secure;574;Conservative;574;50;2024-08-15
2435;10991;100010991;Conservative;229;Dollar Saver;229;25;2024-03-20
2436;11111;100011111;Money Market;2353;Dollar Saver;2353;100;2024-09-26
2437;11139;100011139;Active;2813;Dollar Saver;2813;100;2024-06-22
2438;11158;100011158;Secure;1796;Al Safwa;1796;25;2024-11-02
2439;11171;100011171;EGX30 ETF;1320;Al Safwa;1320;50;2024-03-18
2440;11173;100011173;EGX30 ETF;2905;Active;2905;75;2025-01-31
2441;11181;100011181;Diversified;2251;Diversified;2251;25;2025-09-02
2442;11185;100011185;Dollar Saver;3255;EGP AXA10;3255;50;2024-11-23
2443;11212;100011212;Secure;2868;Diversified;2868;50;2025-09-10
2444;11225;100011225;Dollar Saver;403;Diversified;403;50;2024-09-26
2445;11246;100011246;Conservative;363;USD AXA9;363;75;2025-11-15
2446;11253;100011253;Sama;1147;Dollar Saver;1147;25;2025-06-03
2447;11322;100011322;EGP AXA10;1346;Equities;1346;75;2025-04-02
2448;11350;100011350;Secure;6311;EGP AXA10;6311;75;2024-09-11
2449;11352;100011352;EGX30 ETF;1706;EGX30 ETF;1706;25;2025-06-17
2450;11366;100011366;USD AXA9;3910;Growth;3910;75;2024-07-04
2451;11390;100011390;EGX30 ETF;408;Secure;408;75;2025-05-08
2452;11409;100011409;EGX30 ETF;1209;Active;1209;25;2024-08-08
2453;11414;100011414;Al Safwa;2552;Secure;2552;100;2024-02-05
2454;11517;100011517;EGX30 ETF;1132;Al Safwa;1132;100;2025-05-09
2455;11520;100011520;Equities;960;Money Market;960;75;2025-04-13
2456;11528;100011528;Sama;862;EGX30 ETF;862;75;2024-12-10
2457;11529;100011529;USD AXA9;2315;USD AXA9;2315;100;2024-02-22
2458;11546;100011546;Secure;876;Secure;876;100;2025-10-17
2459;11560;100011560;Equities;3091;Active;3091;25;2025-05-09
2460;11569;100011569;Conservative;2543;Active;2543;75;2024-10-15
2461;11571;100011571;Gold;1003;EGP AXA10;1003;100;2025-11-23
2462;11577;100011577;EGP AXA10;1461;Diversified;1461;100;2025-10-22
2463;12670;100012670;Diversified;3746;Secure;3746;75;2025-01-03
2464;11670;100011670;Equities;514;Growth;514;100;2024-08-15
2465;11709;100011709;Dollar Saver;400;EGX30 ETF;400;100;2025-02-02
2466;11714;100011714;EGP AXA10;5109;USD AXA9;5109;100;2024-04-02
2467;11719;100011719;Sama;1757;USD Growth Saver;1757;75;2024-04-24
2468;11775;100011775;Growth;760;Growth;760;50;2024-04-22
2469;11800;100011800;USD AXA9;1104;USD AXA9;1104;75;2024-03-08
2470;11802;100011802;Secure;2092;Money Market;2092;100;2025-03-23
2471;11838;100011838;Equities;3849;Al Safwa;3849;25;2025-12-03
2472;11847;100011847;Active;2276;Growth;2276;75;2024-08-25
2473;11928;100011928;USD Growth Saver;2406;EGX30 ETF;2406;25;2024-07-05
2474;11937;100011937;USD AXA9;3760;Conservative;3760;75;2025-04-27
2475;11962;100011962;Secure;2060;Al Safwa;2060;25;2024-02-19
2476;12073;100012073;Equities;3478;Gold;3478;75;2024-10-01
2477;12075;100012075;Money Market;713;Active;713;75;2025-01-04
2478;12117;100012117;USD AXA9;621;EGX30 ETF;621;75;2024-08-18
2479;12122;100012122;Gold;998;Al Safwa;998;75;2025-08-24
2480;12138;100012138;Money Market;4614;EGX30 ETF;4614;25;2024-03-12
2481;12202;100012202;Equities;2584;Dollar Saver;2584;75;2024-10-12
2482;12209;100012209;Equities;2542;Al Safwa;2542;75;2025-11-17
2483;12239;100012239;EGP AXA10;441;Equities;441;25;2025-06-07
2484;12243;100012243;Al Safwa;5220;Gold;5220;50;2025-06-14
2485;12245;100012245;Al Safwa;1271;Equities;1271;100;2025-11-21
2486;12281;100012281;USD Growth Saver;1264;USD AXA9;1264;25;2025-03-18
2487;12297;100012297;Conservative;2116;Sama;2116;100;2025-09-06
2488;12304;100012304;Al Safwa;1479;Active;1479;75;2025-04-04
2489;12319;100012319;Active;718;Growth;718;25;2025-10-22
2490;12333;100012333;Money Market;2124;Al Safwa;2124;50;2024-12-19
2491;12364;100012364;EGX30 ETF;1807;Money Market;1807;50;2025-06-21
2492;12375;100012375;Money Market;555;Dollar Saver;555;50;2024-09-06
2493;12427;100012427;EGP AXA10;2825;Equities;2825;50;2024-02-16
2494;12449;100012449;Conservative;1172;Growth;1172;100;2025-05-24
2495;12470;100012470;Equities;1165;Equities;1165;75;2025-07-23
2496;12489;100012489;Gold;2680;EGP AXA10;2680;75;2024-09-08
2497;12501;100012501;Diversified;1483;USD Growth Saver;1483;75;2024-11-08
2498;12589;100012589;Secure;2425;EGX30 ETF;2425;75;2024-10-24
2499;12596;100012596;Growth;7232;Equities;7232;25;2025-06-08
2500;12613;100012613;Al Safwa;3907;EGX30 ETF;3907;25;2024-12-16
2501;12616;100012616;Sama;1743;USD Growth Saver;1743;25;2024-06-11
2502;12757;100012757;USD Growth Saver;539;USD AXA9;539;25;2025-11-17
2503;12617;100012617;Equities;1366;Diversified;1366;50;2024-03-25
2504;12629;100012629;Al Safwa;1737;EGX30 ETF;1737;25;2025-02-06
2505;12631;100012631;Equities;3950;Diversified;3950;50;2024-04-05
2506;12676;100012676;EGX30 ETF;1754;Diversified;1754;50;2024-11-07
2507;12707;100012707;Conservative;3063;Active;3063;50;2025-05-17
2508;12735;100012735;EGP AXA10;2948;Diversified;2948;75;2024-11-15
2509;12891;100012891;EGP AXA10;2004;Money Market;2004;25;2025-08-03
2510;12904;100012904;Secure;3887;USD AXA9;3887;50;2025-07-14
2511;12928;100012928;Diversified;710;USD AXA9;710;75;2025-01-20
2512;12948;100012948;Conservative;731;Active;731;50;2024-11-13
2513;12977;100012977;USD Growth Saver;1706;Equities;1706;75;2024-02-07
2514;13002;100013002;Equities;4898;Active;4898;25;2025-07-20
2515;13009;100013009;Secure;1616;USD AXA9;1616;75;2025-07-20
2516;13028;100013028;Sama;1484;USD Growth Saver;1484;75;2025-07-17
2517;13029;100013029;Conservative;3332;EGP AXA10;3332;75;2025-06-29
2518;13039;100013039;EGP AXA10;719;Money Market;719;50;2024-08-05
2519;13058;100013058;Sama;253;Sama;253;50;2025-12-06
2520;13113;100013113;Secure;3061;Dollar Saver;3061;50;2025-03-11
2521;13140;100013140;Gold;1769;Sama;1769;100;2025-02-08
2522;13149;100013149;Conservative;2558;USD Growth Saver;2558;75;2025-09-03
2523;13179;100013179;Conservative;1486;Active;1486;50;2024-05-25
2524;13182;100013182;Active;1881;Conservative;1881;100;2024-08-23
2525;13186;100013186;Active;3257;Secure;3257;25;2025-09-02
2526;13218;100013218;Sama;824;Growth;824;50;2024-04-20
2527;13221;100013221;EGX30 ETF;415;Growth;415;50;2024-06-13
2528;13246;100013246;Conservative;589;Al Safwa;589;100;2025-10-06
2529;13259;100013259;Growth;4198;Dollar Saver;4198;75;2025-03-06
2530;13261;100013261;Growth;1170;Conservative;1170;75;2024-03-21
2531;13278;100013278;Sama;5023;Sama;5023;25;2024-11-16
2532;13321;100013321;Active;943;Money Market;943;50;2024-02-06
2533;13328;100013328;Growth;642;Secure;642;100;2024-04-18
2534;13391;100013391;Gold;996;Growth;996;50;2025-02-18
2535;13416;100013416;Equities;3741;Active;3741;100;2024-05-21
2536;13499;100013499;Money Market;1900;Growth;1900;75;2025-02-09
2537;13517;100013517;Equities;1185;Conservative;1185;75;2024-08-21
2538;13574;100013574;Equities;1961;Diversified;1961;50;2024-08-23
2539;13597;100013597;EGP AXA10;1235;Equities;1235;100;2024-08-15
2540;13605;100013605;USD AXA9;1517;EGX30 ETF;1517;100;2024-09-01
2541;13629;100013629;USD AXA9;741;Growth;741;25;2024-09-07
2542;13668;100013668;Money Market;190;Sama;190;100;2024-04-26
2543;13673;100013673;Conservative;3549;Secure;3549;50;2025-03-15
2544;13681;100013681;Sama;2506;Active;2506;25;2024-08-21
2545;13690;100013690;Money Market;1436;Gold;1436;100;2025-04-22
2546;13738;100013738;Dollar Saver;1654;Diversified;1654;25;2025-01-30
2547;13760;100013760;USD AXA9;2137;Active;2137;25;2024-11-02
2548;13767;100013767;Equities;1269;Sama;1269;50;2025-10-23
2549;13768;100013768;EGP AXA10;810;Growth;810;75;2024-03-14
2550;13770;100013770;Conservative;157;Dollar Saver;157;100;2024-04-03
2551;13771;100013771;Secure;7398;Equities;7398;50;2025-06-20
2552;13775;100013775;Sama;1176;Sama;1176;100;2025-10-28
2553;13776;100013776;Sama;1702;Money Market;1702;75;2025-06-23
2554;13786;100013786;Secure;464;EGP AXA10;464;100;2024-07-31
2555;13787;100013787;Sama;3078;Secure;3078;50;2025-08-06
2556;13821;100013821;Sama;3987;Growth;3987;100;2025-02-25
2557;13835;100013835;Conservative;1527;Al Safwa;1527;25;2025-07-29
2558;13845;100013845;EGX30 ETF;4676;Dollar Saver;4676;50;2025-02-20
2559;13876;100013876;Secure;1617;USD Growth Saver;1617;50;2025-06-17
2560;13885;100013885;Diversified;2319;Secure;2319;50;2024-12-11
2561;13901;100013901;Diversified;2410;Diversified;2410;50;2025-08-21
2562;13943;100013943;Diversified;894;Diversified;894;100;2025-02-23
2563;13976;100013976;USD AXA9;1083;Diversified;1083;50;2024-08-22
2564;14009;100014009;Growth;2830;Money Market;2830;25;2025-02-07
2565;14024;100014024;Money Market;943;Dollar Saver;943;50;2025-10-17
2566;14040;100014040;Growth;2607;Conservative;2607;75;2024-12-23
2567;14061;100014061;Equities;686;Growth;686;50;2024-07-26
2568;14113;100014113;EGX30 ETF;2982;USD AXA9;2982;100;2024-08-17
2569;14132;100014132;USD Growth Saver;2493;Equities;2493;25;2024-11-16
2570;14138;100014138;Money Market;4926;Sama;4926;100;2024-07-15
2571;14146;100014146;Money Market;603;Dollar Saver;603;75;2025-11-08
2572;14162;100014162;Sama;1602;Sama;1602;100;2024-11-19
2573;14643;100014643;EGX30 ETF;4162;Sama;4162;25;2024-10-20
2574;14189;100014189;EGP AXA10;1221;EGX30 ETF;1221;100;2024-06-06
2575;14207;100014207;Conservative;1468;Al Safwa;1468;50;2024-09-12
2576;14219;100014219;Active;5671;Al Safwa;5671;100;2024-02-26
2577;14223;100014223;Conservative;2598;USD AXA9;2598;25;2025-09-10
2578;14278;100014278;USD Growth Saver;6076;Active;6076;75;2024-04-26
2579;14282;100014282;Dollar Saver;3274;EGP AXA10;3274;75;2024-03-31
2580;14311;100014311;Secure;1872;Gold;1872;50;2025-10-06
2581;14327;100014327;USD Growth Saver;2012;USD Growth Saver;2012;75;2024-09-08
2582;14330;100014330;Conservative;388;Dollar Saver;388;50;2024-06-03
2583;14359;100014359;Sama;2077;Growth;2077;50;2025-06-29
2584;14366;100014366;Equities;1777;USD AXA9;1777;25;2025-12-03
2585;14370;100014370;Money Market;1903;Diversified;1903;50;2025-01-07
2586;14372;100014372;Sama;1328;Secure;1328;75;2024-05-06
2587;14402;100014402;Equities;1239;Al Safwa;1239;75;2024-09-26
2588;14412;100014412;Growth;2833;Growth;2833;50;2025-01-21
2589;14430;100014430;Gold;206;Active;206;100;2025-03-17
2590;14433;100014433;Gold;1474;EGX30 ETF;1474;25;2025-01-12
2591;14442;100014442;Growth;3912;EGX30 ETF;3912;75;2025-02-24
2592;14456;100014456;Money Market;3654;Al Safwa;3654;25;2025-06-13
2593;14479;100014479;Gold;1852;Dollar Saver;1852;25;2025-05-21
2594;14545;100014545;Al Safwa;413;Active;413;50;2024-10-13
2595;14573;100014573;EGX30 ETF;3466;EGX30 ETF;3466;25;2024-10-29
2596;14576;100014576;USD Growth Saver;831;Active;831;50;2024-08-04
2597;14602;100014602;Money Market;3586;Diversified;3586;75;2025-10-15
2598;14638;100014638;Sama;669;EGX30 ETF;669;75;2025-09-03
2599;14640;100014640;Money Market;1895;Active;1895;25;2024-12-02
2600;14675;100014675;Growth;4145;Gold;4145;50;2025-12-23
2601;14703;100014703;Al Safwa;3779;Dollar Saver;3779;75;2025-06-03
2602;14759;100014759;USD Growth Saver;3365;USD AXA9;3365;75;2024-10-30
2603;14779;100014779;Gold;1801;EGX30 ETF;1801;100;2024-11-17
2604;14812;100014812;Diversified;2519;Conservative;2519;50;2024-08-19
2605;14825;100014825;Equities;2989;Secure;2989;50;2025-01-07
2606;14870;100014870;Sama;3493;Money Market;3493;100;2024-04-06
2607;14935;100014935;Active;1847;Gold;1847;75;2024-09-26
2608;15000;100015000;USD AXA9;2231;Al Safwa;2231;50;2025-04-23
2609;15012;100015012;USD AXA9;1175;Diversified;1175;100;2025-06-20
2610;15072;100015072;Secure;788;EGP AXA10;788;25;2024-12-23
2611;15083;100015083;Gold;1112;Conservative;1112;75;2024-03-23
2612;15110;100015110;Equities;261;Secure;261;25;2025-05-25
2613;15148;100015148;EGP AXA10;2464;Active;2464;25;2024-03-31
2614;15197;100015197;Dollar Saver;5676;Sama;5676;75;2024-12-06
2615;15286;100015286;EGX30 ETF;1673;Secure;1673;50;2024-04-25
2616;15341;100015341;Conservative;4715;Diversified;4715;50;2025-08-10
2617;15375;100015375;Dollar Saver;2661;EGX30 ETF;2661;50;2025-01-18
2618;15404;100015404;USD Growth Saver;1289;Al Safwa;1289;25;2025-06-24
2619;15412;100015412;Growth;2051;USD AXA9;2051;75;2024-08-07
2620;15420;100015420;USD AXA9;3088;Secure;3088;100;2025-12-01
2621;15481;100015481;Active;1973;Al Safwa;1973;50;2025-05-12
2622;15497;100015497;USD Growth Saver;352;Sama;352;50;2024-12-27
2623;15506;100015506;Equities;613;Gold;613;25;2024-02-28
2624;15531;100015531;EGP AXA10;1052;Sama;1052;75;2024-09-20
2625;15606;100015606;Al Safwa;1281;Sama;1281;75;2024-12-23
2626;15681;100015681;Equities;1504;Diversified;1504;100;2025-01-23
2627;15687;100015687;Secure;229;USD AXA9;229;75;2024-11-30
2628;15703;100015703;Diversified;3887;Al Safwa;3887;100;2025-10-20
2629;15734;100015734;Gold;1489;USD AXA9;1489;50;2024-04-28
2630;15763;100015763;Money Market;1397;EGX30 ETF;1397;50;2024-07-19
2631;15795;100015795;EGX30 ETF;1333;Money Market;1333;100;2024-12-20
2632;15813;100015813;EGX30 ETF;2581;EGX30 ETF;2581;100;2025-07-05
2633;15850;100015850;Secure;1287;Sama;1287;50;2024-06-05
2634;15859;100015859;EGP AXA10;2067;USD AXA9;2067;75;2025-03-25
2635;15864;100015864;Growth;2810;Gold;2810;100;2025-04-18
2636;15866;100015866;Growth;1300;Diversified;1300;50;2024-07-18
2637;15878;100015878;Conservative;1054;Al Safwa;1054;25;2025-05-24
2638;15884;100015884;Diversified;3361;Al Safwa;3361;25;2024-09-07
2639;15897;100015897;Al Safwa;3994;EGX30 ETF;3994;75;2025-08-25
2640;15899;100015899;Sama;4462;Secure;4462;100;2025-07-07
2641;15959;100015959;Money Market;1707;Growth;1707;25;2025-05-22
2642;15965;100015965;Dollar Saver;161;Active;161;75;2024-07-26
2643;15997;100015997;USD AXA9;253;Growth;253;50;2024-09-15
2644;15998;100015998;Conservative;1810;Diversified;1810;75;2025-01-14
2645;16081;100016081;EGX30 ETF;494;Dollar Saver;494;100;2024-06-02
2646;16092;100016092;Sama;5361;USD Growth Saver;5361;50;2025-10-06
2647;16103;100016103;Growth;2386;Active;2386;100;2025-12-16
2648;16124;100016124;EGP AXA10;660;Sama;660;25;2025-10-22
2649;16136;100016136;USD AXA9;545;Conservative;545;50;2025-06-01
2650;16158;100016158;Active;3218;Active;3218;100;2025-05-27
2651;16160;100016160;EGP AXA10;1092;Gold;1092;50;2025-02-12
2652;16190;100016190;USD AXA9;1485;Active;1485;75;2024-04-02
2653;16204;100016204;Diversified;1663;Sama;1663;75;2024-12-15
2654;16224;100016224;Equities;1812;Sama;1812;75;2025-05-10
2655;16236;100016236;Active;921;EGP AXA10;921;75;2025-11-18
2656;16239;100016239;Growth;2278;Equities;2278;50;2025-12-09
2657;16241;100016241;USD Growth Saver;1785;Conservative;1785;100;2025-04-09
2658;16257;100016257;Equities;837;Active;837;50;2025-02-04
2659;16286;100016286;Gold;2295;Sama;2295;50;2025-01-21
2660;16308;100016308;Equities;2445;Secure;2445;25;2024-07-11
2661;16366;100016366;Secure;801;Money Market;801;50;2025-12-25
2662;16421;100016421;Dollar Saver;2078;USD Growth Saver;2078;25;2024-12-15
2663;16426;100016426;Secure;2949;EGP AXA10;2949;100;2024-09-05
2664;16460;100016460;Gold;438;USD Growth Saver;438;75;2024-05-22
2665;16469;100016469;Sama;945;Al Safwa;945;50;2024-11-09
2666;16477;100016477;EGP AXA10;3173;Active;3173;100;2024-04-19
2667;16486;100016486;Al Safwa;4046;Equities;4046;25;2024-11-23
2668;16504;100016504;Money Market;797;Secure;797;50;2024-08-26
2669;16517;100016517;Al Safwa;1566;Equities;1566;100;2025-03-23
2670;16519;100016519;Conservative;729;Money Market;729;25;2025-01-10
2671;16615;100016615;Sama;5452;Al Safwa;5452;25;2025-05-29
2672;16652;100016652;Active;1254;USD Growth Saver;1254;50;2024-02-01
2673;16653;100016653;USD Growth Saver;2301;Gold;2301;100;2024-03-13
2674;16654;100016654;Diversified;2897;Equities;2897;50;2025-07-21
2675;16710;100016710;USD AXA9;816;Money Market;816;50;2025-08-03
2676;16746;100016746;Money Market;1445;Dollar Saver;1445;25;2024-08-13
2677;16785;100016785;Equities;2360;USD AXA9;2360;100;2024-06-18
2678;16804;100016804;Conservative;1028;Dollar Saver;1028;75;2025-09-26
2679;16814;100016814;Equities;2093;Dollar Saver;2093;25;2025-10-04
2680;16824;100016824;EGX30 ETF;3009;EGX30 ETF;3009;100;2025-02-05
2681;16892;100016892;Secure;2449;Conservative;2449;25;2025-12-24
2682;16908;100016908;Money Market;1054;Gold;1054;25;2025-08-15
2683;17041;100017041;EGP AXA10;3516;Gold;3516;25;2024-06-19
2684;17061;100017061;Dollar Saver;639;Sama;639;75;2024-11-05
2685;17068;100017068;Active;2551;EGP AXA10;2551;50;2024-07-04
2686;17083;100017083;Conservative;3076;Conservative;3076;25;2024-11-07
2687;17105;100017105;Al Safwa;3506;Sama;3506;50;2025-12-12
2688;17110;100017110;EGX30 ETF;1456;Conservative;1456;75;2024-04-14
2689;17115;100017115;Dollar Saver;1755;Growth;1755;50;2025-06-25
2690;17117;100017117;Equities;1457;Equities;1457;100;2025-04-24
2691;17118;100017118;USD AXA9;2268;USD Growth Saver;2268;100;2025-03-09
2692;17141;100017141;Money Market;4004;Gold;4004;50;2025-07-24
2693;17147;100017147;Sama;722;Gold;722;100;2025-11-08
2694;17149;100017149;Diversified;1311;Growth;1311;25;2024-05-11
2695;17176;100017176;Conservative;468;USD Growth Saver;468;100;2024-03-14
2696;17187;100017187;Sama;1723;Conservative;1723;75;2025-05-02
2697;17210;100017210;USD AXA9;3744;Active;3744;75;2024-02-16
2698;17269;100017269;Active;613;Growth;613;100;2024-04-15
2699;17334;100017334;Gold;5242;USD Growth Saver;5242;25;2025-06-04
2700;17339;100017339;Growth;2609;Growth;2609;75;2025-08-27
2701;17348;100017348;USD Growth Saver;1259;USD Growth Saver;1259;50;2025-02-07
2702;17427;100017427;Diversified;3376;Conservative;3376;75;2025-01-08
2703;17447;100017447;Money Market;716;Diversified;716;50;2025-07-19
2704;17535;100017535;Secure;2187;Equities;2187;100;2025-06-20
2705;17537;100017537;Money Market;503;Equities;503;50;2024-08-16
2706;17553;100017553;USD Growth Saver;453;Secure;453;75;2024-05-06
2707;17557;100017557;Diversified;243;EGX30 ETF;243;50;2024-12-25
2708;17589;100017589;Diversified;4511;Dollar Saver;4511;75;2024-05-08
2709;17591;100017591;Al Safwa;2891;Growth;2891;25;2025-01-24
2710;17617;100017617;Al Safwa;902;Al Safwa;902;25;2025-04-29
2711;17658;100017658;Growth;974;Equities;974;75;2025-11-17
2712;17687;100017687;Growth;2640;Sama;2640;25;2025-11-09
2713;17695;100017695;Sama;2293;Active;2293;25;2024-10-20
2714;17716;100017716;Dollar Saver;972;Diversified;972;100;2024-07-25
2715;17902;100017902;Growth;2562;Active;2562;25;2025-09-01
2716;17746;100017746;USD Growth Saver;3017;Sama;3017;50;2025-05-21
2717;17763;100017763;Sama;815;Active;815;100;2025-04-07
2718;17764;100017764;Gold;4215;EGP AXA10;4215;50;2024-12-04
2719;17784;100017784;Growth;2321;Money Market;2321;75;2024-02-24
2720;17785;100017785;Al Safwa;1227;Active;1227;25;2025-07-09
2721;17836;100017836;Active;3755;Secure;3755;100;2025-02-04
2722;17857;100017857;USD Growth Saver;2411;Growth;2411;75;2025-11-30
2723;17887;100017887;Growth;1877;Dollar Saver;1877;50;2024-02-20
2724;17894;100017894;USD AXA9;2505;USD AXA9;2505;25;2024-02-10
2725;17950;100017950;USD Growth Saver;972;Growth;972;75;2024-02-23
2726;17955;100017955;EGP AXA10;646;USD AXA9;646;50;2024-05-27
2727;17974;100017974;Al Safwa;1320;Sama;1320;25;2025-09-13
2728;18020;100018020;Money Market;5091;Money Market;5091;75;2025-08-05
2729;18068;100018068;Equities;652;Gold;652;75;2025-04-08
2730;18103;100018103;Growth;3224;EGX30 ETF;3224;100;2025-10-21
2731;18104;100018104;USD Growth Saver;1712;Sama;1712;25;2024-12-01
2732;18133;100018133;EGX30 ETF;1276;Sama;1276;25;2024-06-07
2733;18137;100018137;Conservative;1585;Dollar Saver;1585;50;2025-11-29
2734;18214;100018214;Al Safwa;147;Al Safwa;147;100;2025-04-19
2735;18232;100018232;EGP AXA10;2253;USD Growth Saver;2253;50;2024-07-19
2736;18245;100018245;USD AXA9;1672;Growth;1672;75;2025-01-25
2737;18248;100018248;USD Growth Saver;2413;EGX30 ETF;2413;100;2025-11-12
2738;18272;100018272;Secure;2646;Equities;2646;75;2025-10-07
2739;18305;100018305;EGX30 ETF;504;Dollar Saver;504;75;2025-11-02
2740;18342;100018342;Secure;3748;EGP AXA10;3748;50;2024-08-28
2741;18410;100018410;USD AXA9;1588;Money Market;1588;100;2024-08-23
2742;18418;100018418;Active;1384;EGX30 ETF;1384;25;2025-11-30
2743;18433;100018433;Gold;557;Equities;557;100;2025-03-08
2744;18476;100018476;Active;1324;EGX30 ETF;1324;25;2024-11-20
2745;18496;100018496;Equities;2768;Money Market;2768;75;2024-02-04
2746;18505;100018505;Dollar Saver;4184;Dollar Saver;4184;50;2025-09-19
2747;18524;100018524;Sama;2889;Growth;2889;75;2025-04-05
2748;18568;100018568;Diversified;4112;Sama;4112;100;2025-04-01
2749;18580;100018580;USD AXA9;2082;Dollar Saver;2082;25;2024-06-27
2750;18588;100018588;Money Market;1532;Dollar Saver;1532;75;2024-05-15
2751;18593;100018593;EGX30 ETF;2877;Al Safwa;2877;100;2025-09-14
2752;18600;100018600;EGX30 ETF;1849;Active;1849;50;2024-07-25
2753;18631;100018631;Equities;464;USD AXA9;464;100;2024-08-23
2754;18644;100018644;Diversified;1309;Dollar Saver;1309;25;2024-03-01
2755;18671;100018671;Diversified;632;EGX30 ETF;632;100;2025-01-24
2756;18672;100018672;Dollar Saver;1159;Equities;1159;75;2025-08-10
2757;18718;100018718;Equities;1014;Gold;1014;25;2025-08-13
2758;18747;100018747;EGX30 ETF;2732;EGP AXA10;2732;100;2024-03-12
2759;18766;100018766;Secure;3438;Growth;3438;75;2024-11-27
2760;18772;100018772;EGP AXA10;2793;Dollar Saver;2793;25;2025-04-27
2761;18794;100018794;Active;3645;Conservative;3645;75;2025-06-08
2762;18828;100018828;Equities;1322;Money Market;1322;75;2024-12-16
2763;18881;100018881;USD AXA9;4090;USD AXA9;4090;25;2025-06-24
2764;18920;100018920;Equities;2012;Al Safwa;2012;25;2025-05-22
2765;18949;100018949;Active;1872;Money Market;1872;100;2024-12-16
2766;18965;100018965;Secure;2947;USD AXA9;2947;75;2024-05-24
2767;18975;100018975;Diversified;1138;Conservative;1138;25;2025-05-28
2768;18998;100018998;EGP AXA10;2279;Conservative;2279;25;2024-12-12
2769;19013;100019013;USD AXA9;2567;Secure;2567;25;2025-05-08
2770;19152;100019152;Gold;1062;Active;1062;100;2024-04-13
2771;19203;100019203;Conservative;1143;USD AXA9;1143;100;2025-08-21
2772;19265;100019265;Secure;2085;Diversified;2085;100;2025-12-27
2773;19297;100019297;Al Safwa;4677;Active;4677;100;2025-10-20
2774;19304;100019304;Dollar Saver;1808;USD Growth Saver;1808;50;2024-02-29
2775;19319;100019319;Equities;1384;Secure;1384;50;2025-08-09
2776;19321;100019321;Equities;2660;Dollar Saver;2660;75;2025-03-03
2777;19417;100019417;Secure;1842;Equities;1842;75;2025-02-16
2778;19440;100019440;Diversified;4043;Conservative;4043;25;2025-03-16
2779;19451;100019451;USD AXA9;968;USD Growth Saver;968;100;2025-11-08
2780;19470;100019470;Secure;713;USD Growth Saver;713;100;2025-09-19
2781;19486;100019486;Sama;154;Secure;154;50;2025-09-14
2782;19489;100019489;USD AXA9;1551;EGP AXA10;1551;100;2025-01-31
2783;19510;100019510;Secure;3644;EGP AXA10;3644;50;2024-09-21
2784;19532;100019532;Growth;1168;USD Growth Saver;1168;50;2025-03-16
2785;19562;100019562;USD AXA9;1492;Gold;1492;100;2024-10-31
2786;19604;100019604;Diversified;801;Equities;801;75;2025-09-01
2787;19605;100019605;Money Market;414;Secure;414;75;2025-05-17
2788;19611;100019611;Sama;2723;USD Growth Saver;2723;50;2025-03-31
2789;19646;100019646;Conservative;4236;Sama;4236;75;2024-08-31
2790;19690;100019690;Growth;2184;Secure;2184;75;2025-09-14
2791;19707;100019707;Secure;604;Dollar Saver;604;25;2024-08-18
2792;19716;100019716;Dollar Saver;3331;Active;3331;75;2025-02-19
2793;19765;100019765;Diversified;2475;EGP AXA10;2475;25;2024-04-10
2794;19766;100019766;Growth;787;Al Safwa;787;75;2024-02-12
2795;19785;100019785;Active;4248;Secure;4248;75;2024-03-07
2796;19789;100019789;Money Market;2578;Al Safwa;2578;50;2024-05-18
2797;19800;100019800;Secure;3203;Secure;3203;50;2025-09-10
2798;19885;100019885;Sama;586;Gold;586;75;2024-02-06
2799;19891;100019891;Diversified;1497;Active;1497;25;2024-02-19
2800;19896;100019896;USD Growth Saver;645;Diversified;645;75;2024-08-30
2801;19899;100019899;EGP AXA10;1586;Growth;1586;25;2024-02-06
2802;19948;100019948;Money Market;2573;Gold;2573;75;2024-04-10
2803;19953;100019953;Equities;4865;Al Safwa;4865;50;2024-03-18
2804;19984;100019984;Sama;3812;Al Safwa;3812;100;2024-11-26
2805;20030;100020030;Dollar Saver;651;Secure;651;50;2025-11-09
2806;20079;100020079;Money Market;3325;EGP AXA10;3325;75;2025-11-07
2807;20098;100020098;Conservative;983;Secure;983;75;2024-10-13
2808;20138;100020138;EGX30 ETF;3210;Al Safwa;3210;75;2024-05-19
2809;20153;100020153;Growth;3197;Conservative;3197;100;2025-07-11
2810;20160;100020160;Gold;470;Growth;470;100;2025-07-04
2811;20180;100020180;EGX30 ETF;2022;EGX30 ETF;2022;50;2025-04-03
2812;20188;100020188;Equities;2977;Sama;2977;50;2024-11-23
2813;20189;100020189;Money Market;2916;Dollar Saver;2916;100;2024-08-03
2814;20274;100020274;USD Growth Saver;809;EGX30 ETF;809;25;2025-02-09
2815;20311;100020311;Diversified;2605;Conservative;2605;75;2024-03-17
2816;20341;100020341;Dollar Saver;3712;EGX30 ETF;3712;25;2024-08-02
2817;20344;100020344;USD AXA9;1639;Conservative;1639;100;2025-07-28
2818;20361;100020361;Sama;954;Money Market;954;75;2025-08-10
2819;20366;100020366;Active;1331;EGX30 ETF;1331;75;2025-07-08
2820;20379;100020379;USD Growth Saver;256;Diversified;256;50;2024-12-31
2821;20404;100020404;Sama;2210;Growth;2210;75;2025-07-06
2822;20425;100020425;Secure;1973;USD Growth Saver;1973;75;2025-04-05
2823;20448;100020448;Growth;1325;Al Safwa;1325;75;2025-11-12
2824;20491;100020491;EGX30 ETF;859;Secure;859;75;2024-07-13
2825;20492;100020492;EGP AXA10;2674;USD AXA9;2674;75;2025-01-20
2826;20504;100020504;Diversified;2445;EGP AXA10;2445;75;2025-09-23
2827;20528;100020528;Al Safwa;3691;Growth;3691;25;2024-10-14
2828;20547;100020547;Gold;468;Conservative;468;50;2025-05-14
2829;20605;100020605;Money Market;2023;Secure;2023;100;2024-10-03
2830;20657;100020657;USD AXA9;1661;USD AXA9;1661;50;2024-09-02
2831;20663;100020663;Secure;571;Gold;571;25;2024-03-19
2832;20675;100020675;Money Market;2378;USD AXA9;2378;75;2024-11-02
2833;20705;100020705;Growth;1623;Gold;1623;100;2025-01-10
2834;20732;100020732;Money Market;2569;Growth;2569;100;2025-07-11
2835;20739;100020739;EGX30 ETF;919;Money Market;919;100;2024-07-15
2836;20766;100020766;Growth;1947;USD Growth Saver;1947;25;2025-05-27
2837;20826;100020826;Dollar Saver;5570;USD Growth Saver;5570;75;2025-05-23
2838;20858;100020858;Sama;3699;Gold;3699;75;2025-04-12
2839;20911;100020911;Diversified;1046;USD Growth Saver;1046;75;2024-02-28
2840;20929;100020929;Equities;2960;Equities;2960;100;2024-10-11
2841;20953;100020953;Equities;1947;EGX30 ETF;1947;25;2025-04-01
2842;20993;100020993;USD AXA9;1279;Dollar Saver;1279;100;2025-04-16
2843;20998;100020998;Secure;2780;Dollar Saver;2780;75;2024-10-05
2844;21010;100021010;Equities;923;Money Market;923;100;2025-04-28
2845;21036;100021036;Conservative;3683;Dollar Saver;3683;50;2025-01-22
2846;21093;100021093;EGX30 ETF;2074;USD Growth Saver;2074;100;2024-02-04
2847;21103;100021103;Growth;1836;Active;1836;25;2025-01-19
2848;21121;100021121;EGX30 ETF;1125;EGP AXA10;1125;75;2025-10-20
2849;21159;100021159;Diversified;2085;USD AXA9;2085;75;2024-12-11
2850;21173;100021173;Dollar Saver;2946;USD Growth Saver;2946;75;2024-06-14
2851;21184;100021184;Conservative;4002;Diversified;4002;50;2025-07-18
2852;21188;100021188;EGX30 ETF;1638;Equities;1638;25;2024-11-23
2853;21205;100021205;Money Market;2945;Active;2945;75;2025-02-01
2854;21258;100021258;USD AXA9;1263;Diversified;1263;75;2025-12-14
2855;21285;100021285;Conservative;3379;Dollar Saver;3379;50;2024-12-16
2856;21293;100021293;Dollar Saver;832;EGP AXA10;832;75;2024-10-20
2857;21319;100021319;EGP AXA10;2179;USD Growth Saver;2179;25;2024-05-31
2858;21321;100021321;USD AXA9;2348;EGX30 ETF;2348;75;2025-04-06
2859;23011;100023011;Conservative;286;Money Market;286;25;2025-11-10
2860;21361;100021361;USD AXA9;1448;Money Market;1448;50;2025-12-31
2861;21392;100021392;Growth;1200;Dollar Saver;1200;25;2024-11-30
2862;21422;100021422;EGP AXA10;775;EGX30 ETF;775;100;2024-03-05
2863;21456;100021456;Gold;2076;Diversified;2076;100;2024-04-03
2864;21483;100021483;Al Safwa;1007;Dollar Saver;1007;25;2024-06-16
2865;21491;100021491;Diversified;4454;Dollar Saver;4454;75;2025-03-12
2866;21513;100021513;Money Market;606;Sama;606;100;2024-06-01
2867;21633;100021633;USD AXA9;2475;Conservative;2475;50;2025-01-02
2868;21650;100021650;Conservative;1241;Secure;1241;25;2024-06-07
2869;21653;100021653;Gold;1763;Secure;1763;75;2025-01-22
2870;21692;100021692;Active;1975;EGX30 ETF;1975;50;2025-09-05
2871;21710;100021710;Dollar Saver;2217;Conservative;2217;50;2024-11-09
2872;21714;100021714;USD AXA9;2114;USD AXA9;2114;75;2024-09-21
2873;21741;100021741;Active;2937;Growth;2937;100;2024-12-04
2874;21742;100021742;Gold;2783;Diversified;2783;25;2025-05-19
2875;21771;100021771;Gold;1310;Active;1310;50;2025-06-23
2876;21806;100021806;EGX30 ETF;4737;EGX30 ETF;4737;25;2024-07-11
2877;21843;100021843;Equities;4736;Sama;4736;75;2024-08-09
2878;21855;100021855;USD Growth Saver;1416;USD Growth Saver;1416;100;2025-11-05
2879;21874;100021874;Conservative;3003;Gold;3003;25;2024-05-09
2880;21891;100021891;Money Market;1660;USD Growth Saver;1660;50;2024-08-19
2881;21901;100021901;Diversified;2541;USD Growth Saver;2541;25;2024-05-25
2882;21912;100021912;Gold;548;Sama;548;25;2025-05-10
2883;21917;100021917;Dollar Saver;871;Diversified;871;25;2025-05-30
2884;21925;100021925;Growth;2991;USD AXA9;2991;75;2025-10-01
2885;21948;100021948;USD Growth Saver;4489;Conservative;4489;75;2025-02-10
2886;21966;100021966;Dollar Saver;4543;Secure;4543;75;2025-11-14
2887;21976;100021976;Money Market;3687;USD Growth Saver;3687;100;2025-04-22
2888;22007;100022007;Al Safwa;617;Sama;617;75;2025-11-30
2889;22029;100022029;EGP AXA10;294;Equities;294;25;2024-02-25
2890;22046;100022046;Money Market;1936;Conservative;1936;100;2025-11-23
2891;22089;100022089;Al Safwa;689;Secure;689;75;2024-05-30
2892;22128;100022128;Active;2126;Growth;2126;75;2024-08-06
2893;22147;100022147;Al Safwa;2430;Gold;2430;75;2024-08-01
2894;22203;100022203;Al Safwa;2596;Diversified;2596;100;2025-03-14
2895;22218;100022218;EGX30 ETF;1354;Equities;1354;25;2024-08-03
2896;22231;100022231;EGX30 ETF;2171;USD Growth Saver;2171;75;2025-09-02
2897;22335;100022335;Gold;3198;Active;3198;75;2025-08-23
2898;22345;100022345;EGP AXA10;1487;Growth;1487;100;2025-07-24
2899;22358;100022358;Equities;3124;Growth;3124;50;2025-04-03
2900;22375;100022375;Secure;2267;EGP AXA10;2267;25;2025-05-28
2901;22381;100022381;EGP AXA10;3795;EGP AXA10;3795;75;2024-11-24
2902;22427;100022427;Money Market;2734;Equities;2734;100;2024-12-23
2903;22441;100022441;Active;2243;USD Growth Saver;2243;50;2025-11-24
2904;22443;100022443;USD Growth Saver;2588;EGP AXA10;2588;75;2025-12-04
2905;22453;100022453;Conservative;504;EGX30 ETF;504;100;2024-10-30
2906;22495;100022495;USD AXA9;4206;USD AXA9;4206;25;2024-09-22
2907;22496;100022496;Diversified;670;Conservative;670;25;2024-03-05
2908;22503;100022503;Gold;342;Active;342;100;2025-06-19
2909;22533;100022533;Sama;1269;Sama;1269;25;2024-04-29
2910;22558;100022558;EGX30 ETF;2224;USD AXA9;2224;25;2025-05-05
2911;22577;100022577;Dollar Saver;841;Al Safwa;841;25;2025-06-30
2912;22583;100022583;Conservative;4473;USD Growth Saver;4473;25;2024-10-29
2913;22623;100022623;Money Market;2877;Conservative;2877;75;2025-10-18
2914;22635;100022635;Diversified;1348;Equities;1348;50;2025-10-23
2915;22648;100022648;Dollar Saver;4962;Money Market;4962;50;2024-09-26
2916;22663;100022663;Diversified;4635;Gold;4635;75;2025-07-31
2917;22664;100022664;USD Growth Saver;1530;USD Growth Saver;1530;75;2024-02-01
2918;22668;100022668;Secure;683;Dollar Saver;683;50;2025-10-06
2919;22681;100022681;Equities;3055;Growth;3055;25;2024-05-05
2920;22712;100022712;Active;1052;Gold;1052;25;2025-11-27
2921;22724;100022724;Diversified;1417;Secure;1417;25;2024-08-21
2922;22773;100022773;Growth;2850;Growth;2850;75;2025-09-03
2923;22828;100022828;Conservative;2647;Conservative;2647;25;2024-02-05
2924;22846;100022846;Sama;521;Money Market;521;50;2024-03-31
2925;22855;100022855;Conservative;3515;Money Market;3515;50;2024-08-28
2926;22925;100022925;Dollar Saver;1162;Sama;1162;75;2025-12-05
2927;22931;100022931;Equities;2610;Active;2610;50;2025-03-19
2928;22937;100022937;EGP AXA10;583;Equities;583;25;2024-10-17
2929;22964;100022964;Growth;2607;Money Market;2607;25;2025-11-27
2930;22998;100022998;Dollar Saver;2096;Dollar Saver;2096;75;2025-08-18
2931;23024;100023024;Growth;1656;Growth;1656;100;2025-01-10
2932;23069;100023069;Equities;2610;Sama;2610;25;2025-08-27
2933;23071;100023071;Secure;3060;Sama;3060;100;2024-12-16
2934;23102;100023102;Secure;1364;Growth;1364;25;2024-06-19
2935;23131;100023131;USD Growth Saver;1326;Sama;1326;75;2024-12-14
2936;23152;100023152;Gold;1466;Dollar Saver;1466;50;2024-07-25
2937;23160;100023160;EGP AXA10;1662;Equities;1662;100;2024-09-21
2938;23192;100023192;Sama;2059;EGP AXA10;2059;100;2025-07-02
2939;23206;100023206;EGP AXA10;1624;Active;1624;75;2024-12-17
2940;23212;100023212;Al Safwa;2310;Diversified;2310;25;2024-03-22
2941;23237;100023237;Gold;3375;USD AXA9;3375;100;2025-09-22
2942;23271;100023271;Al Safwa;1601;Secure;1601;100;2025-10-20
2943;23285;100023285;EGX30 ETF;738;Dollar Saver;738;75;2024-04-28
2944;23310;100023310;USD AXA9;927;Sama;927;25;2025-05-22
2945;23339;100023339;USD Growth Saver;1376;Money Market;1376;100;2025-01-16
2946;23371;100023371;USD Growth Saver;2852;USD Growth Saver;2852;100;2024-05-10
2947;23373;100023373;Equities;1314;Secure;1314;100;2025-07-29
2948;23418;100023418;Diversified;3385;Equities;3385;100;2025-11-10
2949;23422;100023422;EGX30 ETF;1409;Growth;1409;75;2024-05-06
2950;23436;100023436;Money Market;1369;Money Market;1369;25;2024-02-03
2951;23440;100023440;Active;1236;Dollar Saver;1236;75;2024-02-07
2952;23556;100023556;USD Growth Saver;916;USD AXA9;916;100;2024-12-28
2953;23559;100023559;Dollar Saver;1676;Growth;1676;50;2025-09-08
2954;23587;100023587;Al Safwa;3496;EGP AXA10;3496;100;2024-11-12
2955;23751;100023751;EGP AXA10;2592;Al Safwa;2592;100;2025-01-11
2956;23860;100023860;Diversified;866;Active;866;75;2025-09-29
2957;23864;100023864;Gold;1756;Active;1756;50;2025-01-31
2958;23977;100023977;USD Growth Saver;1254;EGP AXA10;1254;100;2025-10-15
2959;23995;100023995;EGX30 ETF;1425;Growth;1425;25;2024-11-19
2960;23996;100023996;Diversified;713;Diversified;713;25;2025-10-13
2961;24028;100024028;Gold;603;Active;603;75;2025-01-16
2962;24039;100024039;EGX30 ETF;1871;Gold;1871;75;2025-01-26
2963;24043;100024043;EGP AXA10;2402;Equities;2402;25;2025-12-17
2964;24067;100024067;USD AXA9;1711;Active;1711;100;2025-11-15
2965;24163;100024163;Diversified;2101;Diversified;2101;75;2024-09-24
2966;24227;100024227;USD Growth Saver;893;Gold;893;100;2025-08-27
2967;24257;100024257;Active;3910;Gold;3910;50;2024-12-18
2968;24264;100024264;Diversified;1472;Dollar Saver;1472;50;2025-05-09
2969;24348;100024348;Money Market;3065;Dollar Saver;3065;50;2024-05-25
2970;24359;100024359;Dollar Saver;1542;Sama;1542;50;2025-02-01
2971;25023;100025023;Al Safwa;1585;Al Safwa;1585;25;2024-09-10
2972;24424;100024424;Secure;1771;USD Growth Saver;1771;25;2025-07-08
2973;24440;100024440;EGX30 ETF;2352;Money Market;2352;75;2024-02-22
2974;24503;100024503;Al Safwa;3358;USD Growth Saver;3358;50;2024-02-28
2975;24554;100024554;Active;1531;Diversified;1531;50;2025-05-20
2976;24556;100024556;Growth;1392;EGP AXA10;1392;75;2024-06-23
2977;24652;100024652;Conservative;1930;Gold;1930;50;2024-12-13
2978;24678;100024678;Gold;2962;Conservative;2962;50;2025-06-12
2979;24681;100024681;Secure;447;Equities;447;25;2025-09-18
2980;24685;100024685;Secure;3353;Al Safwa;3353;100;2025-12-19
2981;24689;100024689;Sama;345;USD AXA9;345;50;2024-04-01
2982;24702;100024702;EGP AXA10;4548;Al Safwa;4548;50;2024-06-20
2983;24735;100024735;Money Market;3978;Gold;3978;25;2025-09-11
2984;24782;100024782;Active;984;Diversified;984;25;2024-06-26
2985;24818;100024818;Growth;4342;Al Safwa;4342;25;2025-06-21
2986;24823;100024823;Active;1244;EGP AXA10;1244;50;2025-02-20
2987;24836;100024836;EGX30 ETF;2607;Conservative;2607;100;2024-07-22
2988;24843;100024843;Al Safwa;1397;Sama;1397;100;2024-04-29
2989;24850;100024850;EGP AXA10;2070;Money Market;2070;50;2024-08-14
2990;24892;100024892;Secure;1707;Gold;1707;75;2025-05-16
2991;24977;100024977;Active;340;Diversified;340;100;2024-07-18
2992;25022;100025022;Equities;1520;USD Growth Saver;1520;50;2025-07-28
2993;25025;100025025;Diversified;437;EGP AXA10;437;100;2024-05-19
2994;25063;100025063;USD AXA9;1943;Money Market;1943;50;2025-03-07
2995;25097;100025097;Equities;2154;Gold;2154;50;2025-09-06
2996;25100;100025100;Secure;2486;EGX30 ETF;2486;75;2024-03-07
2997;25193;100025193;Dollar Saver;2468;Active;2468;25;2024-05-28
2998;25198;100025198;Gold;2581;USD Growth Saver;2581;50;2024-07-17
2999;25215;100025215;Sama;2123;Al Safwa;2123;100;2024-10-22
3000;25234;100025234;Active;3327;Dollar Saver;3327;25;2024-02-04
3001;25243;100025243;USD Growth Saver;2840;EGP AXA10;2840;100;2024-09-10
3002;25252;100025252;Active;4329;Diversified;4329;75;2024-10-17
3003;25303;100025303;EGP AXA10;2632;Sama;2632;25;2024-08-08
3004;25307;100025307;Gold;2539;Conservative;2539;75;2024-08-21
3005;25308;100025308;EGP AXA10;1601;Conservative;1601;75;2024-10-20
3006;25332;100025332;Money Market;2318;USD Growth Saver;2318;75;2025-04-13
3007;25356;100025356;EGP AXA10;2265;Money Market;2265;50;2024-10-05
3008;25363;100025363;Sama;1146;USD Growth Saver;1146;100;2024-06-13
3009;25383;100025383;USD Growth Saver;3429;Growth;3429;75;2025-02-03
3010;25389;100025389;Sama;3331;EGP AXA10;3331;75;2025-04-19
3011;25422;100025422;Equities;2647;Secure;2647;75;2025-03-31
3012;25434;100025434;Money Market;3166;Al Safwa;3166;25;2024-09-12
3013;25436;100025436;Dollar Saver;1661;USD AXA9;1661;75;2025-03-21
3014;25488;100025488;Growth;1882;EGX30 ETF;1882;50;2024-03-03
3015;25502;100025502;Dollar Saver;1718;USD Growth Saver;1718;75;2024-10-09
3016;25506;100025506;Secure;1156;Active;1156;25;2024-04-03
3017;25549;100025549;Active;1304;Conservative;1304;25;2024-04-05
3018;25562;100025562;EGP AXA10;1615;Diversified;1615;75;2024-03-08
3019;25631;100025631;Sama;586;Secure;586;100;2025-08-22
3020;25598;100025598;USD AXA9;1325;EGX30 ETF;1325;25;2025-10-20
3021;25600;100025600;EGX30 ETF;1053;Al Safwa;1053;100;2024-06-20
3022;25606;100025606;Dollar Saver;629;Sama;629;50;2025-03-17
3023;25652;100025652;Active;1428;Dollar Saver;1428;50;2025-07-24
3024;25659;100025659;Money Market;1301;Money Market;1301;25;2025-04-20
3025;25700;100025700;Growth;727;Growth;727;100;2025-04-05
3026;25762;100025762;Equities;3063;Sama;3063;75;2025-01-29
3027;25773;100025773;Sama;293;Al Safwa;293;100;2024-07-10
3028;25903;100025903;USD AXA9;472;EGX30 ETF;472;75;2025-07-21
3029;25908;100025908;Gold;3885;EGP AXA10;3885;100;2025-04-10
3030;25909;100025909;EGX30 ETF;892;Growth;892;25;2024-08-20
3031;25925;100025925;Growth;3714;Dollar Saver;3714;25;2025-04-15
3032;25933;100025933;USD Growth Saver;1584;Active;1584;25;2024-06-30
3033;26015;100026015;Sama;2907;Al Safwa;2907;50;2025-08-26
3034;26022;100026022;Money Market;578;Growth;578;100;2025-11-15
3035;26032;100026032;Conservative;3538;EGP AXA10;3538;25;2024-10-29
3036;26034;100026034;Active;2284;Equities;2284;50;2025-06-29
3037;26087;100026087;Money Market;3441;Al Safwa;3441;75;2025-03-01
3038;26106;100026106;Sama;2577;Gold;2577;25;2025-12-20
3039;26127;100026127;Gold;1303;Sama;1303;50;2024-09-11
3040;26162;100026162;EGP AXA10;2719;Dollar Saver;2719;100;2025-06-12
3041;26217;100026217;Gold;509;Al Safwa;509;50;2025-01-08
3042;26221;100026221;Conservative;6179;USD Growth Saver;6179;25;2025-02-10
3043;26222;100026222;USD Growth Saver;472;USD AXA9;472;25;2024-03-14
3044;26228;100026228;EGX30 ETF;2179;Al Safwa;2179;50;2024-11-18
3045;26260;100026260;Growth;2604;Al Safwa;2604;75;2025-01-24
3046;26277;100026277;Al Safwa;587;Gold;587;25;2025-10-09
3047;26369;100026369;Secure;2652;EGP AXA10;2652;50;2025-11-23
3048;26382;100026382;Equities;1717;Dollar Saver;1717;100;2024-06-15
3049;26461;100026461;Al Safwa;3936;EGX30 ETF;3936;50;2024-02-11
3050;26471;100026471;Equities;1954;Sama;1954;50;2025-07-29
3051;26473;100026473;Sama;501;Diversified;501;100;2025-08-24
3052;26480;100026480;USD Growth Saver;1820;Growth;1820;50;2025-05-05
3053;26505;100026505;Diversified;429;Conservative;429;50;2024-03-21
3054;26567;100026567;Dollar Saver;3738;Active;3738;25;2024-09-13
3055;26594;100026594;Diversified;1131;Conservative;1131;25;2025-06-28
3056;26601;100026601;Equities;5149;Growth;5149;100;2024-07-14
3057;26604;100026604;Growth;897;Sama;897;75;2024-09-24
3058;26635;100026635;Secure;889;Money Market;889;25;2025-07-07
3059;26656;100026656;Gold;7587;USD Growth Saver;7587;25;2025-09-19
3060;26661;100026661;Conservative;879;EGP AXA10;879;75;2024-04-12
3061;26673;100026673;EGX30 ETF;2489;Gold;2489;75;2024-02-25
3062;26677;100026677;Money Market;2052;Gold;2052;100;2025-09-22
3063;26678;100026678;Sama;641;Al Safwa;641;50;2024-05-03
3064;26711;100026711;EGP AXA10;1375;Sama;1375;100;2025-01-26
3065;26726;100026726;Equities;1603;EGX30 ETF;1603;25;2024-04-25
3066;26733;100026733;Active;1540;USD Growth Saver;1540;25;2024-11-05
3067;26805;100026805;EGP AXA10;178;Active;178;50;2024-07-20
3068;26833;100026833;Equities;2783;EGX30 ETF;2783;75;2024-03-22
3069;26879;100026879;Diversified;516;Secure;516;25;2025-01-13
3070;26926;100026926;Dollar Saver;2725;Diversified;2725;50;2025-10-16
3071;26951;100026951;Secure;2089;Sama;2089;100;2024-11-02
3072;26963;100026963;Diversified;4396;USD AXA9;4396;75;2025-11-01
3073;26996;100026996;Al Safwa;4124;Conservative;4124;25;2025-06-19
3074;27023;100027023;Conservative;4355;Sama;4355;25;2024-02-15
3075;27091;100027091;Al Safwa;2014;Money Market;2014;50;2024-04-02
3076;27092;100027092;Money Market;1968;Diversified;1968;50;2024-09-29
3077;27106;100027106;USD Growth Saver;3790;EGX30 ETF;3790;100;2025-07-07
3078;27111;100027111;Secure;3792;Dollar Saver;3792;50;2024-06-05
3079;27127;100027127;EGX30 ETF;2355;Diversified;2355;100;2024-04-19
3080;27137;100027137;EGX30 ETF;807;USD Growth Saver;807;25;2025-07-02
3081;27142;100027142;Growth;1324;USD AXA9;1324;50;2024-07-21
3082;27147;100027147;USD AXA9;1419;Growth;1419;100;2025-02-05
3083;27171;100027171;Diversified;3560;Money Market;3560;50;2024-11-10
3084;27222;100027222;Growth;1368;Dollar Saver;1368;75;2024-02-03
3085;27231;100027231;EGX30 ETF;3972;Active;3972;100;2025-04-27
3086;27275;100027275;EGX30 ETF;1530;Diversified;1530;25;2024-12-24
3087;27281;100027281;USD AXA9;3632;Growth;3632;25;2025-01-16
3088;27290;100027290;Gold;779;Money Market;779;50;2025-07-29
3089;27292;100027292;EGX30 ETF;675;USD AXA9;675;25;2025-01-21
3090;27340;100027340;EGX30 ETF;4405;Gold;4405;100;2024-11-20
3091;27341;100027341;Diversified;1705;USD AXA9;1705;75;2024-08-10
3092;27350;100027350;Growth;6135;Conservative;6135;25;2025-11-28
3093;27410;100027410;Active;1492;Diversified;1492;50;2025-08-01
3094;27415;100027415;EGX30 ETF;5006;Secure;5006;100;2025-03-12
3095;27440;100027440;Equities;923;Equities;923;100;2024-12-16
3096;27443;100027443;USD Growth Saver;468;Conservative;468;50;2024-12-20
3097;27455;100027455;USD AXA9;2022;Secure;2022;50;2024-02-07
3098;27459;100027459;EGP AXA10;252;USD Growth Saver;252;50;2025-04-10
3099;27468;100027468;Gold;2505;Al Safwa;2505;25;2024-02-27
3100;27500;100027500;USD AXA9;906;Conservative;906;25;2024-10-22
3101;27518;100027518;Diversified;615;EGX30 ETF;615;100;2025-09-20
3102;27532;100027532;Secure;3532;Secure;3532;50;2025-06-10
3103;27553;100027553;Secure;1769;Growth;1769;50;2024-07-31
3104;27579;100027579;Growth;2131;EGX30 ETF;2131;75;2024-07-15
3105;27585;100027585;Gold;1451;USD AXA9;1451;25;2024-12-13
3106;27611;100027611;EGP AXA10;3296;USD Growth Saver;3296;100;2024-12-30
3107;27625;100027625;Gold;2552;Money Market;2552;50;2024-09-08
3108;27631;100027631;Equities;1270;Al Safwa;1270;100;2024-06-03
3109;27638;100027638;Diversified;1520;Money Market;1520;75;2025-11-26
3110;27792;100027792;Active;2507;USD AXA9;2507;75;2025-12-19
3111;27682;100027682;Gold;1522;Diversified;1522;25;2025-10-24
3112;27685;100027685;USD AXA9;3186;Money Market;3186;100;2025-02-01
3113;27689;100027689;Sama;3291;Al Safwa;3291;100;2025-06-15
3114;27693;100027693;Al Safwa;1545;Sama;1545;75;2025-12-05
3115;27695;100027695;USD Growth Saver;1911;EGP AXA10;1911;75;2025-12-10
3116;27773;100027773;Al Safwa;3733;Dollar Saver;3733;75;2025-01-24
3117;27780;100027780;Conservative;860;Growth;860;100;2024-11-02
3118;27806;100027806;Equities;1692;Al Safwa;1692;25;2024-08-14
3119;27881;100027881;Secure;1192;Money Market;1192;100;2025-04-24
3120;27882;100027882;Gold;2489;Conservative;2489;25;2025-05-01
3121;27928;100027928;EGX30 ETF;1281;Al Safwa;1281;50;2024-11-24
3122;27933;100027933;Dollar Saver;2392;Money Market;2392;75;2024-02-28
3123;27956;100027956;EGP AXA10;4139;Al Safwa;4139;75;2024-10-01
3124;27958;100027958;USD AXA9;424;USD AXA9;424;75;2024-06-25
3125;27992;100027992;EGP AXA10;1747;USD AXA9;1747;25;2025-09-18
3126;28008;100028008;Sama;4358;Dollar Saver;4358;100;2025-08-21
3127;28083;100028083;Active;858;Gold;858;75;2024-04-27
3128;28108;100028108;Conservative;2187;Dollar Saver;2187;100;2025-08-21
3129;28117;100028117;EGX30 ETF;1624;Equities;1624;50;2024-02-21
3130;28161;100028161;Growth;934;Gold;934;75;2025-03-18
3131;28174;100028174;Diversified;994;Dollar Saver;994;100;2025-09-24
3132;28176;100028176;Growth;1370;Active;1370;75;2025-02-02
3133;28237;100028237;Al Safwa;526;Al Safwa;526;25;2025-07-01
3134;28241;100028241;Equities;1001;Active;1001;50;2024-07-18
3135;28254;100028254;Equities;827;Equities;827;25;2025-06-04
3136;28287;100028287;Active;2315;Money Market;2315;50;2025-09-28
3137;28289;100028289;Sama;567;Conservative;567;25;2025-08-27
3138;28312;100028312;Active;4880;USD AXA9;4880;50;2024-08-24
3139;28360;100028360;Gold;3144;Growth;3144;25;2024-05-30
3140;28364;100028364;Gold;666;Al Safwa;666;25;2025-07-12
3141;28416;100028416;Secure;901;Conservative;901;50;2024-05-23
3142;28437;100028437;Dollar Saver;364;USD AXA9;364;100;2025-11-02
3143;28454;100028454;Growth;3455;Money Market;3455;50;2025-02-27
3144;28460;100028460;EGP AXA10;4876;Al Safwa;4876;75;2024-12-16
3145;28493;100028493;Equities;600;Dollar Saver;600;25;2024-02-04
3146;28536;100028536;Sama;498;Secure;498;25;2025-03-30
3147;28557;100028557;Growth;893;Diversified;893;75;2025-04-27
3148;28593;100028593;EGP AXA10;3756;USD AXA9;3756;50;2024-03-25
3149;28616;100028616;Diversified;4327;Sama;4327;25;2024-08-14
3150;28622;100028622;Dollar Saver;1326;Growth;1326;25;2024-08-12
3151;28632;100028632;EGP AXA10;1915;Money Market;1915;25;2024-03-08
3152;28743;100028743;EGX30 ETF;543;Dollar Saver;543;50;2025-05-03
3153;28744;100028744;Money Market;1039;Conservative;1039;50;2024-06-16
3154;28811;100028811;Growth;999;Active;999;100;2024-07-22
3155;28819;100028819;Conservative;1577;USD AXA9;1577;50;2025-12-04
3156;28835;100028835;Secure;1169;Gold;1169;100;2025-09-08
3157;28836;100028836;Active;2128;Secure;2128;75;2025-03-08
3158;28852;100028852;Gold;673;USD Growth Saver;673;75;2024-03-06
3159;28861;100028861;EGX30 ETF;3133;EGX30 ETF;3133;100;2024-12-12
3160;28875;100028875;Conservative;4314;EGX30 ETF;4314;50;2025-04-26
3161;28876;100028876;Active;2175;Sama;2175;75;2024-11-28
3162;28896;100028896;Gold;1328;Growth;1328;100;2024-02-28
3163;28909;100028909;EGP AXA10;4412;Diversified;4412;50;2025-08-16
3164;28914;100028914;Active;1296;Gold;1296;75;2025-08-04
3165;28966;100028966;Sama;601;Diversified;601;25;2024-05-05
3166;28973;100028973;Gold;1350;EGX30 ETF;1350;25;2024-07-18
3167;29010;100029010;Equities;855;Growth;855;25;2025-10-16
3168;29011;100029011;Money Market;1404;Dollar Saver;1404;100;2025-04-26
3169;29016;100029016;Dollar Saver;1534;EGP AXA10;1534;25;2025-03-28
3170;29075;100029075;Money Market;727;Al Safwa;727;75;2025-03-09
3171;29147;100029147;Money Market;814;Active;814;100;2024-08-19
3172;29122;100029122;EGX30 ETF;265;EGX30 ETF;265;100;2024-03-11
3173;29160;100029160;USD Growth Saver;3522;Growth;3522;100;2025-10-26
3174;29166;100029166;Al Safwa;1963;Diversified;1963;75;2024-04-09
3175;29186;100029186;EGX30 ETF;4919;Growth;4919;100;2025-05-09
3176;29188;100029188;Sama;3435;Growth;3435;75;2025-01-17
3177;29197;100029197;Gold;157;Equities;157;75;2025-04-25
3178;29204;100029204;USD AXA9;3081;EGX30 ETF;3081;100;2024-08-13
3179;29230;100029230;Secure;1036;USD Growth Saver;1036;100;2024-12-17
3180;29255;100029255;Dollar Saver;4302;USD Growth Saver;4302;100;2024-04-11
3181;29295;100029295;EGP AXA10;2708;Diversified;2708;75;2024-06-26
3182;29338;100029338;Growth;1911;Diversified;1911;25;2024-03-02
3183;29367;100029367;Active;2259;Al Safwa;2259;75;2025-05-11
3184;29386;100029386;Al Safwa;1376;Growth;1376;75;2025-07-04
3185;29414;100029414;Conservative;921;USD Growth Saver;921;100;2025-09-12
3186;29435;100029435;USD AXA9;3408;Dollar Saver;3408;50;2024-05-08
3187;29441;100029441;Al Safwa;3085;USD AXA9;3085;50;2025-04-09
3188;29460;100029460;Diversified;2555;Gold;2555;100;2025-10-13
3189;29466;100029466;USD Growth Saver;2024;Secure;2024;75;2025-02-15
3190;29476;100029476;Dollar Saver;3085;EGP AXA10;3085;25;2024-08-20
3191;29479;100029479;Dollar Saver;3464;USD Growth Saver;3464;25;2024-08-10
3192;29489;100029489;Equities;1132;Dollar Saver;1132;100;2024-08-28
3193;29491;100029491;EGX30 ETF;3029;Gold;3029;100;2025-09-30
3194;29580;100029580;Growth;1071;USD AXA9;1071;75;2025-11-09
3195;29591;100029591;Diversified;3732;Diversified;3732;25;2024-08-10
3196;29629;100029629;Growth;1371;USD Growth Saver;1371;100;2025-01-21
3197;29671;100029671;Al Safwa;4766;Money Market;4766;75;2024-05-21
3198;29675;100029675;Active;2091;Secure;2091;100;2024-07-19
3199;29682;100029682;Money Market;2728;Sama;2728;25;2024-07-27
3200;29687;100029687;Dollar Saver;1527;Active;1527;25;2024-11-16
3201;29718;100029718;EGX30 ETF;613;Sama;613;75;2025-03-08
3202;29744;100029744;Secure;1638;Growth;1638;25;2025-05-07
3203;29773;100029773;Gold;1045;USD Growth Saver;1045;75;2025-07-01
3204;29774;100029774;USD Growth Saver;1796;Diversified;1796;50;2025-09-10
3205;29779;100029779;Conservative;4236;Al Safwa;4236;25;2024-05-12
3206;29805;100029805;Conservative;1526;Equities;1526;25;2025-09-05
3207;29825;100029825;Sama;4135;Sama;4135;50;2024-07-08
3208;30560;100030560;Active;945;Conservative;945;50;2024-09-07
3209;29904;100029904;Gold;3811;USD Growth Saver;3811;100;2025-01-18
3210;29929;100029929;EGP AXA10;2511;Al Safwa;2511;100;2025-02-20
3211;29964;100029964;Growth;1419;Active;1419;50;2025-09-10
3212;29997;100029997;Al Safwa;1145;Money Market;1145;50;2024-08-15
3213;30012;100030012;Dollar Saver;1511;EGP AXA10;1511;100;2025-01-22
3214;30026;100030026;Equities;3416;Al Safwa;3416;75;2025-01-15
3215;30036;100030036;Diversified;509;Diversified;509;100;2025-01-18
3216;30083;100030083;Equities;1819;Money Market;1819;50;2025-03-17
3217;30084;100030084;Growth;1372;Secure;1372;100;2024-11-30
3218;30102;100030102;USD AXA9;1443;Gold;1443;25;2025-12-12
3219;30114;100030114;Sama;3673;Money Market;3673;50;2024-11-26
3220;30123;100030123;Active;4713;Growth;4713;75;2025-03-23
3221;30146;100030146;Dollar Saver;2874;USD AXA9;2874;50;2024-03-23
3222;30173;100030173;Equities;835;Conservative;835;50;2024-03-30
3223;30184;100030184;USD Growth Saver;1450;Secure;1450;25;2025-10-15
3224;30188;100030188;EGX30 ETF;682;EGP AXA10;682;100;2025-12-02
3225;30216;100030216;Growth;185;Equities;185;25;2025-04-23
3226;30286;100030286;Conservative;2921;USD AXA9;2921;100;2024-06-23
3227;30288;100030288;USD Growth Saver;902;EGX30 ETF;902;100;2024-04-08
3228;30297;100030297;Growth;2261;Growth;2261;25;2024-10-30
3229;30329;100030329;Diversified;1036;Growth;1036;75;2024-08-15
3230;30335;100030335;EGX30 ETF;3223;Active;3223;25;2024-04-16
3231;30340;100030340;Diversified;1862;Money Market;1862;50;2025-03-14
3232;30358;100030358;Gold;2168;Gold;2168;25;2024-06-27
3233;30408;100030408;Growth;4333;Money Market;4333;75;2024-02-27
3234;30435;100030435;USD AXA9;3411;Equities;3411;25;2025-12-08
3235;30438;100030438;Gold;2581;Secure;2581;50;2025-01-24
3236;30462;100030462;Money Market;1373;Dollar Saver;1373;25;2024-03-20
3237;30465;100030465;Al Safwa;712;Secure;712;25;2024-09-19
3238;30480;100030480;Conservative;3018;USD Growth Saver;3018;100;2025-06-11
3239;30521;100030521;Gold;908;Gold;908;50;2025-01-29
3240;30535;100030535;Growth;1207;Al Safwa;1207;25;2024-11-01
3241;30542;100030542;Diversified;3839;EGX30 ETF;3839;25;2025-05-29
3242;30567;100030567;EGX30 ETF;2444;Dollar Saver;2444;50;2025-01-29
3243;30582;100030582;EGX30 ETF;423;Active;423;25;2025-06-14
3244;30585;100030585;Diversified;881;Growth;881;50;2025-09-10
3245;30623;100030623;Diversified;1750;Diversified;1750;100;2025-12-16
3246;30647;100030647;Dollar Saver;318;EGX30 ETF;318;75;2025-10-16
3247;30650;100030650;Money Market;491;Al Safwa;491;100;2025-04-10
3248;30672;100030672;Active;1286;EGP AXA10;1286;50;2024-08-09
3249;30697;100030697;Secure;2581;Gold;2581;75;2025-07-29
3250;30767;100030767;Growth;1477;USD AXA9;1477;25;2024-03-08
3251;30813;100030813;USD AXA9;2168;Conservative;2168;100;2024-07-17
3252;30817;100030817;USD AXA9;944;EGP AXA10;944;50;2025-06-11
3253;30825;100030825;Money Market;555;Conservative;555;100;2025-03-29
3254;30844;100030844;EGP AXA10;2646;Dollar Saver;2646;25;2024-06-07
3255;30847;100030847;USD Growth Saver;1117;Growth;1117;25;2024-12-21
3256;30872;100030872;Conservative;1793;Dollar Saver;1793;25;2024-04-20
3257;30881;100030881;EGP AXA10;1416;Money Market;1416;100;2024-06-26
3258;30899;100030899;USD Growth Saver;1322;Secure;1322;75;2025-02-08
3259;30926;100030926;Active;368;USD Growth Saver;368;25;2024-03-12
3260;30930;100030930;Dollar Saver;5685;USD Growth Saver;5685;50;2025-11-22
3261;30951;100030951;Equities;1190;Secure;1190;75;2024-12-25
3262;30972;100030972;Conservative;1890;Active;1890;50;2024-08-06
3263;30995;100030995;Dollar Saver;1990;EGP AXA10;1990;25;2024-06-06
3264;31031;100031031;Dollar Saver;1054;Diversified;1054;25;2025-05-18
3265;31073;100031073;Equities;2428;EGX30 ETF;2428;50;2025-06-30
3266;31127;100031127;Growth;4740;Al Safwa;4740;50;2024-12-13
3267;31130;100031130;Gold;2734;EGX30 ETF;2734;100;2024-12-25
3268;31133;100031133;Conservative;2736;Money Market;2736;100;2025-08-09
3269;31168;100031168;Active;4609;Sama;4609;25;2024-05-17
3270;31198;100031198;EGP AXA10;819;Conservative;819;75;2024-12-07
3271;31229;100031229;EGX30 ETF;1491;EGP AXA10;1491;25;2024-05-24
3272;31447;100031447;EGP AXA10;3374;Active;3374;75;2024-12-21
3273;31230;100031230;Gold;3002;Secure;3002;50;2025-05-23
3274;31246;100031246;Sama;1878;Al Safwa;1878;50;2025-07-26
3275;31270;100031270;Dollar Saver;2334;Diversified;2334;25;2025-09-03
3276;31318;100031318;Conservative;2540;Active;2540;100;2024-11-05
3277;31319;100031319;Dollar Saver;3950;Secure;3950;25;2025-02-28
3278;31381;100031381;Sama;3023;EGX30 ETF;3023;75;2025-03-01
3279;31401;100031401;Gold;416;Conservative;416;50;2025-09-10
3280;31444;100031444;Dollar Saver;1090;Diversified;1090;25;2024-12-20
3281;31503;100031503;USD AXA9;1651;USD Growth Saver;1651;75;2024-06-12
3282;31563;100031563;EGP AXA10;988;Diversified;988;75;2024-02-24
3283;31601;100031601;Money Market;1946;Dollar Saver;1946;100;2025-01-05
3284;31621;100031621;Conservative;2526;Sama;2526;25;2025-04-12
3285;31633;100031633;Diversified;2039;Equities;2039;75;2024-09-13
3286;31660;100031660;Money Market;1215;Active;1215;50;2024-11-30
3287;31700;100031700;EGX30 ETF;1291;Al Safwa;1291;75;2025-06-20
3288;31713;100031713;Dollar Saver;685;USD AXA9;685;75;2024-03-21
3289;31851;100031851;Secure;3665;EGX30 ETF;3665;25;2025-03-31
3290;31868;100031868;Sama;1987;EGX30 ETF;1987;75;2024-08-27
3291;31923;100031923;Growth;3086;Gold;3086;25;2025-06-05
3292;31930;100031930;Al Safwa;2798;Gold;2798;75;2024-08-29
3293;31933;100031933;Sama;458;Money Market;458;75;2025-10-18
3294;31968;100031968;USD AXA9;765;Diversified;765;50;2024-11-29
3295;31971;100031971;EGX30 ETF;1264;Conservative;1264;100;2024-12-25
3296;31984;100031984;Diversified;1825;Secure;1825;25;2025-01-17
3297;32036;100032036;Secure;795;Al Safwa;795;75;2025-12-30
3298;32045;100032045;Sama;1464;Growth;1464;50;2025-06-30
3299;32052;100032052;Dollar Saver;640;USD Growth Saver;640;25;2024-06-27
3300;32063;100032063;Gold;899;Secure;899;50;2024-04-03
3301;32098;100032098;Equities;1941;Conservative;1941;25;2024-12-13
3302;32109;100032109;USD AXA9;618;Money Market;618;50;2024-08-19
3303;32134;100032134;Sama;1868;Active;1868;75;2025-06-24
3304;32153;100032153;Gold;831;Secure;831;100;2025-07-04
3305;32189;100032189;Gold;6600;EGP AXA10;6600;100;2024-12-15
3306;32221;100032221;Dollar Saver;1880;USD AXA9;1880;50;2025-02-28
3307;32247;100032247;Growth;2179;USD AXA9;2179;50;2024-10-30
3308;32264;100032264;Secure;1166;Dollar Saver;1166;75;2024-09-02
3309;32272;100032272;Dollar Saver;1116;Sama;1116;50;2024-06-22
3310;32280;100032280;Gold;1022;Dollar Saver;1022;50;2025-01-14
3311;32294;100032294;Growth;4512;USD Growth Saver;4512;100;2024-07-01
3312;32302;100032302;USD Growth Saver;2983;USD Growth Saver;2983;100;2025-10-16
3313;32334;100032334;EGX30 ETF;2303;Active;2303;50;2024-07-03
3314;32357;100032357;Diversified;1476;Active;1476;50;2024-05-28
3315;32363;100032363;USD Growth Saver;2265;Dollar Saver;2265;50;2025-06-12
3316;32427;100032427;Secure;6342;Growth;6342;25;2024-02-25
3317;32460;100032460;EGX30 ETF;3076;Active;3076;75;2025-07-23
3318;32463;100032463;EGX30 ETF;2874;Growth;2874;75;2025-03-08
3319;32597;100032597;EGX30 ETF;1063;Active;1063;100;2025-10-31
3320;32610;100032610;USD Growth Saver;2865;Equities;2865;100;2024-08-17
3321;32660;100032660;Sama;288;EGX30 ETF;288;25;2024-05-27
3322;32695;100032695;Diversified;2324;USD AXA9;2324;75;2025-08-25
3323;32753;100032753;EGX30 ETF;1608;Conservative;1608;50;2025-07-14
3324;32783;100032783;EGX30 ETF;2228;Active;2228;50;2025-06-15
3325;32843;100032843;USD Growth Saver;187;Active;187;50;2024-06-06
3326;32852;100032852;Al Safwa;2796;Al Safwa;2796;75;2024-06-01
3327;32888;100032888;Gold;2387;USD AXA9;2387;100;2024-02-15
3328;32899;100032899;USD Growth Saver;3907;Conservative;3907;50;2024-08-11
3329;32904;100032904;Dollar Saver;2139;Money Market;2139;50;2024-11-15
3330;32929;100032929;Equities;920;Sama;920;25;2025-10-20
3331;32964;100032964;Equities;1367;Secure;1367;25;2025-03-20
3332;32987;100032987;Al Safwa;1645;Al Safwa;1645;100;2025-08-20
3333;32999;100032999;Conservative;1463;Secure;1463;100;2025-09-23
3334;33006;100033006;Gold;2292;Al Safwa;2292;50;2025-12-25
3335;33032;100033032;EGX30 ETF;743;Conservative;743;100;2024-09-11
3336;33054;100033054;Secure;642;Diversified;642;25;2025-11-17
3337;33118;100033118;Secure;1524;EGP AXA10;1524;75;2025-09-17
3338;33136;100033136;EGX30 ETF;1817;Active;1817;50;2024-03-12
3339;33149;100033149;USD AXA9;889;Conservative;889;25;2024-07-21
3340;33154;100033154;EGX30 ETF;2648;Growth;2648;75;2025-09-22
3341;33231;100033231;USD AXA9;3805;Diversified;3805;100;2025-09-22
3342;33245;100033245;Equities;1326;EGX30 ETF;1326;50;2025-04-27
3343;33296;100033296;EGP AXA10;2282;EGX30 ETF;2282;25;2024-04-23
3344;33410;100033410;Equities;2563;Conservative;2563;100;2025-10-22
3345;33437;100033437;Secure;2371;Active;2371;50;2025-07-01
3346;33458;100033458;Growth;2381;Sama;2381;25;2024-06-07
3347;33485;100033485;Al Safwa;2645;EGX30 ETF;2645;100;2024-11-27
3348;33490;100033490;EGX30 ETF;5462;Active;5462;75;2024-05-18
3349;33501;100033501;Growth;4197;Growth;4197;100;2024-03-23
3350;33539;100033539;Diversified;1436;Dollar Saver;1436;25;2024-05-05
3351;33554;100033554;Diversified;2709;Money Market;2709;75;2025-05-14
3352;33590;100033590;Dollar Saver;698;Active;698;75;2024-09-23
3353;33645;100033645;Active;718;Active;718;75;2025-12-21
3354;33676;100033676;Gold;1256;Sama;1256;75;2024-08-20
3355;33700;100033700;Gold;584;USD Growth Saver;584;75;2025-02-10
3356;33748;100033748;Gold;2197;Active;2197;100;2024-04-24
3357;33750;100033750;Growth;1555;Secure;1555;75;2025-04-03
3358;33782;100033782;Diversified;2286;Gold;2286;100;2024-12-31
3359;33831;100033831;EGP AXA10;2023;Secure;2023;50;2025-09-11
3360;33838;100033838;Gold;3215;Gold;3215;75;2025-08-15
3361;33905;100033905;Conservative;1622;Money Market;1622;50;2025-12-10
3362;33908;100033908;Sama;1675;Equities;1675;25;2024-11-30
3363;33935;100033935;Equities;1511;Sama;1511;25;2024-02-16
3364;33968;100033968;Al Safwa;3937;EGX30 ETF;3937;50;2025-06-30
3365;34005;100034005;Al Safwa;3221;Growth;3221;75;2025-12-17
3366;34012;100034012;EGP AXA10;505;Al Safwa;505;100;2025-04-26
3367;34014;100034014;Conservative;1206;USD Growth Saver;1206;25;2025-01-15
3368;34053;100034053;Al Safwa;2322;EGP AXA10;2322;50;2025-01-19
3369;34060;100034060;Diversified;2515;Sama;2515;100;2025-05-02
3370;34067;100034067;Al Safwa;4279;Growth;4279;25;2024-09-18
3371;34068;100034068;Al Safwa;817;Growth;817;25;2024-10-07
3372;34076;100034076;Conservative;998;Diversified;998;25;2024-11-01
3373;34097;100034097;USD Growth Saver;731;EGX30 ETF;731;75;2025-10-14
3374;34126;100034126;Money Market;860;EGP AXA10;860;75;2025-10-07
3375;34137;100034137;Growth;477;USD AXA9;477;75;2024-05-11
3376;34144;100034144;Active;3640;Secure;3640;25;2025-08-08
3377;34170;100034170;Secure;4562;Al Safwa;4562;100;2025-01-04
3378;34215;100034215;Diversified;1636;Al Safwa;1636;50;2025-07-11
3379;34248;100034248;Gold;2067;Gold;2067;25;2024-05-31
3380;34251;100034251;Active;3351;USD AXA9;3351;50;2024-12-08
3381;34275;100034275;USD Growth Saver;3745;Secure;3745;100;2025-08-11
3382;34332;100034332;Growth;1725;Conservative;1725;75;2024-02-05
3383;34377;100034377;USD Growth Saver;2765;Active;2765;75;2025-12-24
3384;34379;100034379;EGP AXA10;581;Al Safwa;581;25;2024-10-31
3385;34399;100034399;Sama;635;Gold;635;100;2024-05-21
3386;34427;100034427;EGP AXA10;3112;Sama;3112;100;2025-09-24
3387;34448;100034448;Conservative;631;Conservative;631;50;2024-07-25
3388;34450;100034450;Equities;607;Dollar Saver;607;25;2025-09-11
3389;34502;100034502;EGX30 ETF;710;EGP AXA10;710;25;2025-05-19
3390;34583;100034583;USD AXA9;1500;Al Safwa;1500;25;2025-06-22
3391;34607;100034607;Active;1888;Sama;1888;25;2025-12-07
3392;34618;100034618;Secure;776;EGX30 ETF;776;50;2024-11-09
3393;34630;100034630;Equities;1480;Equities;1480;25;2024-12-24
3394;34693;100034693;Growth;3053;Equities;3053;75;2024-06-17
3395;34700;100034700;Equities;2124;EGP AXA10;2124;50;2024-09-30
3396;34704;100034704;Diversified;135;Equities;135;75;2024-02-14
3397;34729;100034729;USD Growth Saver;1258;Equities;1258;25;2025-05-20
3398;34755;100034755;EGX30 ETF;1737;Sama;1737;75;2025-12-10
3399;34788;100034788;EGP AXA10;1482;Diversified;1482;75;2024-11-13
3400;34794;100034794;Sama;3880;Secure;3880;25;2025-08-20
3401;34820;100034820;Conservative;2112;Diversified;2112;100;2024-10-08
3402;34848;100034848;Gold;1910;USD AXA9;1910;50;2024-06-21
3403;34932;100034932;Money Market;901;Sama;901;75;2025-02-10
3404;34964;100034964;Sama;1741;Growth;1741;25;2024-08-13
3405;34993;100034993;EGP AXA10;1115;Equities;1115;50;2025-06-05
3406;35026;100035026;Gold;1914;Al Safwa;1914;25;2024-10-02
3407;35027;100035027;Conservative;582;Diversified;582;25;2024-07-14
3408;45861;100045861;USD Growth Saver;371;EGX30 ETF;371;50;2024-08-16
3409;35122;100035122;Dollar Saver;1411;Diversified;1411;100;2024-02-12
3410;35127;100035127;USD AXA9;543;Gold;543;25;2025-05-26
3411;35147;100035147;USD Growth Saver;4311;EGX30 ETF;4311;100;2024-07-02
3412;35169;100035169;Gold;2652;Growth;2652;25;2025-07-18
3413;35204;100035204;EGP AXA10;2734;Equities;2734;100;2025-07-15
3414;35242;100035242;USD AXA9;2148;EGX30 ETF;2148;75;2025-09-24
3415;35305;100035305;USD AXA9;1714;Dollar Saver;1714;100;2025-03-25
3416;35319;100035319;Gold;1136;Conservative;1136;50;2025-06-22
3417;35349;100035349;Equities;2168;Money Market;2168;100;2024-03-04
3418;35351;100035351;Equities;901;USD AXA9;901;100;2025-07-02
3419;35392;100035392;Al Safwa;3754;Dollar Saver;3754;100;2024-10-30
3420;35396;100035396;EGP AXA10;5402;EGX30 ETF;5402;50;2024-12-07
3421;35409;100035409;Active;493;EGX30 ETF;493;100;2025-07-26
3422;35446;100035446;Dollar Saver;773;Diversified;773;100;2024-04-01
3423;35502;100035502;Diversified;76;USD AXA9;76;75;2025-05-19
3424;35522;100035522;EGX30 ETF;876;Diversified;876;50;2025-03-19
3425;35531;100035531;EGP AXA10;2171;USD AXA9;2171;75;2024-05-11
3426;35540;100035540;Active;276;Active;276;50;2025-01-27
3427;35567;100035567;USD AXA9;500;Growth;500;100;2024-02-22
3428;35575;100035575;USD AXA9;1279;Sama;1279;50;2025-01-22
3429;35577;100035577;USD AXA9;3276;Growth;3276;100;2025-01-25
3430;35585;100035585;Growth;1624;EGX30 ETF;1624;75;2025-07-22
3431;35608;100035608;Dollar Saver;5989;Sama;5989;75;2024-08-06
3432;35619;100035619;Active;174;Conservative;174;75;2025-12-28
3433;35673;100035673;Al Safwa;4827;Al Safwa;4827;50;2025-08-30
3434;35709;100035709;USD Growth Saver;2647;Money Market;2647;75;2025-12-03
3435;35714;100035714;USD Growth Saver;1459;EGP AXA10;1459;75;2024-03-28
3436;35718;100035718;Active;3090;Secure;3090;50;2024-08-18
3437;35720;100035720;Diversified;1175;USD Growth Saver;1175;75;2025-02-20
3438;35731;100035731;Growth;3809;Dollar Saver;3809;75;2024-08-07
3439;35732;100035732;EGX30 ETF;3245;Active;3245;25;2025-04-22
3440;35733;100035733;Gold;2041;EGX30 ETF;2041;75;2025-03-15
3441;35796;100035796;Active;624;Sama;624;50;2025-04-16
3442;35798;100035798;Diversified;2899;Diversified;2899;50;2025-12-14
3443;46370;100046370;Al Safwa;1986;Money Market;1986;75;2025-08-21
3444;35834;100035834;Dollar Saver;2589;Secure;2589;50;2024-06-23
3445;35842;100035842;USD AXA9;5082;Sama;5082;25;2024-06-06
3446;35898;100035898;Dollar Saver;4147;EGX30 ETF;4147;100;2025-10-12
3447;35941;100035941;Gold;3501;EGP AXA10;3501;100;2024-02-29
3448;35959;100035959;Sama;1981;Secure;1981;100;2024-02-25
3449;35971;100035971;Conservative;490;EGP AXA10;490;25;2025-02-25
3450;35981;100035981;USD AXA9;1783;EGX30 ETF;1783;75;2025-10-15
3451;36018;100036018;USD AXA9;1191;Money Market;1191;25;2024-09-15
3452;36065;100036065;Gold;3386;Dollar Saver;3386;100;2025-01-25
3453;36085;100036085;Equities;846;Secure;846;50;2025-09-15
3454;36112;100036112;Secure;710;Conservative;710;100;2024-05-31
3455;36147;100036147;Secure;2041;Growth;2041;25;2025-11-12
3456;36209;100036209;USD Growth Saver;1867;Gold;1867;50;2025-12-08
3457;36230;100036230;Conservative;5257;USD AXA9;5257;75;2025-04-01
3458;36237;100036237;Gold;168;Active;168;75;2024-06-02
3459;36245;100036245;Gold;2227;Active;2227;75;2024-09-21
3460;36252;100036252;EGP AXA10;2788;Secure;2788;75;2025-06-05
3461;36290;100036290;Gold;2432;Al Safwa;2432;75;2024-02-24
3462;36304;100036304;Al Safwa;1811;USD AXA9;1811;75;2024-10-18
3463;36346;100036346;Gold;1077;Diversified;1077;100;2024-12-16
3464;36358;100036358;Dollar Saver;1212;Dollar Saver;1212;50;2025-07-23
3465;36376;100036376;EGP AXA10;1960;Diversified;1960;50;2024-10-23
3466;36377;100036377;Sama;962;Al Safwa;962;25;2024-04-16
3467;36387;100036387;Money Market;198;Diversified;198;50;2025-06-19
3468;36392;100036392;Al Safwa;3963;EGP AXA10;3963;100;2024-08-16
3469;36399;100036399;Conservative;2618;Growth;2618;100;2025-04-07
3470;36437;100036437;Diversified;950;Growth;950;50;2025-03-01
3471;36470;100036470;EGX30 ETF;944;Conservative;944;25;2025-08-03
3472;36488;100036488;Growth;868;Sama;868;50;2024-10-11
3473;36494;100036494;Active;4679;Secure;4679;75;2024-12-08
3474;36502;100036502;Diversified;1325;Dollar Saver;1325;50;2025-12-06
3475;36503;100036503;Secure;1002;Sama;1002;100;2025-12-26
3476;36513;100036513;Equities;5343;Diversified;5343;100;2025-10-08
3477;36521;100036521;Money Market;3547;Equities;3547;100;2024-08-14
3478;36623;100036623;Equities;1218;Al Safwa;1218;50;2024-08-28
3479;37470;100037470;Growth;1648;Dollar Saver;1648;75;2025-08-29
3480;36642;100036642;EGX30 ETF;854;Secure;854;50;2024-08-09
3481;36680;100036680;USD AXA9;1331;Sama;1331;50;2025-02-10
3482;36724;100036724;USD AXA9;1753;Growth;1753;75;2024-09-19
3483;36762;100036762;Active;431;USD AXA9;431;100;2024-10-14
3484;36797;100036797;USD AXA9;4500;Dollar Saver;4500;75;2024-12-17
3485;36817;100036817;Diversified;709;EGP AXA10;709;75;2025-11-18
3486;36819;100036819;Gold;5049;USD Growth Saver;5049;75;2025-04-04
3487;36838;100036838;Growth;2381;USD AXA9;2381;50;2025-09-15
3488;36843;100036843;Money Market;957;EGX30 ETF;957;75;2024-07-24
3489;36859;100036859;Secure;1015;Diversified;1015;50;2025-05-22
3490;36920;100036920;Dollar Saver;2069;EGX30 ETF;2069;25;2025-06-21
3491;36929;100036929;Gold;2203;USD Growth Saver;2203;75;2024-02-28
3492;36939;100036939;Diversified;2165;Dollar Saver;2165;25;2025-07-15
3493;36981;100036981;Al Safwa;1935;Growth;1935;75;2025-08-09
3494;37063;100037063;Dollar Saver;1844;Al Safwa;1844;100;2025-06-26
3495;37071;100037071;Al Safwa;6596;Active;6596;25;2024-10-02
3496;37114;100037114;EGP AXA10;1759;Equities;1759;75;2025-09-18
3497;37126;100037126;Dollar Saver;2618;Secure;2618;75;2025-12-11
3498;37137;100037137;Gold;2842;Al Safwa;2842;25;2025-10-08
3499;37140;100037140;Money Market;2992;Growth;2992;100;2024-06-12
3500;37153;100037153;Secure;1509;EGP AXA10;1509;75;2024-08-05
3501;37168;100037168;Growth;2367;EGP AXA10;2367;75;2024-08-07
3502;37184;100037184;Al Safwa;307;Gold;307;100;2024-08-21
3503;37189;100037189;Gold;510;Al Safwa;510;50;2024-02-09
3504;37223;100037223;USD Growth Saver;2222;Secure;2222;100;2024-12-28
3505;37269;100037269;Secure;1057;Equities;1057;25;2025-01-24
3506;37293;100037293;USD AXA9;4140;Gold;4140;75;2024-06-15
3507;37331;100037331;Money Market;1342;Conservative;1342;50;2025-09-27
3508;37337;100037337;Diversified;1759;Conservative;1759;50;2024-03-29
3509;37370;100037370;Secure;2193;Secure;2193;75;2024-07-25
3510;37376;100037376;Gold;5663;Secure;5663;25;2025-03-04
3511;37386;100037386;Growth;1023;EGP AXA10;1023;25;2025-02-11
3512;39134;100039134;Growth;1991;USD AXA9;1991;100;2024-11-19
3513;37434;100037434;USD AXA9;1752;Dollar Saver;1752;100;2025-08-03
3514;37443;100037443;EGX30 ETF;849;Gold;849;25;2024-09-20
3515;37446;100037446;Active;3980;USD Growth Saver;3980;75;2025-01-08
3516;37455;100037455;Conservative;5554;Dollar Saver;5554;50;2024-12-08
3517;37478;100037478;Active;5724;Money Market;5724;50;2024-09-22
3518;37482;100037482;Diversified;2131;Conservative;2131;25;2025-10-08
3519;37508;100037508;EGP AXA10;2380;Al Safwa;2380;50;2024-03-09
3520;37509;100037509;Equities;861;Secure;861;50;2024-08-30
3521;37543;100037543;Active;1399;Growth;1399;100;2024-07-26
3522;37576;100037576;Active;1976;Growth;1976;25;2024-05-30
3523;37602;100037602;EGP AXA10;1518;Sama;1518;50;2024-11-24
3524;37605;100037605;Dollar Saver;1193;Dollar Saver;1193;50;2025-01-08
3525;37629;100037629;Al Safwa;2037;Equities;2037;25;2025-11-06
3526;37704;100037704;Conservative;4487;Sama;4487;50;2025-09-17
3527;37730;100037730;Al Safwa;2928;Money Market;2928;50;2025-02-22
3528;37768;100037768;Diversified;2430;EGP AXA10;2430;25;2024-04-08
3529;37816;100037816;Growth;507;USD AXA9;507;100;2025-02-24
3530;37819;100037819;USD Growth Saver;1952;Growth;1952;75;2025-09-06
3531;37861;100037861;USD Growth Saver;196;EGP AXA10;196;25;2024-09-06
3532;37873;100037873;Al Safwa;5839;Growth;5839;100;2024-07-17
3533;37881;100037881;USD AXA9;4696;USD Growth Saver;4696;75;2024-02-19
3534;37900;100037900;USD Growth Saver;1532;EGX30 ETF;1532;25;2024-06-22
3535;37910;100037910;Gold;2401;Gold;2401;75;2025-01-31
3536;37924;100037924;Active;390;Dollar Saver;390;75;2025-11-05
3537;37925;100037925;USD AXA9;570;Sama;570;75;2025-05-02
3538;37963;100037963;Active;2141;Secure;2141;75;2025-04-28
3539;38003;100038003;Al Safwa;735;EGP AXA10;735;50;2024-05-28
3540;38009;100038009;EGP AXA10;553;Equities;553;100;2024-11-07
3541;38029;100038029;Gold;2466;Conservative;2466;25;2025-08-11
3542;38042;100038042;Growth;2113;Diversified;2113;25;2025-11-07
3543;38136;100038136;Active;2092;Dollar Saver;2092;100;2025-05-31
3544;38152;100038152;Diversified;2758;USD AXA9;2758;100;2025-08-19
3545;38154;100038154;USD Growth Saver;769;Money Market;769;25;2024-04-28
3546;38156;100038156;Al Safwa;811;Active;811;75;2024-07-06
3547;38208;100038208;EGX30 ETF;2173;EGP AXA10;2173;25;2024-02-12
3548;38235;100038235;Growth;2284;Secure;2284;100;2025-03-19
3549;38243;100038243;Sama;3288;Growth;3288;100;2025-06-27
3550;38249;100038249;USD Growth Saver;3325;EGX30 ETF;3325;100;2025-11-19
3551;38269;100038269;Sama;1524;Dollar Saver;1524;100;2024-11-18
3552;38277;100038277;USD Growth Saver;2415;Secure;2415;100;2024-11-18
3553;38288;100038288;EGP AXA10;3480;USD Growth Saver;3480;75;2025-02-13
3554;38310;100038310;Secure;1621;Al Safwa;1621;50;2024-08-30
3555;38326;100038326;EGP AXA10;671;EGX30 ETF;671;50;2025-02-20
3556;38328;100038328;Money Market;2180;Sama;2180;25;2025-06-08
3557;38334;100038334;Secure;372;Al Safwa;372;100;2025-03-04
3558;38336;100038336;EGP AXA10;1127;Growth;1127;50;2025-11-30
3559;38337;100038337;Conservative;1692;Sama;1692;100;2024-12-11
3560;38360;100038360;EGP AXA10;1016;Dollar Saver;1016;100;2024-12-10
3561;38371;100038371;USD AXA9;2228;Active;2228;25;2025-01-29
3562;38373;100038373;EGX30 ETF;2220;EGX30 ETF;2220;25;2025-08-10
3563;38376;100038376;EGP AXA10;1774;USD Growth Saver;1774;25;2024-09-02
3564;38395;100038395;Money Market;1978;Diversified;1978;25;2025-10-03
3565;38426;100038426;Conservative;6107;USD Growth Saver;6107;25;2025-09-30
3566;38458;100038458;USD Growth Saver;4123;EGX30 ETF;4123;100;2025-04-08
3567;38476;100038476;Gold;1166;Dollar Saver;1166;75;2025-06-13
3568;38484;100038484;USD AXA9;2831;Al Safwa;2831;75;2024-04-10
3569;38500;100038500;Al Safwa;3803;Money Market;3803;100;2025-08-29
3570;38515;100038515;Sama;1437;Sama;1437;75;2025-07-18
3571;38536;100038536;Conservative;464;Diversified;464;75;2025-04-08
3572;38576;100038576;Al Safwa;1456;Al Safwa;1456;25;2025-09-19
3573;38582;100038582;Diversified;1804;Sama;1804;75;2024-02-01
3574;38649;100038649;Money Market;2455;Gold;2455;25;2025-03-11
3575;38671;100038671;Sama;4054;Sama;4054;100;2025-08-30
3576;38679;100038679;Al Safwa;3153;Gold;3153;25;2025-08-09
3577;38718;100038718;Gold;5649;Al Safwa;5649;25;2024-09-03
3578;38725;100038725;Diversified;4160;Equities;4160;75;2025-05-17
3579;38731;100038731;Conservative;394;Gold;394;100;2024-06-01
3580;38767;100038767;Money Market;505;Conservative;505;50;2025-01-16
3581;38806;100038806;Diversified;592;Secure;592;25;2024-12-07
3582;39074;100039074;EGP AXA10;3656;Conservative;3656;100;2024-11-30
3583;38845;100038845;Gold;3446;Money Market;3446;25;2024-08-11
3584;38869;100038869;Gold;1697;Active;1697;25;2024-03-14
3585;38874;100038874;Growth;3367;USD AXA9;3367;50;2025-12-18
3586;38944;100038944;USD AXA9;1955;Secure;1955;100;2025-11-30
3587;38984;100038984;USD AXA9;1066;Dollar Saver;1066;25;2024-06-30
3588;38994;100038994;USD Growth Saver;1879;EGX30 ETF;1879;75;2025-04-20
3589;39036;100039036;Equities;2831;Money Market;2831;100;2024-09-24
3590;39081;100039081;USD AXA9;2759;Gold;2759;75;2025-06-05
3591;39182;100039182;Diversified;1510;Dollar Saver;1510;100;2024-02-28
3592;39203;100039203;EGP AXA10;586;Diversified;586;75;2025-03-22
3593;39229;100039229;Money Market;394;Diversified;394;75;2024-10-26
3594;39287;100039287;Conservative;1302;Dollar Saver;1302;100;2024-03-19
3595;39288;100039288;Equities;718;Secure;718;25;2024-07-10
3596;39327;100039327;USD Growth Saver;1533;Money Market;1533;100;2025-09-26
3597;39328;100039328;Gold;3529;Secure;3529;75;2025-03-11
3598;39363;100039363;Al Safwa;2130;Secure;2130;75;2024-10-03
3599;39429;100039429;EGP AXA10;2135;Diversified;2135;100;2024-10-11
3600;39503;100039503;EGX30 ETF;1264;Active;1264;100;2024-10-14
3601;39569;100039569;EGP AXA10;1989;Secure;1989;25;2025-02-12
3602;39603;100039603;Diversified;4453;USD Growth Saver;4453;50;2025-03-26
3603;39650;100039650;Growth;1310;Diversified;1310;75;2025-07-30
3604;39658;100039658;EGP AXA10;4620;Al Safwa;4620;100;2025-02-09
3605;39747;100039747;Dollar Saver;5299;EGP AXA10;5299;100;2025-03-31
3606;39748;100039748;Active;584;Dollar Saver;584;25;2025-03-07
3607;39773;100039773;Growth;4425;EGP AXA10;4425;25;2025-09-04
3608;39783;100039783;Secure;2802;Gold;2802;50;2025-12-28
3609;39790;100039790;Diversified;895;Diversified;895;25;2024-11-19
3610;39816;100039816;EGP AXA10;791;Money Market;791;50;2024-06-20
3611;39903;100039903;Al Safwa;2833;Secure;2833;50;2024-05-12
3612;39916;100039916;Sama;663;Conservative;663;25;2025-03-03
3613;39932;100039932;Active;1790;Al Safwa;1790;25;2024-04-04
3614;39964;100039964;USD Growth Saver;615;Dollar Saver;615;75;2025-11-01
3615;39969;100039969;Diversified;980;Al Safwa;980;75;2024-08-24
3616;39973;100039973;EGX30 ETF;2368;Al Safwa;2368;25;2024-04-23
3617;39976;100039976;USD Growth Saver;1405;Dollar Saver;1405;25;2025-01-02
3618;39980;100039980;Diversified;521;Dollar Saver;521;50;2025-06-16
3619;40024;100040024;Secure;388;Dollar Saver;388;100;2024-05-19
3620;40038;100040038;Conservative;6381;Dollar Saver;6381;50;2024-05-19
3621;40041;100040041;Dollar Saver;634;EGX30 ETF;634;100;2025-09-13
3622;40155;100040155;Equities;780;Growth;780;100;2025-01-24
3623;40160;100040160;Dollar Saver;3352;Dollar Saver;3352;75;2024-04-29
3624;40162;100040162;EGP AXA10;3703;USD AXA9;3703;25;2024-07-10
3625;40184;100040184;Money Market;1705;Sama;1705;100;2024-08-15
3626;40199;100040199;Equities;983;USD Growth Saver;983;25;2024-05-22
3627;40211;100040211;Gold;3005;USD AXA9;3005;50;2024-06-18
3628;40216;100040216;Money Market;1577;Secure;1577;100;2025-12-12
3629;40297;100040297;Gold;562;Active;562;25;2025-01-30
3630;40316;100040316;EGP AXA10;4415;Dollar Saver;4415;75;2024-10-16
3631;40329;100040329;Growth;2650;Diversified;2650;50;2025-03-31
3632;40362;100040362;Conservative;2741;USD Growth Saver;2741;100;2025-12-27
3633;40384;100040384;Dollar Saver;2029;Growth;2029;100;2024-07-11
3634;40386;100040386;USD Growth Saver;2119;Al Safwa;2119;100;2024-07-09
3635;40446;100040446;Growth;2142;Dollar Saver;2142;75;2025-04-14
3636;40470;100040470;Sama;761;Gold;761;75;2025-01-06
3637;40474;100040474;Growth;720;Equities;720;75;2025-12-02
3638;40549;100040549;Active;714;Gold;714;100;2025-06-30
3639;40579;100040579;Money Market;704;Equities;704;25;2025-05-12
3640;40585;100040585;Active;3209;Equities;3209;75;2024-10-29
3641;40590;100040590;USD AXA9;3934;Conservative;3934;25;2024-12-26
3642;40601;100040601;USD Growth Saver;1375;USD Growth Saver;1375;50;2025-06-22
3643;40627;100040627;Conservative;851;Active;851;100;2025-05-28
3644;40685;100040685;Equities;819;Growth;819;100;2024-09-13
3645;41049;100041049;Growth;1223;Diversified;1223;75;2025-10-24
3646;40721;100040721;Money Market;3221;Dollar Saver;3221;100;2025-01-02
3647;41083;100041083;Active;1490;Secure;1490;25;2025-07-30
3648;40754;100040754;Secure;2050;EGP AXA10;2050;100;2024-03-19
3649;40769;100040769;EGP AXA10;634;Dollar Saver;634;75;2025-06-03
3650;40774;100040774;Dollar Saver;4034;Dollar Saver;4034;75;2025-10-08
3651;40777;100040777;Sama;4611;USD AXA9;4611;50;2025-12-19
3652;40780;100040780;EGX30 ETF;2244;Active;2244;100;2025-03-04
3653;40815;100040815;Active;948;USD Growth Saver;948;100;2024-06-29
3654;40833;100040833;Money Market;2346;Dollar Saver;2346;75;2024-12-20
3655;40872;100040872;Money Market;1400;Secure;1400;25;2025-12-23
3656;40927;100040927;EGX30 ETF;801;USD Growth Saver;801;50;2024-08-08
3657;40947;100040947;Sama;368;Al Safwa;368;75;2024-08-23
3658;40989;100040989;Gold;1205;Conservative;1205;100;2025-12-30
3659;41067;100041067;Diversified;1490;USD AXA9;1490;100;2024-07-08
3660;41078;100041078;USD Growth Saver;999;Equities;999;100;2024-10-02
3661;41080;100041080;Equities;1667;Equities;1667;50;2024-08-18
3662;41160;100041160;Diversified;837;Dollar Saver;837;75;2024-11-18
3663;41164;100041164;EGX30 ETF;1959;Al Safwa;1959;50;2025-09-03
3664;41168;100041168;Dollar Saver;1395;Equities;1395;50;2024-05-12
3665;41186;100041186;USD Growth Saver;3802;Sama;3802;75;2025-01-06
3666;41193;100041193;Al Safwa;1503;EGP AXA10;1503;50;2024-08-16
3667;41263;100041263;Growth;2327;Gold;2327;75;2025-08-08
3668;41301;100041301;Money Market;581;Al Safwa;581;100;2025-02-04
3669;41334;100041334;Equities;2149;EGX30 ETF;2149;50;2024-09-07
3670;41362;100041362;EGP AXA10;1078;Growth;1078;75;2025-02-09
3671;41408;100041408;Dollar Saver;5291;Secure;5291;75;2024-04-03
3672;41490;100041490;Gold;497;Sama;497;100;2025-05-02
3673;41533;100041533;Gold;3253;EGX30 ETF;3253;75;2024-11-14
3674;41555;100041555;Diversified;1200;Sama;1200;50;2025-07-03
3675;41583;100041583;Growth;5576;Secure;5576;25;2025-01-19
3676;41645;100041645;Al Safwa;886;Conservative;886;50;2025-01-28
3677;41651;100041651;USD AXA9;1805;USD AXA9;1805;50;2025-12-08
3678;41706;100041706;Conservative;1137;USD Growth Saver;1137;75;2024-04-23
3679;41716;100041716;Active;664;USD AXA9;664;75;2025-09-01
3680;41735;100041735;USD Growth Saver;1428;Active;1428;50;2024-05-31
3681;41769;100041769;EGP AXA10;2732;Money Market;2732;25;2025-10-18
3682;41772;100041772;Conservative;1497;Secure;1497;75;2024-10-14
3683;41778;100041778;Diversified;956;USD Growth Saver;956;25;2025-10-13
3684;41787;100041787;Diversified;1437;Gold;1437;25;2024-11-30
3685;41802;100041802;Sama;2023;Conservative;2023;100;2025-10-15
3686;41805;100041805;USD AXA9;163;EGX30 ETF;163;50;2024-10-17
3687;41822;100041822;Money Market;2244;Gold;2244;25;2024-02-28
3688;41831;100041831;EGX30 ETF;1531;Conservative;1531;100;2024-09-12
3689;41862;100041862;USD AXA9;549;USD Growth Saver;549;75;2024-06-29
3690;41867;100041867;Conservative;4124;Al Safwa;4124;50;2024-07-17
3691;41885;100041885;USD Growth Saver;497;Growth;497;25;2024-04-24
3692;41905;100041905;Growth;1265;Growth;1265;50;2025-02-04
3693;41961;100041961;Diversified;3586;Al Safwa;3586;50;2024-08-25
3694;42005;100042005;Money Market;510;Secure;510;25;2024-10-10
3695;42107;100042107;EGP AXA10;921;USD Growth Saver;921;100;2024-04-14
3696;42152;100042152;EGX30 ETF;1154;Dollar Saver;1154;100;2025-05-03
3697;42204;100042204;Gold;840;USD AXA9;840;25;2024-09-27
3698;42205;100042205;USD Growth Saver;2127;Secure;2127;25;2024-09-02
3699;42336;100042336;Equities;1385;Dollar Saver;1385;75;2025-03-23
3700;42379;100042379;Dollar Saver;460;EGX30 ETF;460;50;2024-02-11
3701;42394;100042394;EGP AXA10;1346;Equities;1346;50;2024-05-13
3702;42408;100042408;Al Safwa;941;Growth;941;100;2024-03-31
3703;42459;100042459;USD Growth Saver;5854;Growth;5854;75;2025-05-19
3704;42470;100042470;Equities;748;Dollar Saver;748;100;2025-08-04
3705;42496;100042496;USD AXA9;1532;USD AXA9;1532;100;2024-10-30
3706;42544;100042544;USD Growth Saver;2622;EGP AXA10;2622;75;2024-06-10
3707;42568;100042568;EGX30 ETF;692;EGP AXA10;692;75;2025-06-17
3708;42586;100042586;Gold;1289;Equities;1289;25;2024-04-22
3709;42592;100042592;Dollar Saver;2841;Diversified;2841;75;2024-06-11
3710;42597;100042597;Sama;2513;Gold;2513;75;2025-05-24
3711;42600;100042600;Diversified;1068;EGP AXA10;1068;100;2025-09-09
3712;42639;100042639;Conservative;1946;Equities;1946;50;2025-02-28
3713;42649;100042649;Diversified;310;USD AXA9;310;100;2024-04-04
3714;42727;100042727;Dollar Saver;3059;Dollar Saver;3059;100;2024-03-26
3715;42746;100042746;Diversified;1139;EGX30 ETF;1139;100;2024-08-29
3716;42750;100042750;USD Growth Saver;1113;Equities;1113;100;2024-03-29
3717;42792;100042792;Diversified;3587;Diversified;3587;75;2024-06-23
3718;42812;100042812;USD AXA9;1507;Secure;1507;25;2025-04-17
3719;42826;100042826;Conservative;1249;Sama;1249;100;2024-03-14
3720;42832;100042832;Conservative;1283;Sama;1283;50;2025-11-25
3721;42860;100042860;Diversified;4496;USD Growth Saver;4496;25;2024-06-25
3722;42884;100042884;Al Safwa;1422;Growth;1422;75;2025-02-15
3723;42904;100042904;Growth;2745;Sama;2745;75;2024-02-28
3724;42970;100042970;EGP AXA10;1771;USD AXA9;1771;75;2025-03-16
3725;43037;100043037;Diversified;1676;Dollar Saver;1676;75;2024-10-05
3726;43053;100043053;Money Market;2777;Diversified;2777;75;2024-07-25
3727;43095;100043095;Growth;705;EGP AXA10;705;50;2024-11-03
3728;43098;100043098;Money Market;1731;EGP AXA10;1731;50;2025-03-04
3729;43126;100043126;Gold;4487;Active;4487;100;2024-09-08
3730;43156;100043156;Sama;2978;EGX30 ETF;2978;25;2024-09-12
3731;43180;100043180;USD AXA9;6305;Equities;6305;100;2024-06-03
3732;43193;100043193;Growth;2731;Growth;2731;100;2024-08-06
3733;43207;100043207;USD AXA9;2636;Sama;2636;75;2024-06-19
3734;43231;100043231;Al Safwa;378;USD Growth Saver;378;100;2024-08-13
3735;43237;100043237;Money Market;2831;Active;2831;25;2025-10-04
3736;43266;100043266;Sama;1544;Conservative;1544;100;2024-10-26
3737;43340;100043340;Sama;4637;Secure;4637;100;2025-06-30
3738;43358;100043358;Gold;524;EGX30 ETF;524;50;2025-12-22
3739;43369;100043369;Conservative;3567;EGP AXA10;3567;50;2024-09-27
3740;43459;100043459;Al Safwa;725;Gold;725;75;2025-08-21
3741;43477;100043477;Sama;1704;Money Market;1704;100;2024-02-02
3742;43503;100043503;Conservative;3451;EGP AXA10;3451;100;2025-03-16
3743;43550;100043550;Money Market;1351;Dollar Saver;1351;25;2024-03-27
3744;43583;100043583;Equities;1738;USD AXA9;1738;75;2024-06-12
3745;43595;100043595;Equities;1715;Dollar Saver;1715;50;2025-09-07
3746;43596;100043596;Sama;1073;EGP AXA10;1073;100;2024-03-01
3747;43615;100043615;EGX30 ETF;703;Growth;703;50;2024-12-08
3748;43618;100043618;Al Safwa;1949;EGP AXA10;1949;50;2025-10-13
3749;43665;100043665;Money Market;288;Dollar Saver;288;50;2025-01-19
3750;43685;100043685;Al Safwa;2133;USD Growth Saver;2133;100;2025-11-03
3751;43693;100043693;EGP AXA10;1774;EGX30 ETF;1774;50;2025-09-26
3752;43700;100043700;EGP AXA10;3534;Al Safwa;3534;75;2024-10-17
3753;43716;100043716;Equities;2021;EGP AXA10;2021;75;2025-01-05
3754;43724;100043724;EGP AXA10;3006;Dollar Saver;3006;25;2024-05-17
3755;43752;100043752;EGP AXA10;4080;Conservative;4080;75;2024-06-01
3756;43807;100043807;Diversified;5308;EGP AXA10;5308;75;2024-09-26
3757;43864;100043864;Equities;803;USD AXA9;803;100;2025-04-03
3758;43869;100043869;Growth;1065;Secure;1065;25;2024-12-15
3759;43903;100043903;Diversified;586;Dollar Saver;586;25;2025-04-19
3760;44494;100044494;USD AXA9;881;Active;881;25;2025-07-15
3761;43977;100043977;Dollar Saver;2715;USD AXA9;2715;75;2025-07-19
3762;43978;100043978;USD Growth Saver;139;Conservative;139;75;2025-10-06
3763;44056;100044056;Gold;2047;Sama;2047;75;2025-03-18
3764;44076;100044076;USD Growth Saver;4435;Conservative;4435;50;2024-09-11
3765;44169;100044169;Secure;622;Growth;622;75;2025-09-08
3766;44207;100044207;Active;1903;Secure;1903;50;2025-10-19
3767;44266;100044266;Secure;1651;Al Safwa;1651;25;2025-11-27
3768;44272;100044272;Money Market;2356;EGX30 ETF;2356;100;2025-08-30
3769;44327;100044327;Growth;7594;Growth;7594;75;2024-10-30
3770;44340;100044340;Dollar Saver;2870;USD Growth Saver;2870;25;2025-05-29
3771;44377;100044377;USD AXA9;2748;EGX30 ETF;2748;75;2024-11-26
3772;44456;100044456;Secure;4819;Money Market;4819;75;2024-04-09
3773;44460;100044460;Active;2195;Conservative;2195;100;2024-07-29
3774;44535;100044535;Al Safwa;3095;Sama;3095;75;2025-08-02
3775;44592;100044592;EGP AXA10;3229;EGP AXA10;3229;75;2025-02-11
3776;44610;100044610;Al Safwa;2908;Equities;2908;100;2025-12-16
3777;44622;100044622;USD Growth Saver;2609;Diversified;2609;100;2025-01-11
3778;44680;100044680;Conservative;899;Active;899;50;2025-11-09
3779;44703;100044703;Growth;1151;Gold;1151;75;2024-05-19
3780;44762;100044762;Diversified;2515;Diversified;2515;25;2024-07-19
3781;44774;100044774;Secure;2994;Dollar Saver;2994;100;2024-12-24
3782;44848;100044848;Diversified;4361;Equities;4361;75;2025-04-26
3783;44873;100044873;Conservative;440;EGX30 ETF;440;50;2024-12-25
3784;44894;100044894;USD Growth Saver;2853;Dollar Saver;2853;25;2024-08-12
3785;44895;100044895;Gold;4173;USD AXA9;4173;100;2024-06-16
3786;44904;100044904;Gold;774;USD Growth Saver;774;75;2025-06-11
3787;44930;100044930;Gold;1927;Growth;1927;25;2024-08-14
3788;44963;100044963;USD AXA9;410;Secure;410;25;2025-05-31
3789;44969;100044969;Sama;3649;Gold;3649;75;2025-05-12
3790;44982;100044982;Diversified;2032;Growth;2032;75;2025-03-05
3791;44997;100044997;Growth;1912;Dollar Saver;1912;50;2025-08-29
3792;45007;100045007;EGX30 ETF;2673;Money Market;2673;75;2025-01-21
3793;45029;100045029;Secure;317;USD AXA9;317;75;2025-05-24
3794;45051;100045051;EGX30 ETF;288;Secure;288;75;2024-03-28
3795;45143;100045143;Growth;1776;Equities;1776;50;2025-04-12
3796;45161;100045161;Money Market;740;USD AXA9;740;75;2024-05-06
3797;45196;100045196;Conservative;1721;Sama;1721;100;2025-08-26
3798;45256;100045256;EGP AXA10;3429;Money Market;3429;100;2025-01-06
3799;45257;100045257;Al Safwa;1535;Equities;1535;50;2025-01-15
3800;45306;100045306;EGX30 ETF;2890;Growth;2890;25;2025-04-18
3801;45352;100045352;Al Safwa;2855;Diversified;2855;100;2025-03-05
3802;45359;100045359;Active;2432;Diversified;2432;25;2025-10-06
3803;45389;100045389;Equities;1000;Dollar Saver;1000;50;2025-10-02
3804;45487;100045487;EGP AXA10;3167;Dollar Saver;3167;100;2024-05-14
3805;45509;100045509;Gold;1976;USD AXA9;1976;25;2025-12-06
3806;45518;100045518;Conservative;2085;EGX30 ETF;2085;75;2024-11-16
3807;45537;100045537;Growth;549;EGX30 ETF;549;100;2025-05-01
3808;46434;100046434;Secure;812;Equities;812;100;2024-11-18
3809;45594;100045594;USD Growth Saver;2609;Conservative;2609;100;2025-02-16
3810;45595;100045595;Dollar Saver;1749;Active;1749;75;2025-01-19
3811;45600;100045600;EGP AXA10;2861;Sama;2861;25;2024-06-20
3812;45655;100045655;Dollar Saver;948;Growth;948;75;2024-12-15
3813;45657;100045657;USD AXA9;2239;Active;2239;75;2024-10-04
3814;45663;100045663;Gold;2513;Al Safwa;2513;50;2025-02-05
3815;45714;100045714;Al Safwa;1583;EGP AXA10;1583;75;2024-11-15
3816;45755;100045755;USD AXA9;3836;Gold;3836;75;2024-06-26
3817;45757;100045757;USD AXA9;2112;Secure;2112;50;2025-04-12
3818;45763;100045763;Sama;912;USD Growth Saver;912;50;2024-10-11
3819;45768;100045768;EGX30 ETF;752;Growth;752;100;2025-03-02
3820;45783;100045783;Diversified;570;EGP AXA10;570;50;2025-12-27
3821;45784;100045784;Sama;2697;Equities;2697;100;2025-12-30
3822;45826;100045826;Sama;392;Money Market;392;25;2024-12-22
3823;45854;100045854;Al Safwa;5018;EGP AXA10;5018;100;2025-10-23
3824;45873;100045873;Diversified;846;Diversified;846;75;2025-01-26
3825;45889;100045889;Growth;2924;Secure;2924;50;2024-05-23
3826;45923;100045923;USD AXA9;1893;Dollar Saver;1893;75;2024-08-06
3827;45948;100045948;Sama;2372;Sama;2372;75;2024-11-27
3828;46063;100046063;Growth;1292;USD Growth Saver;1292;100;2024-12-21
3829;46066;100046066;Growth;2126;Al Safwa;2126;25;2024-06-17
3830;46108;100046108;Sama;2582;Dollar Saver;2582;50;2024-04-05
3831;46140;100046140;Active;1641;Equities;1641;25;2025-08-10
3832;46159;100046159;Secure;4566;USD AXA9;4566;50;2025-04-20
3833;46284;100046284;Gold;1851;Growth;1851;75;2025-09-23
3834;46302;100046302;Active;2427;Diversified;2427;50;2025-05-28
3835;46365;100046365;EGP AXA10;2992;USD Growth Saver;2992;50;2025-04-21
3836;46374;100046374;EGX30 ETF;2436;USD Growth Saver;2436;50;2024-11-07
3837;46439;100046439;EGX30 ETF;2391;Conservative;2391;25;2024-05-23
3838;46449;100046449;Al Safwa;1850;Active;1850;25;2024-12-31
3839;46469;100046469;EGX30 ETF;1367;Gold;1367;75;2024-04-18
3840;46478;100046478;Sama;2223;Secure;2223;75;2024-02-19
3841;46485;100046485;USD Growth Saver;2289;Conservative;2289;100;2024-10-28
3842;46496;100046496;Dollar Saver;1115;Conservative;1115;50;2024-11-14
3843;46512;100046512;Dollar Saver;5026;Equities;5026;25;2025-11-03
3844;46552;100046552;Gold;1030;Conservative;1030;100;2024-02-14
3845;46566;100046566;Al Safwa;202;USD AXA9;202;75;2025-03-07
3846;46568;100046568;Dollar Saver;1677;Equities;1677;50;2025-08-05
3847;46578;100046578;Al Safwa;1865;Diversified;1865;25;2024-08-08
3848;46584;100046584;Money Market;3316;Sama;3316;50;2024-08-29
3849;46585;100046585;Diversified;1282;Money Market;1282;75;2025-08-26
3850;46600;100046600;Equities;2321;Diversified;2321;100;2025-05-09
3851;46642;100046642;Active;812;Diversified;812;25;2024-07-05
3852;46656;100046656;USD AXA9;1133;Active;1133;75;2024-07-20
3853;46705;100046705;Money Market;1402;Secure;1402;25;2025-04-04
3854;46727;100046727;Active;2087;Sama;2087;50;2025-09-02
3855;46790;100046790;Secure;2182;Money Market;2182;25;2024-05-29
3856;46810;100046810;Al Safwa;2355;EGX30 ETF;2355;25;2024-09-29
3857;46853;100046853;Equities;1874;Gold;1874;25;2024-02-09
3858;46856;100046856;EGX30 ETF;286;Dollar Saver;286;25;2024-09-28
3859;46859;100046859;EGX30 ETF;1300;Money Market;1300;100;2024-06-15
3860;46860;100046860;Active;2809;EGP AXA10;2809;50;2024-08-10
3861;46871;100046871;EGX30 ETF;2632;Al Safwa;2632;25;2025-03-09
3862;46970;100046970;Sama;1637;Sama;1637;25;2025-11-17
3863;46997;100046997;Money Market;1859;Diversified;1859;75;2025-04-16
3864;47021;100047021;EGX30 ETF;2208;Money Market;2208;50;2025-09-29
3865;47046;100047046;Growth;2193;EGP AXA10;2193;75;2024-05-05
3866;47107;100047107;Diversified;2191;Diversified;2191;50;2024-11-05
3867;47157;100047157;Sama;1792;Money Market;1792;75;2025-06-19
3868;47169;100047169;Sama;1827;Dollar Saver;1827;50;2024-05-26
3869;47170;100047170;EGX30 ETF;1191;Gold;1191;25;2025-01-05
3870;47173;100047173;Money Market;995;Growth;995;25;2024-04-01
3871;47231;100047231;Sama;786;Active;786;100;2025-02-19
3872;47252;100047252;Al Safwa;3551;Diversified;3551;100;2024-08-26
3873;47276;100047276;Money Market;6280;EGX30 ETF;6280;25;2024-09-12
3874;47282;100047282;Equities;934;EGX30 ETF;934;75;2025-04-20
3875;47299;100047299;Al Safwa;1891;EGP AXA10;1891;50;2025-10-05
3876;47381;100047381;Secure;1238;Money Market;1238;100;2025-10-11
3877;47398;100047398;Conservative;3197;Diversified;3197;75;2024-08-23
3878;47401;100047401;Equities;2129;USD AXA9;2129;25;2025-02-23
3879;47408;100047408;USD Growth Saver;2396;Growth;2396;100;2024-11-09
3880;47410;100047410;Equities;502;Growth;502;75;2024-04-08
3881;47465;100047465;Sama;715;Active;715;100;2024-12-07
3882;47472;100047472;USD AXA9;2186;Money Market;2186;25;2024-02-06
3883;47530;100047530;USD Growth Saver;4463;Conservative;4463;50;2025-02-28
3884;47557;100047557;EGP AXA10;1563;Al Safwa;1563;100;2024-03-18
3885;47563;100047563;Growth;4217;Al Safwa;4217;100;2024-04-03
3886;47569;100047569;Sama;1309;Growth;1309;25;2025-02-14
3887;47646;100047646;Money Market;746;Diversified;746;100;2025-05-10
3888;47652;100047652;EGP AXA10;3181;Conservative;3181;75;2025-07-20
3889;47654;100047654;EGX30 ETF;538;Dollar Saver;538;75;2025-01-07
3890;47674;100047674;Money Market;2246;EGP AXA10;2246;50;2024-08-11
3891;47676;100047676;Al Safwa;3877;EGX30 ETF;3877;75;2025-02-20
3892;47700;100047700;Growth;3045;Al Safwa;3045;25;2024-08-04
3893;47708;100047708;Money Market;2872;USD Growth Saver;2872;50;2024-09-28
3894;47718;100047718;Conservative;2035;Money Market;2035;50;2025-07-04
3895;47816;100047816;Sama;879;Growth;879;100;2025-03-21
3896;47908;100047908;Gold;1857;Diversified;1857;50;2024-04-11
3897;48007;100048007;USD AXA9;726;Sama;726;100;2025-10-22
3898;48026;100048026;Money Market;2340;Growth;2340;75;2025-07-28
3899;48038;100048038;Active;3103;Diversified;3103;75;2024-08-26
3900;48065;100048065;Equities;1932;EGP AXA10;1932;100;2025-06-05
3901;48094;100048094;Active;3344;Money Market;3344;75;2025-08-08
3902;48106;100048106;Gold;3000;Growth;3000;25;2025-01-12
3903;48127;100048127;Conservative;2230;Dollar Saver;2230;50;2025-08-09
3904;48143;100048143;EGX30 ETF;2433;Equities;2433;75;2025-11-02
3905;48145;100048145;Gold;4622;Al Safwa;4622;75;2025-03-27
3906;48208;100048208;USD Growth Saver;522;Growth;522;75;2025-08-22
3907;48222;100048222;Gold;3122;Growth;3122;25;2025-06-28
3908;48249;100048249;Equities;963;Growth;963;75;2025-03-10
3909;48308;100048308;USD AXA9;2351;EGX30 ETF;2351;25;2024-04-10
3910;48333;100048333;Conservative;3760;Active;3760;25;2024-08-08
3911;48387;100048387;EGP AXA10;3432;USD Growth Saver;3432;75;2024-12-06
3912;48418;100048418;Growth;461;Al Safwa;461;25;2025-11-12
3913;48441;100048441;Gold;911;Diversified;911;100;2024-03-25
3914;48558;100048558;EGP AXA10;1576;Al Safwa;1576;75;2025-07-05
3915;48575;100048575;Active;347;Sama;347;50;2024-07-12
3916;48618;100048618;Growth;1009;Active;1009;50;2025-06-25
3917;48659;100048659;Sama;2506;Al Safwa;2506;50;2024-04-12
3918;48687;100048687;USD AXA9;1814;Sama;1814;75;2025-11-04
3919;49632;100049632;Equities;3147;Gold;3147;25;2025-10-18
3920;48712;100048712;USD Growth Saver;363;EGX30 ETF;363;50;2024-12-16
3921;48716;100048716;USD Growth Saver;2106;Growth;2106;75;2024-03-16
3922;48734;100048734;Equities;1885;Diversified;1885;50;2024-10-18
3923;48775;100048775;Growth;473;USD Growth Saver;473;75;2024-08-07
3924;48780;100048780;Sama;873;Secure;873;100;2024-05-17
3925;48782;100048782;USD AXA9;3542;Money Market;3542;100;2024-06-17
3926;48802;100048802;Al Safwa;3164;Growth;3164;100;2024-03-22
3927;48803;100048803;Gold;3386;Active;3386;100;2024-04-08
3928;48810;100048810;Active;155;Sama;155;100;2025-05-14
3929;48840;100048840;Sama;2488;Diversified;2488;50;2024-09-23
3930;48858;100048858;Diversified;919;Equities;919;100;2025-11-20
3931;48911;100048911;Sama;147;Equities;147;25;2025-01-20
3932;48928;100048928;Conservative;474;EGX30 ETF;474;75;2024-03-31
3933;48945;100048945;Al Safwa;1152;Diversified;1152;100;2025-11-01
3934;49007;100049007;Conservative;741;Money Market;741;25;2024-12-04
3935;49026;100049026;Sama;373;Growth;373;50;2025-11-02
3936;49035;100049035;Equities;5709;Secure;5709;25;2025-11-20
3937;49041;100049041;EGX30 ETF;303;Gold;303;25;2025-12-06
3938;49211;100049211;Sama;4255;Active;4255;50;2024-12-17
3939;49244;100049244;Growth;2550;Gold;2550;75;2024-06-25
3940;49269;100049269;USD Growth Saver;1127;Growth;1127;25;2025-02-26
3941;49277;100049277;Diversified;703;Al Safwa;703;25;2025-08-28
3942;49287;100049287;Gold;2416;Money Market;2416;75;2024-04-25
3943;49293;100049293;Conservative;503;Conservative;503;50;2024-03-15
3944;49305;100049305;Gold;964;USD AXA9;964;75;2025-05-05
3945;49337;100049337;EGX30 ETF;1296;Al Safwa;1296;50;2024-08-24
3946;49340;100049340;Dollar Saver;2496;USD AXA9;2496;50;2025-10-01
3947;49398;100049398;Active;987;Conservative;987;75;2024-06-26
3948;49436;100049436;Active;2113;EGX30 ETF;2113;25;2024-07-13
3949;49458;100049458;Secure;1797;Dollar Saver;1797;50;2025-01-07
3950;49532;100049532;USD AXA9;1556;USD Growth Saver;1556;75;2025-12-10
3951;49564;100049564;Sama;2588;USD Growth Saver;2588;75;2024-08-16
3952;49576;100049576;Money Market;288;Dollar Saver;288;75;2025-05-26
3953;49610;100049610;Dollar Saver;693;Diversified;693;75;2024-12-27
3954;49645;100049645;Dollar Saver;3087;Equities;3087;50;2025-12-26
3955;49666;100049666;Secure;5627;Diversified;5627;25;2025-07-27
3956;49694;100049694;EGX30 ETF;5430;Conservative;5430;100;2024-03-16
3957;49715;100049715;Money Market;3775;Dollar Saver;3775;75;2024-12-04
3958;49729;100049729;USD AXA9;3253;Conservative;3253;25;2024-11-22
3959;49734;100049734;Conservative;1589;Diversified;1589;100;2024-07-10
3960;49749;100049749;EGX30 ETF;1724;Dollar Saver;1724;75;2024-06-06
3961;49753;100049753;Diversified;1592;Sama;1592;75;2024-03-06
3962;49764;100049764;EGX30 ETF;2095;EGP AXA10;2095;100;2024-05-06
3963;49791;100049791;Secure;1523;Diversified;1523;75;2025-09-16
3964;49811;100049811;Active;1798;Gold;1798;25;2024-09-03
3965;49848;100049848;Conservative;1412;Sama;1412;75;2024-10-25
3966;49852;100049852;Sama;3044;Conservative;3044;100;2025-10-15
3967;49853;100049853;Secure;437;USD AXA9;437;25;2025-04-07
3968;49872;100049872;Growth;1708;Money Market;1708;75;2025-09-09
3969;49935;100049935;Money Market;522;Al Safwa;522;50;2024-08-28
3970;49939;100049939;Conservative;462;Secure;462;25;2025-03-05
3971;49984;100049984;USD AXA9;2149;Dollar Saver;2149;50;2025-03-05
3972;5112;100005112;USD Growth Saver;3857;Conservative;3857;75;2024-03-10
3973;23493;100023493;EGX30 ETF;3725;Diversified;3725;50;2025-11-10
3974;47272;100047272;EGP AXA10;3117;USD AXA9;3117;50;2025-12-22
3975;62;100000062;EGP AXA10;575;Sama;575;50;2024-06-10
3976;63;100000063;Dollar Saver;464;EGP AXA10;464;25;2025-06-10
3977;77;100000077;Dollar Saver;1590;Dollar Saver;1590;25;2025-05-04
3978;89;100000089;Equities;964;Money Market;964;100;2025-11-08
3979;24;100000024;Gold;1548;EGX30 ETF;1548;100;2024-12-19
3980;25;100000025;Al Safwa;3976;Conservative;3976;50;2025-02-20
3981;131;100000131;EGP AXA10;597;Diversified;597;25;2024-02-05
3982;135;100000135;Diversified;1389;EGX30 ETF;1389;25;2025-10-09
3983;238;100000238;Equities;2456;Al Safwa;2456;75;2025-12-06
3984;287;100000287;Al Safwa;1584;Secure;1584;25;2024-03-19
3985;307;100000307;Secure;3389;Gold;3389;50;2024-06-19
3986;325;100000325;Conservative;2343;Diversified;2343;50;2024-03-14
3987;361;100000361;Dollar Saver;1280;USD AXA9;1280;75;2024-09-02
3988;389;100000389;Sama;620;Diversified;620;25;2024-07-27
3989;399;100000399;Secure;3309;Equities;3309;25;2024-10-06
3990;430;100000430;Secure;898;EGX30 ETF;898;25;2025-10-11
3991;439;100000439;Growth;1396;Secure;1396;100;2024-12-21
3992;454;100000454;Growth;991;Equities;991;100;2024-07-26
3993;462;100000462;Al Safwa;1648;Active;1648;75;2024-12-27
3994;472;100000472;Al Safwa;3707;EGP AXA10;3707;50;2024-06-16
3995;477;100000477;Equities;2550;Sama;2550;50;2024-07-26
3996;483;100000483;Gold;3123;Gold;3123;25;2025-11-05
3997;499;100000499;Growth;1367;Sama;1367;50;2025-03-04
3998;603;100000603;USD AXA9;5405;Al Safwa;5405;50;2024-03-02
3999;610;100000610;Secure;3565;Gold;3565;75;2024-07-12
4000;675;100000675;Equities;3178;EGP AXA10;3178;25;2024-10-14
4001;699;100000699;Dollar Saver;6084;EGP AXA10;6084;100;2025-06-04
4002;733;100000733;Dollar Saver;5710;EGX30 ETF;5710;100;2024-11-23
4003;755;100000755;Dollar Saver;1822;Sama;1822;100;2024-05-04
4004;771;100000771;Sama;1973;Money Market;1973;75;2024-03-12
4005;773;100000773;USD AXA9;1265;Diversified;1265;25;2025-03-19
4006;775;100000775;USD Growth Saver;5170;Secure;5170;25;2025-03-27
4007;804;100000804;USD Growth Saver;978;USD Growth Saver;978;100;2025-08-02
4008;854;100000854;Sama;1451;Conservative;1451;100;2024-09-10
4009;875;100000875;Equities;4510;Active;4510;75;2025-02-01
4010;895;100000895;EGP AXA10;4049;Sama;4049;100;2025-11-27
4011;920;100000920;EGX30 ETF;2445;EGX30 ETF;2445;25;2024-09-07
4012;951;100000951;Equities;1427;Dollar Saver;1427;50;2025-04-11
4013;965;100000965;Sama;6020;Growth;6020;75;2024-12-15
4014;1027;100001027;USD Growth Saver;1954;Growth;1954;100;2024-08-06
4015;1042;100001042;Al Safwa;1394;Active;1394;100;2024-11-27
4016;1043;100001043;Growth;1506;Equities;1506;75;2024-03-20
4017;1066;100001066;Active;1265;EGX30 ETF;1265;50;2025-02-11
4018;1241;100001241;USD Growth Saver;1988;Growth;1988;75;2025-12-21
4019;1128;100001128;Money Market;886;Gold;886;25;2025-06-24
4020;1175;100001175;Money Market;2964;Secure;2964;75;2025-10-08
4021;1176;100001176;USD Growth Saver;4403;EGX30 ETF;4403;25;2025-07-11
4022;1191;100001191;Dollar Saver;556;Conservative;556;100;2025-09-20
4023;1207;100001207;USD Growth Saver;580;Active;580;75;2024-02-19
4024;1227;100001227;EGP AXA10;2806;USD AXA9;2806;50;2025-01-07
4025;1279;100001279;Equities;4438;Equities;4438;100;2025-08-19
4026;1337;100001337;Secure;845;Money Market;845;75;2025-08-02
4027;1351;100001351;Conservative;2982;Dollar Saver;2982;75;2025-01-12
4028;1353;100001353;Dollar Saver;1852;Secure;1852;50;2025-06-18
4029;1362;100001362;Secure;809;EGP AXA10;809;75;2024-07-10
4030;1379;100001379;Growth;1115;Gold;1115;25;2024-09-21
4031;1426;100001426;Growth;1576;Conservative;1576;50;2024-06-08
4032;1434;100001434;Active;2869;EGX30 ETF;2869;25;2025-06-05
4033;1438;100001438;EGX30 ETF;5013;Sama;5013;25;2025-04-19
4034;1473;100001473;USD Growth Saver;4690;Money Market;4690;25;2025-06-28
4035;1513;100001513;Active;2431;USD AXA9;2431;25;2025-05-13
4036;1520;100001520;Equities;3366;EGP AXA10;3366;25;2024-11-16
4037;1595;100001595;Gold;1702;Dollar Saver;1702;25;2025-01-10
4038;1606;100001606;Equities;1892;Gold;1892;50;2025-07-12
4039;1623;100001623;Money Market;917;Active;917;50;2025-07-26
4040;1661;100001661;USD Growth Saver;2481;Growth;2481;25;2024-05-12
4041;1669;100001669;EGP AXA10;2069;USD Growth Saver;2069;100;2024-12-15
4042;1724;100001724;Money Market;587;USD Growth Saver;587;25;2025-08-15
4043;1770;100001770;Gold;728;Active;728;75;2024-08-29
4044;1780;100001780;Equities;1286;Dollar Saver;1286;50;2024-10-27
4045;1817;100001817;Secure;2835;USD AXA9;2835;50;2024-07-24
4046;1830;100001830;Diversified;4584;Al Safwa;4584;50;2024-02-17
4047;1862;100001862;USD AXA9;2660;USD Growth Saver;2660;50;2024-03-07
4048;1865;100001865;USD Growth Saver;3018;USD Growth Saver;3018;25;2025-11-12
4049;1884;100001884;Diversified;4442;EGX30 ETF;4442;100;2025-11-15
4050;1913;100001913;Conservative;4824;EGX30 ETF;4824;100;2024-11-15
4051;1916;100001916;USD Growth Saver;1118;EGP AXA10;1118;25;2025-07-14
4052;1917;100001917;USD Growth Saver;2093;Gold;2093;50;2024-07-02
4053;1960;100001960;Al Safwa;2703;EGP AXA10;2703;25;2024-03-08
4054;1931;100001931;Equities;2696;Active;2696;50;2025-08-17
4055;1936;100001936;Dollar Saver;1222;Conservative;1222;100;2025-10-02
4056;1945;100001945;Gold;3084;Secure;3084;50;2024-05-02
4057;1961;100001961;Equities;2655;Dollar Saver;2655;25;2024-04-24
4058;1974;100001974;USD AXA9;550;Secure;550;75;2024-04-15
4059;1990;100001990;Equities;551;USD AXA9;551;25;2024-07-31
4060;1994;100001994;Secure;1278;USD Growth Saver;1278;75;2024-11-24
4061;1995;100001995;Equities;1341;USD AXA9;1341;100;2025-07-27
4062;2083;100002083;Diversified;604;Gold;604;50;2024-11-17
4063;2127;100002127;Sama;5097;EGP AXA10;5097;100;2025-09-19
4064;2138;100002138;Growth;901;Equities;901;75;2025-04-13
4065;2144;100002144;EGX30 ETF;1875;EGP AXA10;1875;25;2025-06-16
4066;2152;100002152;USD Growth Saver;1205;Al Safwa;1205;100;2024-11-02
4067;2162;100002162;Secure;1065;Gold;1065;25;2025-12-11
4068;2211;100002211;Conservative;1617;Gold;1617;50;2024-11-19
4069;2224;100002224;USD Growth Saver;1706;Conservative;1706;100;2024-03-23
4070;2257;100002257;Equities;963;Money Market;963;25;2025-09-14
4071;2263;100002263;USD Growth Saver;649;Dollar Saver;649;50;2025-01-20
4072;2295;100002295;Diversified;835;USD AXA9;835;100;2024-08-09
4073;2360;100002360;Diversified;1099;Conservative;1099;25;2024-10-24
4074;2398;100002398;Growth;289;EGP AXA10;289;75;2024-03-14
4075;2443;100002443;USD AXA9;3732;Gold;3732;75;2024-12-25
4076;2452;100002452;Al Safwa;792;Diversified;792;75;2024-12-27
4077;2508;100002508;Gold;5077;EGP AXA10;5077;100;2025-10-10
4078;2520;100002520;Gold;9030;Dollar Saver;9030;75;2024-02-19
4079;2542;100002542;Gold;988;EGX30 ETF;988;50;2024-07-31
4080;2547;100002547;Growth;1761;Equities;1761;75;2025-11-25
4081;2642;100002642;USD AXA9;3180;Diversified;3180;50;2025-01-21
4082;2693;100002693;Gold;5872;Conservative;5872;100;2024-09-08
4083;2705;100002705;USD AXA9;1029;EGX30 ETF;1029;100;2024-03-28
4084;2708;100002708;EGX30 ETF;2472;Money Market;2472;75;2025-03-19
4085;2722;100002722;Growth;3242;USD AXA9;3242;75;2024-04-17
4086;2740;100002740;Equities;578;USD AXA9;578;100;2025-05-16
4087;2743;100002743;Money Market;2756;EGX30 ETF;2756;50;2024-05-16
4088;2799;100002799;Sama;1551;Equities;1551;75;2025-03-23
4089;2803;100002803;EGX30 ETF;4877;Active;4877;25;2024-08-31
4090;2833;100002833;EGX30 ETF;2117;Growth;2117;25;2025-09-09
4091;2899;100002899;Conservative;5930;Money Market;5930;25;2024-06-29
4092;2925;100002925;Dollar Saver;4646;Secure;4646;25;2024-10-24
4093;2934;100002934;Dollar Saver;1063;Gold;1063;75;2024-05-07
4094;3003;100003003;Secure;2296;Secure;2296;75;2024-06-17
4095;3033;100003033;Active;2237;EGX30 ETF;2237;50;2024-05-26
4096;3047;100003047;Gold;314;Secure;314;50;2025-12-27
4097;3060;100003060;EGX30 ETF;826;EGP AXA10;826;75;2025-12-27
4098;3066;100003066;Sama;2186;Al Safwa;2186;100;2025-04-23
4099;3070;100003070;Sama;279;Sama;279;25;2024-11-23
4100;3125;100003125;Money Market;1911;EGX30 ETF;1911;25;2024-04-29
4101;3139;100003139;Conservative;368;USD Growth Saver;368;25;2025-09-10
4102;3214;100003214;Secure;2273;Dollar Saver;2273;25;2024-06-27
4103;3241;100003241;Growth;250;USD Growth Saver;250;100;2025-06-29
4104;3259;100003259;Secure;3203;Diversified;3203;75;2025-10-04
4105;3266;100003266;Diversified;3537;Equities;3537;50;2025-12-13
4106;3317;100003317;Sama;3499;EGX30 ETF;3499;50;2024-05-27
4107;3321;100003321;Growth;2078;Al Safwa;2078;50;2025-12-23
4108;3375;100003375;Dollar Saver;2815;EGX30 ETF;2815;50;2025-04-30
4109;3382;100003382;Al Safwa;232;Diversified;232;50;2024-06-03
4110;4128;100004128;Equities;340;Dollar Saver;340;25;2024-07-15
4111;3439;100003439;USD Growth Saver;3482;Sama;3482;25;2025-07-12
4112;3448;100003448;Al Safwa;985;Dollar Saver;985;50;2024-06-08
4113;3538;100003538;Sama;877;Gold;877;50;2025-01-22
4114;3561;100003561;EGX30 ETF;647;Dollar Saver;647;50;2025-10-13
4115;3614;100003614;Dollar Saver;976;EGP AXA10;976;25;2025-02-16
4116;3621;100003621;Al Safwa;1749;USD Growth Saver;1749;100;2024-06-11
4117;3631;100003631;Gold;1930;Growth;1930;75;2024-07-19
4118;3634;100003634;Growth;2394;Sama;2394;25;2024-03-21
4119;3636;100003636;USD AXA9;1586;Gold;1586;25;2024-05-26
4120;3726;100003726;Active;1230;USD Growth Saver;1230;25;2024-08-12
4121;3740;100003740;USD Growth Saver;3765;Sama;3765;75;2024-08-05
4122;3745;100003745;Equities;1309;Conservative;1309;25;2024-08-25
4123;3752;100003752;EGP AXA10;1045;EGX30 ETF;1045;25;2024-10-13
4124;3764;100003764;Active;3503;Dollar Saver;3503;75;2025-07-02
4125;3782;100003782;EGP AXA10;597;Conservative;597;100;2024-08-27
4126;3786;100003786;Sama;2095;EGX30 ETF;2095;25;2025-03-17
4127;3789;100003789;EGP AXA10;3506;USD Growth Saver;3506;50;2024-02-16
4128;3817;100003817;Al Safwa;1478;EGX30 ETF;1478;100;2024-08-18
4129;3848;100003848;Growth;2615;Active;2615;50;2024-10-27
4130;3857;100003857;Al Safwa;3652;Growth;3652;75;2025-04-24
4131;3866;100003866;Dollar Saver;692;Money Market;692;100;2024-07-02
4132;3895;100003895;Active;2725;Al Safwa;2725;75;2025-04-23
4133;3903;100003903;Growth;515;Gold;515;50;2024-12-02
4134;3944;100003944;Conservative;2402;Conservative;2402;25;2025-06-10
4135;3966;100003966;EGX30 ETF;2240;Sama;2240;100;2025-12-24
4136;3999;100003999;Gold;1053;Sama;1053;25;2025-08-03
4137;4057;100004057;USD Growth Saver;4121;Sama;4121;100;2025-03-08
4138;4069;100004069;USD Growth Saver;2767;EGX30 ETF;2767;75;2025-09-30
4139;4087;100004087;Conservative;3961;Sama;3961;75;2025-11-30
4140;4089;100004089;Dollar Saver;3475;Secure;3475;75;2024-08-18
4141;4093;100004093;Diversified;4238;Money Market;4238;25;2025-08-28
4142;4188;100004188;EGX30 ETF;1130;USD Growth Saver;1130;75;2025-11-30
4143;4227;100004227;Growth;2406;Al Safwa;2406;25;2024-02-23
4144;4230;100004230;Diversified;2906;Active;2906;50;2025-09-17
4145;4242;100004242;Dollar Saver;1315;Secure;1315;100;2024-09-09
4146;4284;100004284;Al Safwa;739;Dollar Saver;739;75;2024-03-22
4147;4289;100004289;Money Market;849;Secure;849;75;2024-03-29
4148;4312;100004312;Diversified;3188;EGP AXA10;3188;50;2024-07-22
4149;4345;100004345;Diversified;655;USD Growth Saver;655;50;2025-02-13
4150;4395;100004395;Gold;985;Growth;985;25;2025-04-25
4151;4413;100004413;Equities;2560;Growth;2560;100;2024-08-01
4152;4426;100004426;Diversified;2179;Diversified;2179;50;2025-12-22
4153;4472;100004472;Al Safwa;2593;Conservative;2593;75;2024-12-12
4154;4474;100004474;EGP AXA10;1223;EGX30 ETF;1223;75;2024-02-27
4155;4549;100004549;Equities;1944;Al Safwa;1944;50;2025-12-09
4156;4577;100004577;EGX30 ETF;1673;Active;1673;25;2025-02-07
4157;4585;100004585;Active;1519;Gold;1519;50;2024-04-24
4158;4591;100004591;Money Market;1244;Active;1244;100;2024-09-01
4159;4594;100004594;USD AXA9;2140;Money Market;2140;50;2024-10-08
4160;4637;100004637;Conservative;94;Dollar Saver;94;100;2025-03-16
4161;4657;100004657;Active;2466;Dollar Saver;2466;75;2025-09-10
4162;4724;100004724;Money Market;2756;USD AXA9;2756;75;2024-02-21
4163;4745;100004745;Diversified;3271;EGP AXA10;3271;100;2024-07-18
4164;4766;100004766;EGP AXA10;3177;EGP AXA10;3177;50;2024-11-15
4165;4781;100004781;USD AXA9;187;Gold;187;100;2025-12-23
4166;4802;100004802;Conservative;158;Secure;158;100;2024-11-10
4167;4811;100004811;Active;3167;Dollar Saver;3167;75;2025-09-30
4168;4828;100004828;USD AXA9;2233;Diversified;2233;25;2025-07-20
4169;4878;100004878;EGP AXA10;1338;Diversified;1338;75;2024-08-13
4170;4888;100004888;Conservative;1190;Sama;1190;75;2025-11-30
4171;5082;100005082;USD Growth Saver;3292;Equities;3292;50;2025-11-20
4172;4932;100004932;EGP AXA10;1862;Dollar Saver;1862;100;2024-11-29
4173;4981;100004981;Conservative;2994;Active;2994;50;2025-09-08
4174;4992;100004992;USD AXA9;6650;Diversified;6650;75;2024-02-27
4175;5044;100005044;Growth;1610;Equities;1610;50;2024-05-12
4176;5067;100005067;Gold;1171;Conservative;1171;100;2025-01-14
4177;5074;100005074;Active;950;Active;950;50;2024-02-01
4178;5102;100005102;Al Safwa;2538;Dollar Saver;2538;50;2024-04-27
4179;5105;100005105;USD AXA9;3263;Conservative;3263;25;2024-10-12
4180;5120;100005120;Money Market;1133;Active;1133;50;2024-03-23
4181;5123;100005123;Conservative;1118;Gold;1118;50;2025-07-15
4182;5141;100005141;EGP AXA10;2878;Money Market;2878;100;2024-10-21
4183;5151;100005151;USD Growth Saver;2156;Active;2156;75;2024-12-26
4184;5179;100005179;Secure;3408;USD Growth Saver;3408;75;2025-08-08
4185;5185;100005185;Conservative;551;Secure;551;75;2024-03-22
4186;5210;100005210;Active;3791;Diversified;3791;25;2024-12-09
4187;5270;100005270;Sama;609;Gold;609;75;2025-08-05
4188;5367;100005367;Al Safwa;1472;Dollar Saver;1472;25;2024-09-22
4189;5368;100005368;Secure;1433;Conservative;1433;25;2024-10-27
4190;5375;100005375;Al Safwa;5377;Active;5377;50;2025-04-24
4191;5389;100005389;Al Safwa;2814;EGX30 ETF;2814;100;2024-12-27
4192;5395;100005395;EGP AXA10;1603;Money Market;1603;25;2024-06-30
4193;5424;100005424;Equities;2282;Active;2282;100;2025-04-14
4194;5497;100005497;Growth;3062;USD Growth Saver;3062;75;2025-04-23
4195;5512;100005512;Sama;2923;Secure;2923;25;2024-12-13
4196;5550;100005550;Secure;1218;Diversified;1218;25;2024-11-12
4197;5590;100005590;EGX30 ETF;533;Dollar Saver;533;50;2025-08-14
4198;5601;100005601;Equities;2207;Dollar Saver;2207;25;2025-03-11
4199;5607;100005607;Money Market;1509;Equities;1509;50;2025-11-29
4200;5666;100005666;USD Growth Saver;1218;EGP AXA10;1218;25;2024-09-13
4201;5741;100005741;Secure;2228;Sama;2228;100;2024-04-06
4202;5748;100005748;EGP AXA10;3193;Growth;3193;75;2024-07-23
4203;5802;100005802;Al Safwa;3207;Growth;3207;50;2024-04-01
4204;5868;100005868;EGP AXA10;1731;Growth;1731;25;2024-11-28
4205;5888;100005888;Dollar Saver;2175;Secure;2175;25;2025-12-04
4206;5894;100005894;Money Market;1245;Conservative;1245;25;2025-01-17
4207;5909;100005909;Money Market;193;USD Growth Saver;193;50;2024-02-12
4208;5915;100005915;Growth;1792;Active;1792;100;2024-05-24
4209;5939;100005939;Gold;668;Secure;668;25;2024-10-25
4210;5969;100005969;Al Safwa;3388;Secure;3388;50;2024-09-23
4211;5986;100005986;Growth;2645;USD Growth Saver;2645;50;2024-07-25
4212;6004;100006004;Money Market;489;Diversified;489;25;2025-10-09
4213;6091;100006091;EGP AXA10;1189;USD AXA9;1189;100;2025-05-23
4214;6127;100006127;Diversified;228;Secure;228;100;2025-12-17
4215;6159;100006159;Money Market;1098;Secure;1098;75;2025-09-16
4216;6216;100006216;Conservative;238;EGP AXA10;238;25;2024-05-16
4217;6238;100006238;USD AXA9;3493;Conservative;3493;25;2024-09-12
4218;6276;100006276;Dollar Saver;3774;EGX30 ETF;3774;75;2025-09-05
4219;6288;100006288;Gold;642;Al Safwa;642;75;2025-08-12
4220;6305;100006305;Conservative;1555;Secure;1555;25;2024-04-03
4221;6318;100006318;Dollar Saver;2436;EGP AXA10;2436;25;2025-05-24
4222;6328;100006328;USD AXA9;2244;Al Safwa;2244;100;2025-10-23
4223;6381;100006381;Dollar Saver;514;Equities;514;50;2024-05-04
4224;6384;100006384;Equities;2431;Dollar Saver;2431;25;2025-02-06
4225;6410;100006410;Al Safwa;4283;Al Safwa;4283;100;2024-11-04
4226;6472;100006472;EGX30 ETF;7102;Active;7102;25;2024-10-27
4227;6453;100006453;Al Safwa;3750;Conservative;3750;100;2025-09-19
4228;6528;100006528;Conservative;1028;Dollar Saver;1028;75;2024-02-24
4229;6534;100006534;EGX30 ETF;5112;EGP AXA10;5112;50;2025-10-18
4230;6562;100006562;Al Safwa;2816;Equities;2816;75;2025-10-15
4231;6612;100006612;EGX30 ETF;1726;USD Growth Saver;1726;50;2025-11-09
4232;6627;100006627;Equities;2941;EGX30 ETF;2941;50;2024-10-14
4233;7120;100007120;Growth;1376;EGX30 ETF;1376;75;2025-03-25
4234;6672;100006672;Al Safwa;1651;Money Market;1651;100;2025-06-18
4235;6732;100006732;Dollar Saver;3476;USD AXA9;3476;75;2024-08-28
4236;6762;100006762;Money Market;586;Growth;586;75;2025-09-18
4237;6773;100006773;Gold;1549;Diversified;1549;25;2025-10-09
4238;6804;100006804;USD Growth Saver;1077;Gold;1077;25;2024-10-25
4239;6811;100006811;Gold;677;Secure;677;25;2024-05-17
4240;6820;100006820;Al Safwa;423;USD AXA9;423;50;2025-03-30
4241;6837;100006837;Dollar Saver;2064;Sama;2064;100;2024-06-03
4242;6857;100006857;Gold;762;Growth;762;25;2025-06-08
4243;6915;100006915;USD AXA9;3706;Dollar Saver;3706;25;2025-11-26
4244;6929;100006929;Equities;2729;Sama;2729;25;2025-02-21
4245;6939;100006939;Secure;1380;Money Market;1380;100;2025-06-20
4246;6974;100006974;USD AXA9;2923;Al Safwa;2923;75;2024-11-09
4247;6993;100006993;Dollar Saver;1905;Sama;1905;75;2024-11-19
4248;6996;100006996;Dollar Saver;3212;EGX30 ETF;3212;50;2024-12-23
4249;7004;100007004;USD Growth Saver;483;Diversified;483;75;2025-01-14
4250;7007;100007007;Dollar Saver;787;EGP AXA10;787;100;2025-04-23
4251;7145;100007145;Dollar Saver;2804;Secure;2804;25;2024-05-06
4252;7234;100007234;Sama;3115;Gold;3115;75;2025-12-04
4253;7281;100007281;Diversified;701;Al Safwa;701;75;2025-03-23
4254;7378;100007378;USD Growth Saver;2131;Diversified;2131;100;2024-06-01
4255;7433;100007433;Diversified;1802;Al Safwa;1802;50;2024-04-04
4256;7434;100007434;USD Growth Saver;3616;Dollar Saver;3616;25;2025-11-03
4257;7460;100007460;Al Safwa;2645;Dollar Saver;2645;25;2025-03-14
4258;7473;100007473;Sama;1800;Growth;1800;25;2024-08-31
4259;7531;100007531;Sama;3418;Diversified;3418;100;2024-06-21
4260;7549;100007549;Sama;231;EGX30 ETF;231;100;2025-05-11
4261;7577;100007577;EGX30 ETF;1172;Secure;1172;75;2025-04-02
4262;7582;100007582;Equities;941;Growth;941;100;2024-03-24
4263;7623;100007623;Gold;670;Growth;670;25;2025-03-10
4264;7639;100007639;Sama;2975;Equities;2975;25;2024-07-06
4265;7678;100007678;Sama;115;Conservative;115;50;2025-03-14
4266;7699;100007699;Al Safwa;822;USD AXA9;822;100;2025-11-14
4267;7839;100007839;Money Market;2145;Money Market;2145;25;2025-03-08
4268;7861;100007861;Secure;836;Gold;836;25;2024-06-24
4269;7896;100007896;Diversified;2613;Equities;2613;75;2025-07-25
4270;7904;100007904;Money Market;376;Sama;376;25;2025-03-22
4271;7914;100007914;USD Growth Saver;3556;Dollar Saver;3556;25;2024-09-26
4272;8070;100008070;Diversified;2324;EGP AXA10;2324;50;2024-06-17
4273;8097;100008097;USD AXA9;3093;USD AXA9;3093;75;2024-10-18
4274;8160;100008160;Diversified;1278;Gold;1278;25;2024-06-18
4275;8185;100008185;Gold;5399;Conservative;5399;100;2025-11-08
4276;8223;100008223;USD Growth Saver;3079;Equities;3079;100;2025-12-21
4277;8286;100008286;Money Market;2120;EGX30 ETF;2120;75;2025-07-22
4278;8322;100008322;Dollar Saver;615;Money Market;615;50;2025-10-30
4279;8413;100008413;EGP AXA10;2477;Diversified;2477;50;2024-06-25
4280;8416;100008416;Al Safwa;1995;Al Safwa;1995;50;2025-04-09
4281;8435;100008435;Secure;4623;EGX30 ETF;4623;100;2025-11-10
4282;8468;100008468;Sama;3547;Sama;3547;75;2024-11-14
4283;8470;100008470;USD AXA9;1822;Gold;1822;25;2025-12-22
4284;8493;100008493;EGP AXA10;976;Dollar Saver;976;50;2025-11-12
4285;8501;100008501;Growth;4440;Sama;4440;50;2024-07-09
4286;8513;100008513;Dollar Saver;2800;Secure;2800;25;2024-05-25
4287;8515;100008515;Active;2015;Equities;2015;100;2024-03-08
4288;8520;100008520;Sama;1059;Active;1059;25;2024-10-28
4289;8545;100008545;Secure;839;EGP AXA10;839;75;2024-04-07
4290;8552;100008552;Equities;3925;EGX30 ETF;3925;100;2024-04-29
4291;8573;100008573;Money Market;1020;Money Market;1020;100;2024-05-28
4292;8608;100008608;EGX30 ETF;978;Diversified;978;25;2024-08-17
4293;8639;100008639;Al Safwa;2770;Conservative;2770;100;2024-09-02
4294;8655;100008655;Money Market;2044;Gold;2044;50;2025-04-24
4295;8672;100008672;Equities;1530;Secure;1530;75;2025-06-07
4296;8708;100008708;Gold;2227;USD AXA9;2227;75;2024-12-05
4297;8780;100008780;Sama;1418;Diversified;1418;50;2025-01-27
4298;8820;100008820;Dollar Saver;2656;Growth;2656;75;2025-01-27
4299;8848;100008848;Active;1067;EGX30 ETF;1067;100;2024-06-24
4300;8860;100008860;EGX30 ETF;2661;Sama;2661;25;2025-07-13
4301;8880;100008880;Dollar Saver;633;Secure;633;75;2025-01-28
4302;8967;100008967;Conservative;2137;Al Safwa;2137;50;2024-10-23
4303;8980;100008980;USD Growth Saver;4274;USD Growth Saver;4274;75;2025-02-07
4304;8983;100008983;Active;2254;USD Growth Saver;2254;50;2025-10-30
4305;8985;100008985;Active;488;EGP AXA10;488;100;2025-12-25
4306;9036;100009036;Gold;3145;EGX30 ETF;3145;50;2024-10-12
4307;9074;100009074;Al Safwa;4163;Growth;4163;25;2024-09-10
4308;9075;100009075;EGP AXA10;4741;Equities;4741;100;2024-11-01
4309;9140;100009140;Diversified;1329;Active;1329;75;2025-12-31
4310;9146;100009146;Equities;395;Al Safwa;395;100;2025-05-07
4311;9166;100009166;EGP AXA10;3164;Secure;3164;75;2025-10-09
4312;9170;100009170;Secure;2129;Al Safwa;2129;75;2025-12-19
4313;9187;100009187;Diversified;2294;Al Safwa;2294;50;2025-11-02
4314;9210;100009210;Sama;1829;Gold;1829;50;2025-04-23
4315;9255;100009255;Sama;544;Active;544;25;2025-02-05
4316;9260;100009260;Gold;2060;EGX30 ETF;2060;100;2024-09-03
4317;9303;100009303;Money Market;3145;Active;3145;100;2025-11-06
4318;9311;100009311;Secure;1658;EGX30 ETF;1658;25;2025-10-04
4319;9317;100009317;Money Market;3759;Dollar Saver;3759;100;2025-05-27
4320;9325;100009325;EGX30 ETF;1246;Diversified;1246;100;2025-11-19
4321;9372;100009372;EGP AXA10;2550;EGP AXA10;2550;75;2024-09-07
4322;9380;100009380;Growth;3004;USD AXA9;3004;75;2025-04-01
4323;9404;100009404;Growth;291;Growth;291;75;2025-02-08
4324;9442;100009442;Gold;1332;Conservative;1332;75;2024-06-25
4325;9443;100009443;EGP AXA10;1329;EGP AXA10;1329;25;2025-04-24
4326;9466;100009466;Equities;681;Growth;681;100;2025-12-31
4327;9469;100009469;Conservative;1892;Gold;1892;75;2024-11-25
4328;9499;100009499;Conservative;1789;Active;1789;100;2024-02-14
4329;9511;100009511;Secure;482;Equities;482;75;2024-03-20
4330;9531;100009531;Sama;6353;EGX30 ETF;6353;25;2024-09-21
4331;9551;100009551;Gold;4492;Gold;4492;50;2025-02-26
4332;9601;100009601;Equities;2526;EGP AXA10;2526;25;2025-01-07
4333;9620;100009620;EGX30 ETF;1783;Gold;1783;50;2025-06-27
4334;9628;100009628;EGP AXA10;3565;Secure;3565;50;2025-04-24
4335;9665;100009665;Diversified;5509;Sama;5509;25;2024-11-05
4336;9687;100009687;Dollar Saver;2342;Secure;2342;100;2024-05-16
4337;9766;100009766;USD Growth Saver;1320;EGX30 ETF;1320;25;2025-10-31
4338;9827;100009827;USD AXA9;3801;EGP AXA10;3801;100;2025-04-10
4339;9851;100009851;Gold;3523;Equities;3523;100;2025-06-15
4340;9873;100009873;Conservative;2342;Conservative;2342;25;2025-02-12
4341;9903;100009903;Equities;4066;Dollar Saver;4066;75;2024-05-27
4342;9908;100009908;EGX30 ETF;4923;USD Growth Saver;4923;50;2024-08-20
4343;9940;100009940;Growth;2681;Gold;2681;100;2024-03-25
4344;9941;100009941;Sama;4382;Dollar Saver;4382;75;2025-08-01
4345;9988;100009988;Sama;3305;USD AXA9;3305;25;2025-12-01
4346;9991;100009991;Growth;1316;Al Safwa;1316;25;2025-03-22
4347;10005;100010005;EGP AXA10;1507;EGP AXA10;1507;25;2024-03-24
4348;10023;100010023;EGP AXA10;151;USD AXA9;151;75;2025-12-15
4349;10045;100010045;Growth;3199;Active;3199;50;2024-12-09
4350;10064;100010064;Dollar Saver;4308;Secure;4308;100;2024-10-01
4351;10093;100010093;Conservative;2700;Growth;2700;100;2024-03-22
4352;10096;100010096;USD AXA9;1102;EGX30 ETF;1102;25;2025-04-30
4353;10131;100010131;USD Growth Saver;3316;Diversified;3316;25;2025-08-02
4354;10211;100010211;EGX30 ETF;628;Money Market;628;25;2024-11-24
4355;10255;100010255;Gold;1029;EGP AXA10;1029;25;2025-12-20
4356;10257;100010257;Dollar Saver;3306;Active;3306;25;2025-07-13
4357;10262;100010262;Equities;1263;Dollar Saver;1263;100;2024-10-15
4358;10391;100010391;Money Market;3980;Dollar Saver;3980;50;2025-10-29
4359;10664;100010664;Al Safwa;5505;Diversified;5505;75;2024-11-28
4360;10430;100010430;Dollar Saver;2848;Al Safwa;2848;75;2025-09-09
4361;10446;100010446;Secure;2697;Growth;2697;50;2025-04-22
4362;10464;100010464;Dollar Saver;794;EGX30 ETF;794;75;2025-02-01
4363;10506;100010506;EGX30 ETF;567;Secure;567;50;2025-11-03
4364;10514;100010514;USD Growth Saver;1829;EGP AXA10;1829;50;2025-03-27
4365;10519;100010519;Secure;1741;Gold;1741;25;2024-07-18
4366;10532;100010532;Growth;2332;Gold;2332;50;2025-01-25
4367;10564;100010564;EGX30 ETF;870;Active;870;75;2025-05-18
4368;10565;100010565;Dollar Saver;917;Equities;917;100;2025-07-03
4369;10567;100010567;Al Safwa;4569;Secure;4569;50;2024-06-23
4370;10571;100010571;Equities;952;Diversified;952;75;2025-01-16
4371;10582;100010582;Secure;547;Growth;547;25;2024-09-15
4372;10639;100010639;Secure;3335;Money Market;3335;25;2024-11-02
4373;10686;100010686;EGP AXA10;2660;Sama;2660;75;2025-03-18
4374;10794;100010794;Secure;4840;Gold;4840;25;2024-08-03
4375;10800;100010800;USD Growth Saver;632;EGX30 ETF;632;25;2025-06-07
4376;10801;100010801;Secure;361;Al Safwa;361;75;2025-01-22
4377;10813;100010813;Conservative;307;USD Growth Saver;307;75;2024-08-20
4378;10841;100010841;Gold;701;EGX30 ETF;701;25;2025-12-05
4379;10864;100010864;Conservative;1165;Al Safwa;1165;25;2025-04-30
4380;10887;100010887;Dollar Saver;1247;EGX30 ETF;1247;25;2024-05-13
4381;10905;100010905;USD Growth Saver;2428;EGP AXA10;2428;100;2024-11-14
4382;10964;100010964;Equities;1658;EGX30 ETF;1658;75;2024-04-25
4383;11022;100011022;EGX30 ETF;658;Secure;658;50;2025-06-29
4384;11025;100011025;Money Market;1473;Active;1473;75;2024-04-01
4385;11034;100011034;Conservative;3032;Active;3032;50;2024-06-22
4386;11063;100011063;Equities;5222;Growth;5222;100;2025-11-04
4387;11080;100011080;EGX30 ETF;3914;EGP AXA10;3914;100;2025-12-19
4388;11103;100011103;USD AXA9;1990;Dollar Saver;1990;100;2025-06-01
4389;11129;100011129;USD Growth Saver;815;Equities;815;50;2025-04-28
4390;11131;100011131;USD AXA9;1531;Al Safwa;1531;100;2025-11-07
4391;11153;100011153;Dollar Saver;1492;Diversified;1492;25;2024-08-06
4392;11154;100011154;Equities;1113;EGX30 ETF;1113;100;2025-02-25
4393;11167;100011167;Al Safwa;793;EGP AXA10;793;75;2025-10-08
4394;11170;100011170;Sama;4082;Money Market;4082;25;2025-07-11
4395;11202;100011202;Dollar Saver;1163;EGP AXA10;1163;100;2024-10-04
4396;11210;100011210;USD Growth Saver;1666;Gold;1666;50;2024-02-01
4397;11276;100011276;Diversified;3768;Sama;3768;75;2025-06-05
4398;11284;100011284;Secure;1410;Diversified;1410;75;2025-11-30
4399;11343;100011343;Dollar Saver;2237;Equities;2237;75;2024-12-17
4400;11402;100011402;Dollar Saver;440;Money Market;440;75;2025-04-24
4401;11396;100011396;Gold;510;USD Growth Saver;510;75;2025-07-26
4402;11425;100011425;Growth;2084;Dollar Saver;2084;25;2025-10-29
4403;11439;100011439;Al Safwa;419;Active;419;75;2024-04-13
4404;11469;100011469;Secure;4450;Equities;4450;75;2024-03-16
4405;11472;100011472;Equities;747;Gold;747;100;2024-11-29
4406;11495;100011495;Equities;1577;Money Market;1577;75;2024-03-30
4407;11515;100011515;USD AXA9;1545;Dollar Saver;1545;50;2025-09-30
4408;11516;100011516;Growth;1001;EGP AXA10;1001;25;2025-06-20
4409;11558;100011558;Secure;2138;Secure;2138;50;2025-11-22
4410;11562;100011562;Al Safwa;4490;Al Safwa;4490;75;2025-09-20
4411;11597;100011597;Active;6039;Al Safwa;6039;25;2025-08-31
4412;11614;100011614;Dollar Saver;1723;Sama;1723;75;2024-12-26
4413;11623;100011623;Al Safwa;966;Al Safwa;966;25;2024-09-04
4414;11634;100011634;Equities;4566;Sama;4566;100;2025-09-13
4415;11672;100011672;EGP AXA10;556;Al Safwa;556;100;2024-06-30
4416;11694;100011694;Dollar Saver;620;Dollar Saver;620;75;2025-03-16
4417;11750;100011750;Active;1930;Al Safwa;1930;100;2025-07-21
4418;11810;100011810;Dollar Saver;4150;Al Safwa;4150;75;2025-11-25
4419;11830;100011830;EGP AXA10;2235;Sama;2235;25;2025-01-02
4420;11832;100011832;USD Growth Saver;4236;USD Growth Saver;4236;75;2025-08-28
4421;11841;100011841;USD Growth Saver;3181;Diversified;3181;25;2024-03-24
4422;11896;100011896;Dollar Saver;817;Growth;817;50;2025-08-08
4423;11917;100011917;USD AXA9;2297;USD AXA9;2297;75;2024-07-08
4424;11933;100011933;Conservative;1845;Al Safwa;1845;75;2025-09-13
4425;11943;100011943;Conservative;3006;Money Market;3006;25;2025-10-09
4426;11946;100011946;Active;470;Secure;470;100;2024-09-21
4427;11952;100011952;Conservative;2295;Money Market;2295;100;2025-11-22
4428;11967;100011967;USD Growth Saver;5492;Money Market;5492;75;2025-03-28
4429;11975;100011975;Active;666;USD AXA9;666;50;2024-08-01
4430;12035;100012035;Equities;1681;EGX30 ETF;1681;75;2025-08-07
4431;12045;100012045;USD AXA9;2023;Diversified;2023;25;2025-07-30
4432;12056;100012056;Dollar Saver;3151;Money Market;3151;50;2024-10-09
4433;12057;100012057;USD AXA9;2030;Equities;2030;25;2025-01-21
4434;12071;100012071;Money Market;1692;Growth;1692;100;2025-07-04
4435;12097;100012097;Conservative;3527;Dollar Saver;3527;50;2024-07-25
4436;12135;100012135;USD Growth Saver;1020;EGP AXA10;1020;75;2024-05-12
4437;12137;100012137;Equities;814;EGP AXA10;814;25;2024-05-16
4438;12164;100012164;Secure;1679;USD AXA9;1679;100;2024-08-23
4439;12190;100012190;Active;3752;Equities;3752;50;2024-11-27
4440;12210;100012210;Sama;3693;USD AXA9;3693;100;2024-12-23
4441;12217;100012217;Gold;1211;Active;1211;75;2025-06-29
4442;12235;100012235;Gold;4681;Growth;4681;25;2024-08-22
4443;12253;100012253;Active;820;Conservative;820;25;2024-07-16
4444;12256;100012256;Active;1467;Equities;1467;25;2024-11-02
4445;12257;100012257;Conservative;1008;Gold;1008;75;2024-10-07
4446;12271;100012271;Active;1695;Al Safwa;1695;50;2025-11-12
4447;12287;100012287;Gold;4662;Growth;4662;50;2024-09-15
4448;12341;100012341;EGX30 ETF;3283;USD AXA9;3283;100;2024-07-09
4449;12429;100012429;Al Safwa;3709;EGX30 ETF;3709;100;2025-03-17
4450;12556;100012556;USD AXA9;2356;USD AXA9;2356;75;2025-04-17
4451;12586;100012586;EGP AXA10;2877;Al Safwa;2877;100;2025-10-11
4452;12611;100012611;USD AXA9;2576;Money Market;2576;100;2025-10-16
4453;12618;100012618;Al Safwa;1559;Gold;1559;50;2024-10-25
4454;12633;100012633;Gold;3507;Growth;3507;50;2024-02-01
4455;12641;100012641;Gold;980;USD AXA9;980;25;2025-03-24
4456;12665;100012665;Growth;910;EGX30 ETF;910;25;2025-05-09
4457;12687;100012687;EGP AXA10;1803;Active;1803;50;2025-01-25
4458;12703;100012703;USD Growth Saver;868;Active;868;100;2024-12-06
4459;12722;100012722;EGP AXA10;789;Money Market;789;50;2024-08-12
4460;12729;100012729;Gold;3094;Conservative;3094;75;2024-02-11
4461;12763;100012763;USD AXA9;2234;Active;2234;25;2025-09-26
4462;12765;100012765;Growth;3999;Conservative;3999;25;2024-07-28
4463;12780;100012780;Dollar Saver;692;Equities;692;75;2024-07-13
4464;12785;100012785;Diversified;3826;USD Growth Saver;3826;50;2024-11-16
4465;12793;100012793;USD AXA9;2561;Gold;2561;75;2025-06-10
4466;12806;100012806;USD Growth Saver;2419;Dollar Saver;2419;75;2025-03-16
4467;12858;100012858;EGX30 ETF;2216;USD Growth Saver;2216;50;2025-04-23
4468;12874;100012874;USD Growth Saver;4800;Diversified;4800;50;2024-07-18
4469;12899;100012899;Dollar Saver;4317;EGX30 ETF;4317;75;2024-03-07
4470;12906;100012906;EGP AXA10;2880;Growth;2880;25;2024-10-19
4471;12921;100012921;Secure;985;Conservative;985;100;2025-03-12
4472;12966;100012966;Money Market;1863;Sama;1863;100;2024-09-25
4473;12996;100012996;Sama;2791;Growth;2791;75;2024-07-19
4474;13020;100013020;Growth;4700;Equities;4700;25;2025-07-22
4475;13096;100013096;Equities;2761;Secure;2761;50;2025-01-15
4476;13153;100013153;Equities;4239;Equities;4239;25;2024-08-10
4477;13185;100013185;USD AXA9;2925;USD AXA9;2925;50;2025-12-27
4478;13226;100013226;Conservative;253;EGX30 ETF;253;100;2025-02-11
4479;13233;100013233;Conservative;6439;Dollar Saver;6439;100;2024-06-25
4480;13244;100013244;Money Market;2349;USD AXA9;2349;25;2025-03-12
4481;13247;100013247;Al Safwa;1734;Dollar Saver;1734;75;2024-11-20
4482;13374;100013374;Diversified;2480;Equities;2480;100;2025-08-27
4483;13399;100013399;EGX30 ETF;2592;Al Safwa;2592;50;2025-03-18
4484;13404;100013404;Sama;915;Conservative;915;75;2025-11-16
4485;13412;100013412;Diversified;1908;Active;1908;25;2024-08-13
4486;13439;100013439;Gold;899;Al Safwa;899;75;2025-03-05
4487;13445;100013445;Active;1574;Growth;1574;25;2025-07-13
4488;13488;100013488;EGP AXA10;1028;Growth;1028;75;2025-06-30
4489;14950;100014950;Active;6263;Gold;6263;75;2024-09-19
4490;13531;100013531;Growth;862;Active;862;75;2024-08-12
4491;13546;100013546;Conservative;3076;Diversified;3076;100;2024-12-28
4492;13573;100013573;Money Market;3213;Secure;3213;50;2024-09-24
4493;13608;100013608;Conservative;4050;Money Market;4050;25;2025-02-02
4494;13618;100013618;Secure;1354;EGX30 ETF;1354;50;2024-08-24
4495;13636;100013636;Growth;1119;Diversified;1119;50;2024-04-16
4496;13638;100013638;EGP AXA10;1178;Diversified;1178;25;2025-09-06
4497;13641;100013641;Sama;2624;Conservative;2624;25;2025-02-03
4498;13658;100013658;EGP AXA10;1545;USD AXA9;1545;25;2025-02-27
4499;13796;100013796;Money Market;3069;Gold;3069;75;2025-06-13
4500;13707;100013707;Equities;1000;Growth;1000;25;2024-08-06
4501;13709;100013709;USD AXA9;2825;Active;2825;100;2025-08-01
4502;13726;100013726;USD Growth Saver;337;EGP AXA10;337;100;2025-12-04
4503;13733;100013733;Gold;6289;Growth;6289;100;2025-07-17
4504;13744;100013744;Growth;936;Equities;936;25;2024-04-12
4505;13785;100013785;Gold;6652;Active;6652;25;2025-12-30
4506;13826;100013826;EGX30 ETF;3304;USD AXA9;3304;25;2024-11-11
4507;13849;100013849;Money Market;664;EGP AXA10;664;100;2024-07-07
4508;13864;100013864;Secure;1856;Money Market;1856;50;2024-12-02
4509;13871;100013871;Diversified;2474;USD AXA9;2474;75;2025-09-13
4510;13878;100013878;Active;901;Active;901;75;2025-05-30
4511;13887;100013887;Dollar Saver;1897;Sama;1897;100;2024-07-16
4512;13888;100013888;EGX30 ETF;2574;USD AXA9;2574;75;2025-06-14
4513;13910;100013910;Al Safwa;220;Secure;220;25;2024-03-20
4514;13952;100013952;Active;3769;EGX30 ETF;3769;25;2024-07-12
4515;14018;100014018;Growth;2151;Money Market;2151;100;2024-07-24
4516;14028;100014028;Equities;946;Dollar Saver;946;100;2025-04-04
4517;14070;100014070;EGP AXA10;1010;Diversified;1010;25;2024-04-04
4518;14101;100014101;USD Growth Saver;1495;Growth;1495;100;2025-12-09
4519;14167;100014167;Money Market;3305;Gold;3305;25;2024-09-23
4520;14170;100014170;EGX30 ETF;4469;Growth;4469;75;2024-08-22
4521;14220;100014220;EGP AXA10;1910;EGP AXA10;1910;25;2024-10-14
4522;14255;100014255;Equities;753;USD AXA9;753;25;2025-04-15
4523;14294;100014294;Active;1337;Sama;1337;75;2024-10-02
4524;14320;100014320;Equities;953;USD AXA9;953;50;2024-08-14
4525;14339;100014339;Al Safwa;3708;Conservative;3708;50;2025-09-22
4526;14413;100014413;Gold;3357;USD AXA9;3357;100;2024-11-10
4527;14415;100014415;EGX30 ETF;2722;Conservative;2722;25;2024-09-08
4528;14488;100014488;Active;1690;Secure;1690;75;2025-03-01
4529;14497;100014497;Al Safwa;3947;Growth;3947;100;2025-11-29
4530;14506;100014506;EGP AXA10;433;USD AXA9;433;50;2024-03-04
4531;14540;100014540;Diversified;2093;Equities;2093;50;2025-09-03
4532;14569;100014569;Gold;1292;Sama;1292;50;2024-04-09
4533;14642;100014642;Growth;3373;Equities;3373;75;2024-10-17
4534;14646;100014646;USD AXA9;711;Secure;711;75;2024-04-03
4535;14658;100014658;USD AXA9;1059;Active;1059;50;2025-05-01
4536;14669;100014669;Diversified;2279;Secure;2279;75;2024-02-25
4537;14682;100014682;USD Growth Saver;1843;Gold;1843;50;2025-06-30
4538;14716;100014716;Equities;587;Money Market;587;50;2025-04-26
4539;14722;100014722;Gold;372;Diversified;372;100;2025-06-03
4540;14746;100014746;Dollar Saver;2283;Growth;2283;100;2024-06-11
4541;14772;100014772;Secure;758;Active;758;25;2025-05-21
4542;14833;100014833;EGP AXA10;3419;Dollar Saver;3419;75;2024-04-16
4543;14847;100014847;Diversified;1751;Al Safwa;1751;75;2024-06-30
4544;14875;100014875;Conservative;3097;Sama;3097;25;2024-04-04
4545;14877;100014877;Active;4033;EGP AXA10;4033;50;2024-02-19
4546;14891;100014891;Gold;1746;EGP AXA10;1746;50;2024-09-24
4547;14913;100014913;Sama;1706;Gold;1706;25;2024-03-18
4548;14930;100014930;EGX30 ETF;1387;Al Safwa;1387;25;2025-02-09
4549;14938;100014938;Al Safwa;1169;Equities;1169;100;2025-06-04
4550;14976;100014976;Active;3831;Money Market;3831;75;2025-09-14
4551;15061;100015061;Money Market;3765;Growth;3765;100;2024-07-06
4552;15066;100015066;EGX30 ETF;3712;Active;3712;50;2024-03-24
4553;15080;100015080;Diversified;3091;Growth;3091;25;2025-12-08
4554;15088;100015088;Dollar Saver;2177;Al Safwa;2177;25;2025-10-02
4555;15140;100015140;Dollar Saver;378;Diversified;378;25;2025-07-29
4556;15151;100015151;EGX30 ETF;1198;Sama;1198;25;2025-04-14
4557;15176;100015176;Equities;958;USD Growth Saver;958;75;2025-09-21
4558;15230;100015230;EGX30 ETF;336;Conservative;336;100;2024-04-15
4559;15285;100015285;Conservative;3318;Growth;3318;100;2025-07-16
4560;15307;100015307;USD Growth Saver;1841;Active;1841;50;2025-07-22
4561;15340;100015340;Active;2335;Al Safwa;2335;100;2024-03-10
4562;15352;100015352;Equities;2260;USD AXA9;2260;25;2025-03-17
4563;15383;100015383;Growth;2016;Active;2016;75;2025-02-24
4564;15425;100015425;Secure;2501;Dollar Saver;2501;25;2024-12-26
4565;15452;100015452;EGX30 ETF;2674;Sama;2674;25;2024-05-10
4566;15467;100015467;EGP AXA10;2912;Al Safwa;2912;75;2025-08-04
4567;15498;100015498;USD Growth Saver;5160;USD AXA9;5160;25;2024-04-13
4568;15499;100015499;USD AXA9;3115;Dollar Saver;3115;25;2025-09-29
4569;15513;100015513;USD Growth Saver;2782;Al Safwa;2782;50;2025-11-01
4570;15525;100015525;Gold;1655;Money Market;1655;75;2024-05-03
4571;15615;100015615;USD Growth Saver;2133;EGP AXA10;2133;100;2025-07-16
4572;15628;100015628;Conservative;2704;Al Safwa;2704;25;2025-03-20
4573;15690;100015690;Diversified;1723;Gold;1723;25;2024-03-22
4574;15775;100015775;USD AXA9;792;Dollar Saver;792;25;2025-11-16
4575;15817;100015817;Al Safwa;2957;Conservative;2957;75;2025-01-06
4576;15819;100015819;Sama;1246;Dollar Saver;1246;25;2024-11-30
4577;15823;100015823;Dollar Saver;597;Secure;597;25;2024-06-30
4578;15882;100015882;Growth;2551;Money Market;2551;100;2024-09-04
4579;15886;100015886;Diversified;3196;Diversified;3196;50;2024-06-25
4580;15938;100015938;Diversified;482;Equities;482;50;2025-11-03
4581;15939;100015939;Equities;2158;USD Growth Saver;2158;100;2025-08-07
4582;15993;100015993;Diversified;317;Active;317;75;2025-02-09
4583;16043;100016043;Dollar Saver;327;Active;327;100;2024-09-19
4584;16056;100016056;Gold;3852;Al Safwa;3852;100;2025-01-04
4585;16142;100016142;Diversified;610;Dollar Saver;610;25;2025-08-06
4586;16175;100016175;USD Growth Saver;2245;Al Safwa;2245;75;2025-01-16
4587;16247;100016247;Conservative;1800;USD AXA9;1800;25;2025-04-23
4588;18708;100018708;Active;3698;Al Safwa;3698;50;2024-06-27
4589;16321;100016321;Equities;2107;Growth;2107;25;2024-05-10
4590;16322;100016322;USD Growth Saver;1454;Al Safwa;1454;75;2025-08-09
4591;16342;100016342;Equities;1869;Money Market;1869;100;2024-08-14
4592;16347;100016347;Equities;1015;Secure;1015;50;2024-05-18
4593;16351;100016351;Active;1801;Growth;1801;25;2025-10-10
4594;16406;100016406;Gold;4114;Money Market;4114;75;2024-11-08
4595;16411;100016411;Gold;5285;EGX30 ETF;5285;50;2024-11-26
4596;16428;100016428;Secure;388;Money Market;388;50;2025-05-16
4597;16436;100016436;Gold;262;Diversified;262;25;2025-01-11
4598;16450;100016450;Al Safwa;2067;Conservative;2067;100;2024-07-30
4599;16454;100016454;Conservative;1010;USD Growth Saver;1010;25;2025-10-11
4600;16565;100016565;USD Growth Saver;1027;Diversified;1027;75;2024-12-05
4601;16484;100016484;EGX30 ETF;2673;USD Growth Saver;2673;25;2024-08-24
4602;16505;100016505;Secure;1104;Equities;1104;75;2024-12-30
4603;16513;100016513;USD AXA9;2060;Money Market;2060;75;2025-07-16
4604;16568;100016568;EGX30 ETF;889;Money Market;889;100;2025-03-14
4605;16598;100016598;Sama;1915;EGP AXA10;1915;25;2025-06-08
4606;16605;100016605;Active;3337;Sama;3337;50;2024-07-09
4607;16618;100016618;Al Safwa;1361;Growth;1361;50;2024-08-28
4608;16641;100016641;USD Growth Saver;1293;USD Growth Saver;1293;50;2024-03-08
4609;16647;100016647;Money Market;697;Diversified;697;50;2025-09-22
4610;16669;100016669;Dollar Saver;2378;Money Market;2378;75;2025-02-06
4611;16686;100016686;Conservative;1969;USD Growth Saver;1969;50;2024-07-24
4612;16700;100016700;EGP AXA10;310;Diversified;310;100;2024-12-19
4613;16772;100016772;Growth;3124;Al Safwa;3124;50;2024-04-11
4614;16778;100016778;Equities;2023;Al Safwa;2023;25;2025-03-08
4615;16779;100016779;Dollar Saver;2706;EGX30 ETF;2706;75;2024-07-12
4616;16806;100016806;Dollar Saver;1260;EGX30 ETF;1260;75;2025-01-04
4617;16822;100016822;EGX30 ETF;2495;Growth;2495;75;2024-03-22
4618;16918;100016918;EGP AXA10;1936;Sama;1936;75;2025-06-14
4619;16942;100016942;Money Market;3876;Growth;3876;25;2025-06-23
4620;16961;100016961;Money Market;607;Gold;607;25;2024-04-06
4621;16969;100016969;EGP AXA10;131;EGP AXA10;131;50;2025-01-24
4622;16978;100016978;Money Market;4126;Sama;4126;25;2024-05-27
4623;16995;100016995;Diversified;2184;Conservative;2184;75;2024-09-01
4624;17003;100017003;Gold;157;Growth;157;100;2025-04-25
4625;17026;100017026;Secure;2602;Al Safwa;2602;50;2024-11-02
4626;17047;100017047;Sama;2486;Active;2486;50;2024-08-21
4627;17071;100017071;Dollar Saver;1982;Dollar Saver;1982;25;2025-04-25
4628;17076;100017076;USD AXA9;279;Dollar Saver;279;100;2025-07-16
4629;17114;100017114;Al Safwa;479;Growth;479;25;2024-03-07
4630;17169;100017169;Active;868;Equities;868;50;2025-03-15
4631;17179;100017179;USD Growth Saver;1350;Growth;1350;25;2024-05-31
4632;17193;100017193;Al Safwa;2406;Sama;2406;50;2024-03-05
4633;17238;100017238;Growth;1193;Gold;1193;50;2025-02-16
4634;17255;100017255;Dollar Saver;3003;Money Market;3003;100;2024-12-18
4635;17274;100017274;USD AXA9;1113;EGP AXA10;1113;100;2025-02-18
4636;17284;100017284;Sama;421;Active;421;50;2025-04-23
4637;17288;100017288;USD Growth Saver;1808;Growth;1808;75;2025-08-08
4638;17472;100017472;Al Safwa;1649;USD AXA9;1649;75;2024-08-30
4639;17320;100017320;Active;1991;EGP AXA10;1991;25;2024-03-02
4640;17324;100017324;Sama;2028;Sama;2028;25;2024-02-29
4641;17326;100017326;Equities;637;USD AXA9;637;75;2025-02-01
4642;17337;100017337;Al Safwa;2010;Active;2010;25;2025-10-18
4643;17377;100017377;Gold;983;Sama;983;50;2025-08-24
4644;17392;100017392;Money Market;1839;USD Growth Saver;1839;25;2025-03-27
4645;17395;100017395;USD Growth Saver;3499;Conservative;3499;50;2025-03-21
4646;17428;100017428;Dollar Saver;1534;Gold;1534;50;2024-02-04
4647;17430;100017430;Al Safwa;2305;Conservative;2305;50;2024-03-30
4648;17478;100017478;Dollar Saver;2744;Conservative;2744;25;2025-06-15
4649;17480;100017480;Money Market;630;EGX30 ETF;630;50;2025-08-29
4650;17509;100017509;Gold;1568;Money Market;1568;100;2025-08-05
4651;17522;100017522;Active;2428;EGP AXA10;2428;50;2024-08-19
4652;17526;100017526;Gold;2614;USD Growth Saver;2614;100;2024-11-15
4653;17527;100017527;Secure;2607;Secure;2607;100;2024-02-06
4654;17542;100017542;Sama;815;Gold;815;100;2024-08-22
4655;17548;100017548;Growth;1438;Diversified;1438;100;2025-05-01
4656;17596;100017596;Diversified;2833;Equities;2833;75;2024-08-12
4657;17600;100017600;Al Safwa;4397;Sama;4397;75;2025-06-01
4658;17623;100017623;Secure;772;Active;772;100;2024-04-19
4659;17647;100017647;Gold;1171;EGX30 ETF;1171;100;2025-04-30
4660;17663;100017663;Al Safwa;444;USD Growth Saver;444;25;2024-08-05
4661;17670;100017670;Secure;3198;Gold;3198;50;2025-02-21
4662;17674;100017674;Secure;3917;Gold;3917;100;2024-12-23
4663;17715;100017715;Conservative;373;Diversified;373;100;2025-12-31
4664;17726;100017726;USD AXA9;412;Dollar Saver;412;50;2024-08-23
4665;17729;100017729;Growth;5210;Diversified;5210;75;2024-07-25
4666;17754;100017754;EGX30 ETF;1743;Diversified;1743;100;2024-06-09
4667;17760;100017760;Growth;2706;Sama;2706;75;2025-02-25
4668;17778;100017778;Al Safwa;916;Growth;916;50;2025-05-24
4669;17783;100017783;Money Market;130;USD AXA9;130;100;2025-08-25
4670;17789;100017789;Al Safwa;4483;Gold;4483;50;2024-12-21
4671;17798;100017798;USD AXA9;3812;Sama;3812;75;2024-10-09
4672;17813;100017813;Dollar Saver;1112;Secure;1112;25;2024-09-12
4673;17828;100017828;Growth;2254;Dollar Saver;2254;50;2025-09-30
4674;17839;100017839;Active;3104;Al Safwa;3104;100;2024-04-23
4675;17851;100017851;Active;1114;Dollar Saver;1114;75;2024-06-24
4676;17895;100017895;Al Safwa;3129;Diversified;3129;25;2025-04-09
4677;17906;100017906;Sama;1297;USD AXA9;1297;25;2024-08-29
4678;17934;100017934;Equities;2777;Active;2777;75;2025-11-17
4679;17999;100017999;Equities;2573;Active;2573;75;2025-07-11
4680;18038;100018038;EGP AXA10;3122;Gold;3122;50;2024-07-28
4681;18042;100018042;USD AXA9;862;Dollar Saver;862;50;2024-02-29
4682;18051;100018051;USD AXA9;4472;Active;4472;25;2024-09-28
4683;18057;100018057;Secure;565;Equities;565;100;2025-06-02
4684;18097;100018097;Money Market;958;Secure;958;50;2025-01-25
4685;18146;100018146;Equities;424;Gold;424;75;2024-10-25
4686;18174;100018174;Secure;1616;Money Market;1616;25;2024-10-21
4687;18182;100018182;Gold;2953;Gold;2953;100;2025-01-21
4688;18286;100018286;Al Safwa;2615;Sama;2615;25;2025-06-26
4689;18337;100018337;Diversified;2102;Conservative;2102;75;2025-05-16
4690;18347;100018347;Growth;2837;Growth;2837;75;2024-09-11
4691;18377;100018377;Al Safwa;2989;Equities;2989;25;2025-05-31
4692;21663;100021663;Gold;2346;Dollar Saver;2346;75;2024-07-15
4693;18395;100018395;Gold;1219;USD AXA9;1219;25;2024-11-04
4694;18414;100018414;USD AXA9;2242;Secure;2242;100;2025-06-03
4695;18421;100018421;USD AXA9;1718;Equities;1718;50;2024-10-15
4696;18450;100018450;USD AXA9;866;Secure;866;100;2024-10-01
4697;18453;100018453;Active;979;EGP AXA10;979;100;2024-11-07
4698;18484;100018484;Conservative;1167;Sama;1167;100;2025-01-19
4699;18506;100018506;Conservative;2541;USD AXA9;2541;75;2024-02-23
4700;18548;100018548;Conservative;4312;Equities;4312;50;2025-01-13
4701;18561;100018561;Al Safwa;1069;Growth;1069;50;2025-11-28
4702;18571;100018571;Dollar Saver;324;USD Growth Saver;324;75;2025-05-28
4703;18608;100018608;Dollar Saver;658;USD Growth Saver;658;75;2025-07-18
4704;18630;100018630;Al Safwa;446;EGP AXA10;446;75;2024-10-13
4705;18686;100018686;Dollar Saver;2569;Money Market;2569;75;2025-06-16
4706;18759;100018759;EGX30 ETF;6729;Gold;6729;25;2024-12-17
4707;18841;100018841;EGP AXA10;1127;Secure;1127;25;2025-08-21
4708;18851;100018851;Growth;3535;EGP AXA10;3535;75;2025-02-20
4709;18871;100018871;Equities;1906;EGX30 ETF;1906;50;2025-10-04
4710;18891;100018891;EGP AXA10;3268;Sama;3268;100;2025-10-23
4711;18903;100018903;Conservative;3088;Diversified;3088;50;2024-05-13
4712;18906;100018906;Equities;1049;Equities;1049;75;2025-04-26
4713;18916;100018916;Al Safwa;4145;Al Safwa;4145;100;2024-05-30
4714;18917;100018917;Dollar Saver;1525;Equities;1525;75;2024-02-12
4715;18931;100018931;Gold;1497;Money Market;1497;25;2024-10-16
4716;18956;100018956;EGX30 ETF;4823;Conservative;4823;75;2025-03-03
4717;18977;100018977;EGX30 ETF;1587;Diversified;1587;50;2024-06-03
4718;18983;100018983;EGP AXA10;2353;Al Safwa;2353;100;2024-08-16
4719;19021;100019021;Secure;1758;Secure;1758;50;2024-09-22
4720;19028;100019028;Equities;894;Gold;894;75;2024-04-13
4721;19046;100019046;Sama;506;Al Safwa;506;100;2024-08-04
4722;19084;100019084;USD AXA9;935;Al Safwa;935;100;2025-10-13
4723;19104;100019104;Gold;218;USD AXA9;218;25;2024-07-24
4724;19111;100019111;EGP AXA10;871;Conservative;871;50;2025-01-24
4725;19113;100019113;Gold;2602;Growth;2602;25;2024-09-20
4726;19133;100019133;Conservative;619;Money Market;619;50;2024-12-03
4727;19144;100019144;Growth;4115;EGX30 ETF;4115;75;2025-04-06
4728;19181;100019181;Conservative;396;Al Safwa;396;100;2024-05-11
4729;19201;100019201;EGP AXA10;2488;EGX30 ETF;2488;100;2024-12-15
4730;19205;100019205;Equities;1560;EGP AXA10;1560;25;2025-10-26
4731;19213;100019213;Gold;1446;Sama;1446;100;2025-04-19
4732;19233;100019233;USD AXA9;3195;Diversified;3195;25;2025-12-08
4733;19234;100019234;Dollar Saver;5165;Money Market;5165;100;2024-05-12
4734;22657;100022657;Gold;3813;Dollar Saver;3813;75;2025-07-08
4735;19268;100019268;USD AXA9;1812;Sama;1812;100;2024-04-13
4736;19306;100019306;Money Market;2354;Conservative;2354;75;2024-08-22
4737;19332;100019332;Growth;2334;Gold;2334;25;2024-07-27
4738;19336;100019336;USD AXA9;3675;EGX30 ETF;3675;25;2025-09-15
4739;19343;100019343;Diversified;2392;USD Growth Saver;2392;25;2024-02-18
4740;19348;100019348;Dollar Saver;1403;USD AXA9;1403;100;2024-11-15
4741;19366;100019366;USD Growth Saver;2245;USD Growth Saver;2245;100;2025-11-30
4742;19421;100019421;Al Safwa;1523;Sama;1523;75;2024-03-20
4743;19425;100019425;Equities;1164;USD AXA9;1164;100;2025-08-17
4744;19429;100019429;EGP AXA10;1573;Active;1573;50;2024-12-18
4745;19441;100019441;Equities;631;Gold;631;100;2024-02-02
4746;19453;100019453;Gold;106;Growth;106;100;2025-07-21
4747;19454;100019454;Secure;947;Al Safwa;947;75;2025-03-11
4748;19460;100019460;Growth;2924;USD Growth Saver;2924;25;2025-04-10
4749;19477;100019477;Sama;706;Al Safwa;706;100;2025-05-30
4750;19503;100019503;Gold;2555;Conservative;2555;75;2025-07-26
4751;19519;100019519;Conservative;3185;Growth;3185;100;2025-07-24
4752;19542;100019542;Gold;1585;Growth;1585;25;2024-08-15
4753;19558;100019558;Equities;515;Active;515;100;2025-06-22
4754;19596;100019596;Gold;1715;Dollar Saver;1715;25;2025-02-08
4755;19677;100019677;Gold;825;USD Growth Saver;825;100;2025-04-26
4756;19688;100019688;Conservative;7226;Diversified;7226;75;2025-05-11
4757;19722;100019722;EGP AXA10;2287;Growth;2287;75;2025-08-31
4758;19780;100019780;EGX30 ETF;1500;EGP AXA10;1500;75;2024-04-15
4759;19796;100019796;Secure;1892;Sama;1892;100;2025-06-22
4760;19801;100019801;USD Growth Saver;3451;Equities;3451;75;2024-09-14
4761;19809;100019809;Equities;1024;Equities;1024;50;2025-05-12
4762;19907;100019907;Secure;3269;Secure;3269;100;2024-07-20
4763;19870;100019870;Active;2298;Diversified;2298;75;2025-11-28
4764;19874;100019874;Money Market;731;Conservative;731;50;2024-02-25
4765;19875;100019875;Secure;1575;EGP AXA10;1575;25;2025-12-05
4766;19889;100019889;USD AXA9;955;Dollar Saver;955;75;2024-07-16
4767;19926;100019926;Growth;1029;USD AXA9;1029;100;2025-07-04
4768;19930;100019930;Al Safwa;5276;EGP AXA10;5276;50;2025-06-26
4769;19972;100019972;EGP AXA10;4005;Sama;4005;25;2024-09-17
4770;20013;100020013;Diversified;4998;Growth;4998;100;2024-12-10
4771;20015;100020015;Equities;1286;Growth;1286;50;2024-06-07
4772;20018;100020018;Secure;2521;Money Market;2521;25;2024-08-04
4773;20021;100020021;EGX30 ETF;936;USD Growth Saver;936;50;2025-05-16
4774;20087;100020087;EGX30 ETF;1633;Dollar Saver;1633;75;2024-10-26
4775;20097;100020097;USD AXA9;3500;Equities;3500;75;2024-06-22
4776;20140;100020140;Active;2538;Active;2538;75;2024-10-02
4777;20162;100020162;EGP AXA10;377;USD Growth Saver;377;50;2025-04-29
4778;20169;100020169;Active;658;EGX30 ETF;658;75;2024-12-27
4779;20203;100020203;Conservative;2440;EGX30 ETF;2440;25;2024-03-13
4780;20212;100020212;Conservative;1393;Equities;1393;75;2025-01-07
4781;20221;100020221;EGP AXA10;468;Secure;468;25;2025-05-21
4782;20294;100020294;Money Market;1808;Diversified;1808;25;2025-09-08
4783;20310;100020310;Equities;1133;Growth;1133;50;2024-04-05
4784;20340;100020340;Money Market;2516;Diversified;2516;50;2024-06-27
4785;20358;100020358;EGX30 ETF;4737;Sama;4737;75;2025-08-14
4786;20363;100020363;USD AXA9;1586;Active;1586;75;2025-09-18
4787;20411;100020411;USD AXA9;2979;EGX30 ETF;2979;25;2024-05-03
4788;20513;100020513;USD AXA9;1557;EGP AXA10;1557;50;2024-02-03
4789;20517;100020517;Dollar Saver;1663;Growth;1663;50;2024-05-03
4790;20537;100020537;Money Market;3172;Al Safwa;3172;75;2025-05-05
4791;20567;100020567;Growth;1181;Equities;1181;25;2024-06-12
4792;20571;100020571;Al Safwa;3557;Al Safwa;3557;25;2024-11-05
4793;20625;100020625;Sama;1855;Active;1855;75;2025-07-26
4794;20660;100020660;Gold;2156;USD Growth Saver;2156;75;2025-01-16
4795;20680;100020680;Sama;3048;Secure;3048;75;2024-10-20
4796;20728;100020728;Conservative;2727;Conservative;2727;75;2025-08-25
4797;20759;100020759;USD Growth Saver;1518;Al Safwa;1518;50;2025-11-03
4798;20768;100020768;Gold;1567;Growth;1567;75;2024-08-15
4799;20833;100020833;Conservative;1310;Diversified;1310;25;2024-08-17
4800;20892;100020892;Money Market;792;USD AXA9;792;100;2024-05-10
4801;20949;100020949;USD AXA9;1253;USD Growth Saver;1253;75;2025-12-16
4802;20968;100020968;Dollar Saver;1972;EGP AXA10;1972;25;2024-07-07
4803;20970;100020970;USD Growth Saver;1422;EGX30 ETF;1422;100;2025-07-15
4804;20997;100020997;Growth;127;Al Safwa;127;75;2025-09-08
4805;21955;100021955;Active;2315;Diversified;2315;75;2025-01-29
4806;21079;100021079;Al Safwa;440;Growth;440;75;2024-06-29
4807;21080;100021080;Equities;1307;EGP AXA10;1307;50;2025-08-26
4808;21095;100021095;Sama;445;Dollar Saver;445;25;2025-10-02
4809;21134;100021134;Al Safwa;1006;Sama;1006;75;2025-07-10
4810;21142;100021142;USD Growth Saver;1466;Equities;1466;100;2025-10-31
4811;21153;100021153;Al Safwa;2579;Equities;2579;50;2025-07-21
4812;21187;100021187;EGX30 ETF;1494;Active;1494;50;2024-08-11
4813;21221;100021221;Equities;5035;Al Safwa;5035;50;2025-07-15
4814;21281;100021281;Al Safwa;2375;Gold;2375;75;2024-12-07
4815;21299;100021299;Growth;733;EGX30 ETF;733;100;2025-10-22
4816;21309;100021309;Active;1735;Conservative;1735;100;2025-03-20
4817;21313;100021313;Al Safwa;1435;USD AXA9;1435;25;2024-06-27
4818;21326;100021326;Secure;3272;USD Growth Saver;3272;100;2025-04-11
4819;21354;100021354;Secure;3120;Active;3120;50;2024-12-04
4820;21384;100021384;USD Growth Saver;3445;Equities;3445;25;2024-09-28
4821;21394;100021394;Sama;887;Conservative;887;75;2025-06-21
4822;21397;100021397;Al Safwa;3234;EGX30 ETF;3234;50;2025-01-03
4823;21399;100021399;Diversified;575;USD Growth Saver;575;25;2025-10-22
4824;21406;100021406;Conservative;3225;Growth;3225;50;2025-02-28
4825;21418;100021418;Active;2207;Secure;2207;100;2025-12-03
4826;21428;100021428;USD Growth Saver;1356;Growth;1356;100;2024-11-22
4827;21432;100021432;Money Market;3401;Active;3401;75;2024-03-03
4828;21477;100021477;Equities;2086;Secure;2086;100;2025-07-14
4829;21544;100021544;USD AXA9;1449;EGX30 ETF;1449;50;2024-02-23
4830;21552;100021552;Money Market;2791;EGX30 ETF;2791;100;2025-12-19
4831;21567;100021567;Gold;1533;USD Growth Saver;1533;100;2024-05-16
4832;21589;100021589;Growth;3527;Money Market;3527;25;2025-08-19
4833;21592;100021592;Diversified;540;Dollar Saver;540;100;2025-01-06
4834;21619;100021619;Money Market;508;EGP AXA10;508;25;2025-05-05
4835;21794;100021794;Money Market;2482;USD AXA9;2482;100;2024-04-17
4836;21679;100021679;Money Market;1078;USD AXA9;1078;50;2025-02-04
4837;21687;100021687;EGX30 ETF;1496;Active;1496;25;2025-07-26
4838;21720;100021720;Diversified;2501;Gold;2501;100;2024-08-17
4839;21727;100021727;Diversified;4780;Dollar Saver;4780;50;2025-12-29
4840;21739;100021739;Gold;2046;Growth;2046;25;2024-02-02
4841;21761;100021761;EGP AXA10;2289;USD Growth Saver;2289;75;2024-10-11
4842;21778;100021778;USD AXA9;736;EGP AXA10;736;100;2025-10-30
4843;21807;100021807;Growth;1074;Money Market;1074;50;2025-05-18
4844;21813;100021813;Equities;602;EGX30 ETF;602;75;2025-12-12
4845;21815;100021815;USD Growth Saver;1406;Al Safwa;1406;50;2024-07-01
4846;21818;100021818;Growth;2890;Conservative;2890;25;2025-02-26
4847;21890;100021890;Dollar Saver;410;Equities;410;75;2025-06-16
4848;21995;100021995;USD Growth Saver;2935;Dollar Saver;2935;50;2024-05-12
4849;21998;100021998;Conservative;2563;Diversified;2563;50;2025-01-02
4850;22005;100022005;EGP AXA10;362;EGX30 ETF;362;50;2025-03-05
4851;22062;100022062;Dollar Saver;2050;Gold;2050;100;2024-04-16
4852;22064;100022064;EGX30 ETF;2489;Gold;2489;100;2024-12-18
4853;22069;100022069;Money Market;2865;Money Market;2865;50;2024-12-19
4854;22099;100022099;Secure;1137;Dollar Saver;1137;100;2024-04-19
4855;22105;100022105;Dollar Saver;576;Dollar Saver;576;50;2024-04-02
4856;22195;100022195;EGX30 ETF;1538;Conservative;1538;100;2024-05-03
4857;22207;100022207;Sama;2331;Gold;2331;100;2025-04-19
4858;22222;100022222;Growth;2999;Al Safwa;2999;75;2024-12-01
4859;22225;100022225;Gold;3788;Conservative;3788;50;2025-08-20
4860;22245;100022245;Equities;4557;EGX30 ETF;4557;75;2025-11-26
4861;22373;100022373;Growth;188;Active;188;50;2025-04-10
4862;22459;100022459;Secure;1905;Growth;1905;100;2025-05-06
4863;22499;100022499;Conservative;1346;Al Safwa;1346;75;2025-09-01
4864;22513;100022513;Al Safwa;5488;Growth;5488;25;2025-06-06
4865;22534;100022534;Growth;2360;USD Growth Saver;2360;100;2025-09-15
4866;22536;100022536;Al Safwa;1900;Dollar Saver;1900;50;2025-07-02
4867;22538;100022538;USD Growth Saver;1152;Money Market;1152;75;2024-02-20
4868;22700;100022700;Equities;1242;USD AXA9;1242;25;2024-06-10
4869;22753;100022753;USD AXA9;2103;EGP AXA10;2103;75;2025-02-15
4870;22771;100022771;Active;2239;Equities;2239;100;2025-04-08
4871;22792;100022792;Conservative;2059;Gold;2059;25;2024-09-30
4872;22838;100022838;Diversified;2068;Growth;2068;50;2025-05-13
4873;22841;100022841;Al Safwa;5652;USD AXA9;5652;25;2025-06-23
4874;22874;100022874;Dollar Saver;2430;Dollar Saver;2430;50;2024-04-22
4875;22880;100022880;EGP AXA10;1105;Growth;1105;100;2024-08-27
4876;22900;100022900;Growth;3130;Active;3130;50;2025-11-12
4877;22926;100022926;Dollar Saver;2205;USD Growth Saver;2205;50;2025-03-17
4878;22974;100022974;Dollar Saver;612;Money Market;612;75;2025-06-18
4879;22999;100022999;USD AXA9;3878;Al Safwa;3878;50;2024-12-21
4880;23034;100023034;Equities;2337;Gold;2337;100;2024-03-10
4881;23044;100023044;Conservative;756;Active;756;75;2025-03-19
4882;23070;100023070;Active;3663;EGP AXA10;3663;100;2025-11-18
4883;23088;100023088;Active;2727;Diversified;2727;100;2024-02-29
4884;23107;100023107;Equities;2210;Secure;2210;50;2024-10-29
4885;23108;100023108;EGX30 ETF;1791;Equities;1791;25;2025-04-09
4886;23140;100023140;Money Market;700;Dollar Saver;700;100;2025-11-01
4887;23145;100023145;Diversified;934;Sama;934;25;2025-07-14
4888;23174;100023174;Secure;767;USD Growth Saver;767;100;2025-02-03
4889;24199;100024199;USD AXA9;994;Sama;994;75;2024-10-02
4890;23209;100023209;EGP AXA10;964;Growth;964;100;2024-10-18
4891;23239;100023239;Active;1188;Gold;1188;100;2024-06-01
4892;23244;100023244;Al Safwa;193;Sama;193;100;2025-12-20
4893;23279;100023279;Dollar Saver;1896;Equities;1896;50;2025-07-21
4894;23313;100023313;Conservative;1226;EGX30 ETF;1226;100;2024-11-23
4895;23316;100023316;EGP AXA10;633;Gold;633;75;2024-02-22
4896;23326;100023326;Gold;1069;Active;1069;50;2025-01-13
4897;23344;100023344;USD Growth Saver;913;Growth;913;100;2025-01-30
4898;23347;100023347;Secure;1682;Money Market;1682;50;2024-05-03
4899;23354;100023354;Equities;4394;Equities;4394;25;2024-09-27
4900;23365;100023365;Conservative;772;Dollar Saver;772;50;2025-03-09
4901;23416;100023416;Money Market;3004;Growth;3004;50;2025-09-04
4902;23426;100023426;Active;2598;Equities;2598;75;2025-12-23
4903;23434;100023434;EGX30 ETF;2601;EGX30 ETF;2601;75;2025-07-25
4904;23462;100023462;Dollar Saver;1778;Diversified;1778;25;2024-04-13
4905;23518;100023518;EGP AXA10;1616;Gold;1616;50;2025-04-22
4906;23563;100023563;Diversified;1061;Growth;1061;25;2025-01-18
4907;23566;100023566;EGP AXA10;3040;USD Growth Saver;3040;100;2025-12-21
4908;23644;100023644;USD Growth Saver;816;EGP AXA10;816;75;2024-04-05
4909;23594;100023594;USD Growth Saver;4002;Money Market;4002;75;2025-11-07
4910;23618;100023618;USD Growth Saver;749;EGX30 ETF;749;50;2025-11-18
4911;23620;100023620;Growth;255;Money Market;255;25;2025-06-07
4912;23646;100023646;Conservative;1510;Growth;1510;75;2025-05-08
4913;23668;100023668;Active;1453;Sama;1453;75;2025-05-31
4914;23678;100023678;EGX30 ETF;1149;Diversified;1149;50;2024-10-07
4915;23697;100023697;Money Market;655;Equities;655;100;2024-05-28
4916;23699;100023699;Equities;3598;Money Market;3598;75;2025-10-15
4917;23718;100023718;EGX30 ETF;1914;USD AXA9;1914;25;2024-07-21
4918;23758;100023758;Equities;3697;USD AXA9;3697;50;2024-07-19
4919;23762;100023762;EGX30 ETF;1933;Al Safwa;1933;25;2024-11-19
4920;23765;100023765;EGX30 ETF;849;Money Market;849;75;2024-10-21
4921;23780;100023780;EGP AXA10;1760;Diversified;1760;25;2024-04-28
4922;23806;100023806;Secure;1913;USD Growth Saver;1913;100;2024-02-22
4923;23836;100023836;Sama;4494;USD Growth Saver;4494;25;2025-07-17
4924;23840;100023840;EGP AXA10;418;USD Growth Saver;418;50;2025-02-05
4925;23844;100023844;EGX30 ETF;1626;USD Growth Saver;1626;100;2025-07-25
4926;23874;100023874;USD AXA9;403;Gold;403;100;2024-03-22
4927;23884;100023884;Al Safwa;203;Dollar Saver;203;50;2025-05-26
4928;23925;100023925;EGX30 ETF;992;EGP AXA10;992;75;2025-11-22
4929;23927;100023927;EGP AXA10;4865;USD AXA9;4865;75;2025-10-25
4930;23928;100023928;Al Safwa;434;Growth;434;50;2025-03-21
4931;23957;100023957;Gold;3252;Active;3252;50;2025-03-29
4932;23988;100023988;Conservative;999;Dollar Saver;999;75;2025-04-15
4933;24001;100024001;Al Safwa;4567;EGX30 ETF;4567;25;2025-01-19
4934;24032;100024032;Diversified;3241;Al Safwa;3241;75;2024-03-19
4935;24113;100024113;Dollar Saver;2131;Active;2131;50;2024-08-11
4936;24118;100024118;Money Market;1501;EGP AXA10;1501;75;2024-06-08
4937;24168;100024168;Gold;2121;Sama;2121;25;2025-04-04
4938;24175;100024175;Dollar Saver;2571;Money Market;2571;100;2025-11-13
4939;24186;100024186;USD Growth Saver;2247;USD Growth Saver;2247;75;2025-06-13
4940;24208;100024208;Sama;1731;Dollar Saver;1731;100;2024-07-07
4941;24247;100024247;Secure;2699;Al Safwa;2699;100;2025-07-09
4942;24274;100024274;Al Safwa;578;Active;578;25;2025-09-04
4943;24277;100024277;Money Market;646;Equities;646;25;2025-09-11
4944;24299;100024299;Diversified;1279;Conservative;1279;50;2025-08-19
4945;24339;100024339;Gold;2308;Secure;2308;75;2024-03-16
4946;24351;100024351;Equities;216;USD Growth Saver;216;100;2025-06-20
4947;24389;100024389;Money Market;719;EGP AXA10;719;75;2024-05-21
4948;24443;100024443;Growth;2441;Al Safwa;2441;100;2024-12-05
4949;24446;100024446;USD Growth Saver;2427;EGP AXA10;2427;75;2025-12-20
4950;24454;100024454;Diversified;1174;EGX30 ETF;1174;75;2025-06-25
4951;24467;100024467;USD Growth Saver;2131;EGX30 ETF;2131;25;2024-12-24
4952;24472;100024472;Sama;2359;Money Market;2359;75;2024-08-18
4953;24487;100024487;EGP AXA10;619;Equities;619;25;2024-05-30
4954;24557;100024557;Conservative;5902;Diversified;5902;50;2024-04-28
4955;24570;100024570;Sama;3854;Active;3854;100;2024-04-09
4956;24575;100024575;EGX30 ETF;656;Gold;656;100;2025-11-19
4957;24585;100024585;USD Growth Saver;582;Conservative;582;25;2024-11-19
4958;24595;100024595;Sama;1030;EGX30 ETF;1030;75;2025-04-23
4959;24598;100024598;Active;2940;Growth;2940;100;2025-04-20
4960;24601;100024601;Growth;1697;EGX30 ETF;1697;100;2025-03-13
4961;24623;100024623;USD Growth Saver;2635;Secure;2635;25;2024-02-10
4962;24665;100024665;Dollar Saver;481;Gold;481;25;2024-02-04
4963;24673;100024673;Dollar Saver;908;Secure;908;50;2025-11-03
4964;24675;100024675;Money Market;1800;EGP AXA10;1800;100;2025-03-05
4965;24686;100024686;Secure;670;Gold;670;75;2025-05-25
4966;24722;100024722;Growth;402;Equities;402;100;2024-09-08
4967;24743;100024743;Secure;618;Growth;618;50;2025-04-27
4968;24752;100024752;Active;931;Sama;931;100;2025-04-24
4969;24778;100024778;Equities;2289;USD Growth Saver;2289;25;2025-07-02
4970;24779;100024779;Conservative;1317;USD Growth Saver;1317;100;2025-06-21
4971;24902;100024902;Al Safwa;826;Conservative;826;25;2025-12-21
4972;24940;100024940;Al Safwa;521;Al Safwa;521;75;2025-09-20
4973;24968;100024968;Dollar Saver;1004;EGX30 ETF;1004;100;2025-01-18
4974;25003;100025003;USD Growth Saver;608;Sama;608;100;2024-07-14
4975;25010;100025010;Diversified;925;Conservative;925;100;2024-11-04
4976;25047;100025047;USD AXA9;757;Growth;757;75;2025-08-11
4977;25049;100025049;Active;1106;Money Market;1106;75;2025-02-01
4978;25051;100025051;EGP AXA10;496;Dollar Saver;496;100;2024-02-16
4979;25059;100025059;Active;697;EGP AXA10;697;50;2024-04-17
4980;25080;100025080;Gold;654;Diversified;654;25;2024-07-12
4981;25083;100025083;USD Growth Saver;415;USD AXA9;415;50;2024-10-24
4982;25084;100025084;Equities;4466;Active;4466;75;2024-08-24
4983;25227;100025227;Growth;1209;Equities;1209;25;2025-07-20
4984;25232;100025232;Active;569;Dollar Saver;569;50;2025-08-30
4985;25247;100025247;Dollar Saver;2684;Secure;2684;100;2024-03-03
4986;25317;100025317;Growth;1250;EGP AXA10;1250;75;2024-08-02
4987;25251;100025251;Active;2320;Equities;2320;50;2025-09-12
4988;25258;100025258;Secure;188;Sama;188;50;2024-10-08
4989;25268;100025268;EGX30 ETF;2663;Growth;2663;100;2025-10-30
4990;25272;100025272;Active;1821;Conservative;1821;25;2024-08-03
4991;25284;100025284;Growth;2891;Equities;2891;100;2024-12-01
4992;25321;100025321;Secure;4594;Money Market;4594;75;2024-10-24
4993;25330;100025330;EGX30 ETF;1062;EGX30 ETF;1062;50;2025-09-04
4994;25331;100025331;Active;1452;Equities;1452;50;2025-04-05
4995;25403;100025403;Diversified;304;Equities;304;25;2025-11-24
4996;25414;100025414;Sama;1191;Money Market;1191;100;2025-06-20
4997;25450;100025450;Gold;2431;Secure;2431;25;2025-03-28
4998;25456;100025456;EGX30 ETF;2612;Secure;2612;75;2025-11-11
4999;25462;100025462;Diversified;1649;USD AXA9;1649;25;2025-04-27
5000;25471;100025471;Secure;817;Diversified;817;50;2024-04-19
5001;25548;100025548;Gold;1505;Al Safwa;1505;25;2024-05-25
5002;28890;100028890;USD AXA9;2424;Money Market;2424;75;2024-10-04
5003;25586;100025586;Dollar Saver;1305;Gold;1305;25;2025-05-13
5004;25610;100025610;USD AXA9;2525;Diversified;2525;75;2025-11-03
5005;25612;100025612;Sama;1905;EGX30 ETF;1905;100;2025-01-02
5006;25625;100025625;USD AXA9;1462;EGP AXA10;1462;25;2025-12-12
5007;25626;100025626;Conservative;5160;EGP AXA10;5160;100;2025-03-16
5008;25666;100025666;Al Safwa;2445;Gold;2445;100;2024-02-18
5009;25689;100025689;Active;374;Diversified;374;25;2024-05-01
5010;25719;100025719;Money Market;1079;Conservative;1079;100;2024-11-11
5011;25753;100025753;Dollar Saver;1940;EGP AXA10;1940;75;2025-06-24
5012;25775;100025775;Conservative;3074;Diversified;3074;75;2024-12-19
5013;25780;100025780;Al Safwa;1877;Conservative;1877;100;2025-12-13
5014;25784;100025784;USD Growth Saver;936;EGX30 ETF;936;100;2025-07-18
5015;25813;100025813;EGP AXA10;1262;Al Safwa;1262;50;2025-07-24
5016;25854;100025854;Conservative;4403;Gold;4403;100;2024-07-28
5017;25866;100025866;Money Market;3741;Diversified;3741;100;2024-03-10
5018;25873;100025873;Gold;1687;Equities;1687;100;2025-08-07
5019;25876;100025876;Growth;739;EGX30 ETF;739;25;2024-04-12
5020;25896;100025896;Money Market;1343;Secure;1343;100;2025-10-20
5021;25897;100025897;Al Safwa;533;EGX30 ETF;533;25;2024-08-18
5022;25920;100025920;Gold;1544;EGP AXA10;1544;25;2025-11-14
5023;25936;100025936;Conservative;1012;EGP AXA10;1012;75;2025-05-24
5024;25958;100025958;EGP AXA10;690;Secure;690;50;2025-07-28
5025;25972;100025972;Equities;2639;Money Market;2639;75;2024-08-24
5026;26008;100026008;USD AXA9;1158;Conservative;1158;100;2024-02-18
5027;26051;100026051;Money Market;7095;USD AXA9;7095;100;2025-04-02
5028;26069;100026069;Diversified;984;Growth;984;75;2024-07-11
5029;26072;100026072;Sama;2755;Gold;2755;75;2025-02-04
5030;26138;100026138;Al Safwa;2530;Money Market;2530;100;2025-11-21
5031;26216;100026216;Dollar Saver;779;Sama;779;100;2024-10-01
5032;26269;100026269;Al Safwa;2177;USD Growth Saver;2177;25;2025-12-28
5033;26270;100026270;Active;862;Diversified;862;100;2024-05-10
5034;26282;100026282;USD AXA9;2438;Al Safwa;2438;75;2024-10-03
5035;26327;100026327;Money Market;1829;Sama;1829;50;2024-03-15
5036;26329;100026329;USD Growth Saver;206;Money Market;206;25;2025-08-02
5037;26335;100026335;Gold;2247;EGP AXA10;2247;25;2025-01-12
5038;26342;100026342;Al Safwa;2246;EGX30 ETF;2246;75;2025-12-04
5039;26352;100026352;Dollar Saver;1184;EGX30 ETF;1184;50;2025-06-18
5040;26371;100026371;Secure;650;Growth;650;25;2025-11-16
5041;26403;100026403;USD Growth Saver;5458;Gold;5458;100;2025-06-10
5042;26404;100026404;Active;726;Gold;726;25;2025-02-07
5043;26437;100026437;Growth;310;Diversified;310;50;2025-09-11
5044;26457;100026457;USD Growth Saver;2985;EGX30 ETF;2985;50;2025-07-01
5045;26466;100026466;Gold;2550;Equities;2550;75;2025-08-15
5046;26470;100026470;Gold;3126;USD Growth Saver;3126;50;2024-07-06
5047;26536;100026536;EGP AXA10;1927;Al Safwa;1927;75;2024-03-20
5048;26542;100026542;Equities;2341;USD Growth Saver;2341;25;2025-09-26
5049;26548;100026548;EGX30 ETF;778;Conservative;778;100;2025-03-26
5050;26561;100026561;Secure;2550;Equities;2550;100;2024-07-21
5051;26570;100026570;Secure;1914;EGP AXA10;1914;25;2024-09-21
5052;26596;100026596;Al Safwa;907;EGP AXA10;907;25;2025-02-04
5053;26609;100026609;Growth;1484;Secure;1484;50;2024-11-29
5054;26628;100026628;Al Safwa;1252;Al Safwa;1252;50;2025-06-15
5055;26632;100026632;Conservative;3338;Growth;3338;25;2025-04-28
5056;26662;100026662;Growth;562;Conservative;562;50;2024-06-13
5057;26676;100026676;Gold;2926;EGP AXA10;2926;75;2025-06-22
5058;26687;100026687;EGP AXA10;2630;Equities;2630;75;2024-09-22
5059;26696;100026696;Equities;5938;Al Safwa;5938;50;2024-09-03
5060;26739;100026739;Sama;3970;Active;3970;75;2024-07-27
5061;26745;100026745;EGP AXA10;3053;EGP AXA10;3053;75;2025-04-03
5062;26756;100026756;Diversified;2640;Dollar Saver;2640;100;2024-08-09
5063;26761;100026761;Active;3334;EGP AXA10;3334;50;2025-08-24
5064;26769;100026769;EGP AXA10;1822;Conservative;1822;25;2025-08-28
5065;26810;100026810;Gold;1765;EGP AXA10;1765;50;2024-03-09
5066;26827;100026827;Equities;1008;Money Market;1008;50;2024-06-11
5067;26843;100026843;Growth;2665;Secure;2665;100;2024-08-31
5068;26868;100026868;Sama;3334;Equities;3334;100;2025-09-02
5069;26898;100026898;Diversified;2489;Secure;2489;75;2024-02-11
5070;26903;100026903;Al Safwa;2452;Money Market;2452;25;2024-02-16
5071;26911;100026911;EGP AXA10;1085;Active;1085;75;2025-03-16
5072;26920;100026920;Active;2199;Gold;2199;25;2024-07-08
5073;26940;100026940;Growth;332;Conservative;332;50;2024-02-15
5074;26966;100026966;Equities;1156;Secure;1156;50;2025-02-22
5075;26968;100026968;Money Market;3955;Diversified;3955;75;2025-08-25
5076;26986;100026986;Diversified;2080;Money Market;2080;75;2024-03-08
5077;27019;100027019;Sama;2346;Gold;2346;50;2025-12-14
5078;27025;100027025;USD AXA9;2585;Secure;2585;75;2025-08-04
5079;27035;100027035;Money Market;1248;Money Market;1248;75;2024-07-28
5080;27101;100027101;Secure;1362;Dollar Saver;1362;25;2025-07-15
5081;27112;100027112;Equities;204;Diversified;204;100;2025-06-19
5082;27154;100027154;Sama;2105;Equities;2105;25;2025-09-15
5083;27187;100027187;Secure;1055;Money Market;1055;100;2024-03-29
5084;27193;100027193;EGP AXA10;1385;Secure;1385;25;2024-06-25
5085;27202;100027202;Active;2227;Growth;2227;25;2025-11-18
5086;27210;100027210;EGP AXA10;2046;Money Market;2046;25;2024-07-17
5087;27216;100027216;Active;917;Sama;917;25;2025-04-18
5088;27247;100027247;EGP AXA10;1050;Al Safwa;1050;25;2024-11-03
5089;28113;100028113;Gold;1488;Conservative;1488;25;2024-09-09
5090;27317;100027317;USD Growth Saver;2155;EGP AXA10;2155;50;2024-11-27
5091;27327;100027327;EGX30 ETF;387;Dollar Saver;387;50;2025-07-22
5092;27334;100027334;Money Market;3221;USD AXA9;3221;100;2025-09-01
5093;27343;100027343;USD Growth Saver;3486;Dollar Saver;3486;50;2025-09-19
5094;27476;100027476;Diversified;1445;Sama;1445;100;2025-02-24
5095;28264;100028264;Equities;3392;Al Safwa;3392;100;2025-07-01
5096;27510;100027510;Gold;4464;Growth;4464;75;2024-06-06
5097;27515;100027515;EGP AXA10;638;Secure;638;75;2024-08-17
5098;27522;100027522;Diversified;1839;USD AXA9;1839;50;2024-05-24
5099;27620;100027620;Growth;1693;Dollar Saver;1693;25;2025-06-03
5100;27649;100027649;Conservative;364;EGP AXA10;364;75;2025-05-25
5101;27659;100027659;USD AXA9;2784;Dollar Saver;2784;25;2024-03-23
5102;27665;100027665;Active;3541;EGP AXA10;3541;75;2024-09-27
5103;27666;100027666;Secure;1292;Secure;1292;50;2025-04-17
5104;27674;100027674;Dollar Saver;2864;EGX30 ETF;2864;75;2025-01-11
5105;27717;100027717;USD AXA9;2721;Diversified;2721;75;2024-05-03
5106;27730;100027730;Money Market;1628;Growth;1628;100;2025-01-14
5107;27796;100027796;Dollar Saver;1380;Money Market;1380;75;2025-07-19
5108;27804;100027804;Sama;1232;Growth;1232;100;2024-02-06
5109;27818;100027818;Money Market;493;USD Growth Saver;493;100;2024-06-27
5110;27852;100027852;Conservative;1548;Gold;1548;25;2024-11-25
5111;27887;100027887;Conservative;1474;USD AXA9;1474;100;2025-01-18
5112;28006;100028006;Equities;333;Gold;333;75;2024-09-07
5113;28036;100028036;Conservative;356;EGX30 ETF;356;100;2024-05-19
5114;28037;100028037;Sama;2304;Gold;2304;50;2025-03-01
5115;28106;100028106;Diversified;2302;Money Market;2302;75;2025-10-15
5116;28109;100028109;Diversified;868;Dollar Saver;868;25;2024-07-20
5117;28247;100028247;Conservative;1409;Secure;1409;100;2024-05-25
5118;28262;100028262;Equities;1001;Active;1001;75;2024-10-26
5119;28269;100028269;USD AXA9;891;USD AXA9;891;25;2025-04-07
5120;28284;100028284;Gold;891;Sama;891;50;2025-10-10
5121;28339;100028339;EGP AXA10;4154;Equities;4154;50;2025-07-27
5122;28530;100028530;EGP AXA10;2648;USD Growth Saver;2648;100;2025-07-02
5123;28558;100028558;Growth;2432;Growth;2432;25;2025-07-21
5124;28572;100028572;Active;1931;Dollar Saver;1931;75;2025-04-12
5125;28615;100028615;Gold;193;Dollar Saver;193;25;2025-05-21
5126;28699;100028699;EGP AXA10;3264;Al Safwa;3264;100;2025-09-25
5127;28703;100028703;EGP AXA10;139;Sama;139;50;2024-02-17
5128;28720;100028720;Gold;2815;Active;2815;25;2025-10-23
5129;28837;100028837;Conservative;2983;USD Growth Saver;2983;25;2025-06-16
5130;28926;100028926;USD Growth Saver;438;Active;438;100;2025-11-14
5131;28934;100028934;Diversified;976;Money Market;976;50;2025-05-23
5132;28962;100028962;Growth;2645;Gold;2645;100;2025-03-12
5133;29012;100029012;USD AXA9;1440;Secure;1440;25;2024-03-22
5134;29027;100029027;EGP AXA10;3266;Diversified;3266;50;2025-10-25
5135;29031;100029031;Equities;269;Growth;269;25;2025-03-27
5136;29039;100029039;USD Growth Saver;2038;EGP AXA10;2038;100;2024-08-01
5137;29109;100029109;Money Market;1457;Al Safwa;1457;25;2025-05-30
5138;29124;100029124;Dollar Saver;5279;USD AXA9;5279;50;2025-08-26
5139;29126;100029126;Active;1187;Sama;1187;50;2024-06-18
5140;29127;100029127;Growth;5209;Diversified;5209;25;2024-06-22
5141;29136;100029136;Al Safwa;456;Active;456;100;2025-12-02
5142;29206;100029206;Money Market;638;USD AXA9;638;50;2024-12-06
5143;29207;100029207;Secure;5782;Active;5782;25;2024-06-27
5144;29215;100029215;Money Market;757;Money Market;757;75;2025-12-20
5145;29234;100029234;Secure;2350;EGP AXA10;2350;100;2024-09-07
5146;29254;100029254;EGX30 ETF;2713;Money Market;2713;50;2025-05-26
5147;29275;100029275;Secure;2944;Growth;2944;75;2024-04-17
5148;29283;100029283;Sama;1884;Equities;1884;50;2025-06-12
5149;29316;100029316;EGX30 ETF;878;EGP AXA10;878;25;2025-03-24
5150;29377;100029377;Dollar Saver;1629;USD Growth Saver;1629;75;2024-09-13
5151;29410;100029410;Money Market;2505;Growth;2505;50;2025-12-24
5152;29418;100029418;EGX30 ETF;1770;Sama;1770;100;2024-06-13
5153;29450;100029450;USD AXA9;2204;Active;2204;25;2025-01-11
5154;29482;100029482;Money Market;2730;Secure;2730;75;2024-12-01
5155;29521;100029521;Gold;4942;Dollar Saver;4942;100;2025-06-07
5156;29541;100029541;Equities;2031;Active;2031;75;2025-09-07
5157;29544;100029544;Equities;704;Active;704;50;2024-04-17
5158;29600;100029600;USD AXA9;490;Equities;490;50;2024-02-19
5159;29601;100029601;Dollar Saver;379;Growth;379;100;2024-12-22
5160;29604;100029604;Gold;1656;Sama;1656;100;2024-10-18
5161;29633;100029633;Sama;3499;Diversified;3499;50;2024-02-26
5162;29686;100029686;Dollar Saver;516;Equities;516;50;2024-04-23
5163;29689;100029689;Money Market;1804;Dollar Saver;1804;100;2024-11-09
5164;29711;100029711;Secure;2912;Gold;2912;25;2025-11-10
5165;29714;100029714;Dollar Saver;3353;EGP AXA10;3353;50;2024-08-31
5166;29736;100029736;Gold;2886;Money Market;2886;50;2024-04-25
5167;29741;100029741;Diversified;2039;Equities;2039;75;2025-04-03
5168;29783;100029783;Active;1774;Diversified;1774;50;2024-12-16
5169;29790;100029790;Sama;1074;EGP AXA10;1074;75;2025-09-25
5170;29797;100029797;USD AXA9;1468;USD AXA9;1468;25;2024-04-18
5171;29804;100029804;USD AXA9;2403;Equities;2403;100;2025-04-27
5172;29806;100029806;Equities;1312;Conservative;1312;100;2024-05-24
5173;29879;100029879;EGX30 ETF;5627;Conservative;5627;50;2024-05-27
5174;29884;100029884;Dollar Saver;1107;Equities;1107;75;2025-04-10
5175;29931;100029931;Secure;2006;USD AXA9;2006;25;2025-06-09
5176;29935;100029935;Sama;2202;Gold;2202;75;2025-04-21
5177;29937;100029937;Active;1918;USD AXA9;1918;100;2024-11-08
5178;29948;100029948;Gold;223;EGP AXA10;223;50;2025-10-26
5179;29961;100029961;Equities;1561;Al Safwa;1561;75;2024-02-21
5180;29976;100029976;Conservative;1432;Al Safwa;1432;50;2025-09-11
5181;29996;100029996;USD AXA9;1281;Gold;1281;25;2024-04-01
5182;30018;100030018;Growth;3427;Dollar Saver;3427;75;2024-05-10
5183;30028;100030028;USD Growth Saver;556;Dollar Saver;556;75;2024-12-30
5184;30034;100030034;Diversified;2301;Diversified;2301;25;2025-01-14
5185;30038;100030038;Money Market;1942;USD Growth Saver;1942;25;2024-04-26
5186;30048;100030048;USD Growth Saver;569;EGX30 ETF;569;50;2024-07-02
5187;30073;100030073;Gold;3014;USD AXA9;3014;50;2025-05-22
5188;30089;100030089;Conservative;1448;EGP AXA10;1448;25;2024-05-17
5189;30113;100030113;Sama;971;Secure;971;75;2025-10-06
5190;30117;100030117;Conservative;635;Active;635;25;2024-07-05
5191;30125;100030125;Secure;3196;Gold;3196;75;2024-04-20
5192;30175;100030175;Diversified;542;Active;542;75;2024-04-10
5193;30195;100030195;Money Market;1613;Dollar Saver;1613;50;2024-08-04
5194;30212;100030212;Conservative;806;USD Growth Saver;806;25;2025-07-22
5195;30246;100030246;Money Market;486;Dollar Saver;486;50;2024-11-20
5196;30323;100030323;Sama;1623;Secure;1623;50;2025-03-02
5197;30331;100030331;Active;214;Gold;214;25;2025-08-03
5198;30363;100030363;EGP AXA10;2332;EGX30 ETF;2332;50;2025-03-26
5199;30371;100030371;Equities;3456;Growth;3456;100;2024-10-12
5200;30387;100030387;EGX30 ETF;366;Al Safwa;366;25;2024-04-22
5201;30433;100030433;USD AXA9;1082;Al Safwa;1082;25;2025-07-06
5202;30484;100030484;EGX30 ETF;465;Sama;465;25;2025-01-29
5203;30619;100030619;Equities;1284;Gold;1284;75;2025-03-10
5204;30636;100030636;Equities;5602;Sama;5602;50;2025-03-20
5205;30656;100030656;Gold;5184;Growth;5184;25;2024-06-09
5206;30678;100030678;Gold;1569;Dollar Saver;1569;50;2024-02-14
5207;30760;100030760;USD AXA9;3038;Dollar Saver;3038;75;2025-06-13
5208;30777;100030777;Equities;2225;USD AXA9;2225;50;2024-08-20
5209;30783;100030783;Growth;6794;Growth;6794;75;2024-12-04
5210;30807;100030807;Growth;3626;Diversified;3626;50;2024-12-11
5211;30812;100030812;EGP AXA10;2878;Diversified;2878;75;2024-10-15
5212;30865;100030865;Al Safwa;2316;Sama;2316;25;2024-12-07
5213;30910;100030910;USD Growth Saver;936;Dollar Saver;936;75;2025-03-22
5214;30920;100030920;Al Safwa;2854;Growth;2854;75;2025-04-06
5215;30925;100030925;Gold;3440;Active;3440;50;2025-08-15
5216;30928;100030928;Gold;1787;Active;1787;50;2024-09-29
5217;30943;100030943;Secure;2148;Equities;2148;100;2024-09-09
5218;30957;100030957;Active;1274;Conservative;1274;100;2024-09-09
5219;30991;100030991;Money Market;1402;Secure;1402;100;2024-07-01
5220;31068;100031068;EGX30 ETF;3070;Al Safwa;3070;25;2024-09-23
5221;31090;100031090;Secure;4042;USD Growth Saver;4042;100;2024-03-10
5222;31108;100031108;Dollar Saver;3946;Sama;3946;75;2024-03-18
5223;31119;100031119;Equities;1201;USD Growth Saver;1201;75;2025-12-30
5224;31144;100031144;Dollar Saver;1530;Growth;1530;100;2025-04-17
5225;31171;100031171;Active;5420;Money Market;5420;100;2024-12-07
5226;31174;100031174;Money Market;1991;Conservative;1991;75;2024-02-09
5227;31204;100031204;Secure;386;Money Market;386;50;2025-02-07
5228;31208;100031208;Conservative;577;Gold;577;25;2025-07-24
5229;31244;100031244;Equities;2266;Conservative;2266;25;2024-03-25
5230;31254;100031254;Dollar Saver;974;USD Growth Saver;974;75;2024-11-02
5231;31257;100031257;USD Growth Saver;1607;Diversified;1607;75;2025-07-01
5232;31272;100031272;USD Growth Saver;623;EGP AXA10;623;25;2024-09-16
5233;31306;100031306;Sama;2742;Sama;2742;75;2025-04-02
5234;31328;100031328;Diversified;1719;Equities;1719;75;2025-07-28
5235;31344;100031344;Active;4874;USD Growth Saver;4874;50;2025-08-17
5236;31407;100031407;Diversified;360;Sama;360;25;2024-11-13
5237;31408;100031408;Al Safwa;2167;Gold;2167;100;2024-08-18
5238;31419;100031419;EGX30 ETF;1374;Dollar Saver;1374;25;2024-07-20
5239;31498;100031498;Conservative;3671;Diversified;3671;100;2025-03-11
5240;31534;100031534;Equities;3168;Growth;3168;25;2024-08-07
5241;31544;100031544;Equities;134;EGP AXA10;134;25;2025-05-19
5242;31568;100031568;Diversified;1080;USD Growth Saver;1080;25;2024-07-16
5243;31576;100031576;Equities;2710;Money Market;2710;75;2024-04-26
5244;31605;100031605;Sama;650;Secure;650;25;2025-07-15
5245;31619;100031619;Gold;1307;Sama;1307;100;2024-12-30
5246;31634;100031634;Gold;3887;USD Growth Saver;3887;25;2025-04-22
5247;31637;100031637;Secure;2640;Secure;2640;75;2024-10-29
5248;31654;100031654;Money Market;1531;Dollar Saver;1531;75;2024-09-29
5249;31711;100031711;Al Safwa;716;Gold;716;50;2024-08-23
5250;31723;100031723;Active;1525;USD AXA9;1525;100;2024-05-21
5251;31774;100031774;USD AXA9;1479;EGP AXA10;1479;75;2024-09-24
5252;31783;100031783;Active;2367;EGP AXA10;2367;50;2025-02-26
5253;31802;100031802;Al Safwa;1424;Dollar Saver;1424;100;2025-02-06
5254;31814;100031814;Money Market;3108;Active;3108;75;2024-11-24
5255;31816;100031816;USD AXA9;3161;EGX30 ETF;3161;100;2024-08-17
5256;31831;100031831;EGX30 ETF;591;Growth;591;75;2025-08-29
5257;31837;100031837;Active;2062;Dollar Saver;2062;100;2024-05-09
5258;31840;100031840;USD AXA9;2880;Gold;2880;75;2024-07-26
5259;31871;100031871;Al Safwa;564;Diversified;564;75;2024-04-25
5260;31895;100031895;Equities;4127;Sama;4127;75;2025-03-19
5261;31899;100031899;Al Safwa;5294;Growth;5294;50;2024-04-25
5262;31931;100031931;Dollar Saver;2557;Diversified;2557;75;2024-08-24
5263;31938;100031938;Conservative;2864;EGP AXA10;2864;100;2024-04-26
5264;31948;100031948;Sama;2494;USD AXA9;2494;75;2024-09-26
5265;31981;100031981;Secure;1821;Active;1821;75;2024-12-22
5266;31983;100031983;Dollar Saver;1701;Sama;1701;100;2025-01-23
5267;32047;100032047;Dollar Saver;3512;EGX30 ETF;3512;25;2025-02-11
5268;32088;100032088;Diversified;3087;USD Growth Saver;3087;25;2025-12-09
5269;33093;100033093;Al Safwa;2998;USD AXA9;2998;75;2025-07-10
5270;32118;100032118;USD Growth Saver;1274;Growth;1274;75;2025-12-07
5271;32127;100032127;Active;4223;Active;4223;100;2025-04-05
5272;32148;100032148;Sama;2569;USD AXA9;2569;50;2025-10-09
5273;32190;100032190;Conservative;797;Active;797;100;2024-05-07
5274;32232;100032232;USD AXA9;2553;Gold;2553;100;2025-08-01
5275;32246;100032246;Dollar Saver;817;Diversified;817;25;2025-02-02
5276;32274;100032274;Secure;1411;Money Market;1411;75;2025-09-24
5277;32337;100032337;USD AXA9;3472;Diversified;3472;75;2025-03-23
5278;32367;100032367;Conservative;1654;Gold;1654;50;2025-05-26
5279;32375;100032375;Money Market;4535;EGP AXA10;4535;100;2025-08-02
5280;32378;100032378;Growth;776;Secure;776;25;2024-05-21
5281;32404;100032404;Money Market;2385;Secure;2385;25;2025-07-03
5282;32412;100032412;Al Safwa;1382;Conservative;1382;50;2024-10-29
5283;32431;100032431;Dollar Saver;3501;Al Safwa;3501;75;2025-06-11
5284;32444;100032444;EGX30 ETF;3887;USD AXA9;3887;50;2024-08-05
5285;32458;100032458;USD Growth Saver;2265;EGX30 ETF;2265;75;2025-08-09
5286;32476;100032476;Active;1000;Growth;1000;50;2024-06-07
5287;32506;100032506;Conservative;888;EGX30 ETF;888;100;2025-02-27
5288;32511;100032511;Diversified;3838;Sama;3838;100;2024-10-03
5289;32547;100032547;Secure;664;USD Growth Saver;664;25;2024-12-26
5290;32560;100032560;Active;2428;USD AXA9;2428;50;2024-07-13
5291;32622;100032622;USD AXA9;2507;Dollar Saver;2507;75;2024-09-06
5292;32626;100032626;EGP AXA10;1221;Growth;1221;25;2025-05-27
5293;32643;100032643;Conservative;715;Gold;715;75;2025-04-23
5294;32669;100032669;Gold;3036;Conservative;3036;75;2025-04-25
5295;32679;100032679;EGX30 ETF;645;Dollar Saver;645;75;2025-07-06
5296;32715;100032715;EGP AXA10;1934;Equities;1934;50;2025-12-24
5297;32729;100032729;Conservative;1891;EGX30 ETF;1891;50;2024-02-03
5298;32731;100032731;Conservative;4140;Sama;4140;50;2025-09-01
5299;32764;100032764;Al Safwa;2924;USD Growth Saver;2924;25;2024-03-16
5300;32782;100032782;Conservative;3111;Secure;3111;50;2024-06-25
5301;32796;100032796;Gold;1958;EGP AXA10;1958;50;2024-07-16
5302;32802;100032802;EGP AXA10;1846;USD AXA9;1846;100;2024-08-04
5303;32814;100032814;EGX30 ETF;1073;Active;1073;75;2025-02-05
5304;32816;100032816;EGP AXA10;2984;Dollar Saver;2984;50;2024-08-28
5305;32819;100032819;EGX30 ETF;1377;Secure;1377;25;2025-07-02
5306;32835;100032835;Diversified;2107;Conservative;2107;50;2024-07-27
5307;32839;100032839;Conservative;1222;Equities;1222;75;2024-11-01
5308;32863;100032863;Money Market;2611;Dollar Saver;2611;25;2025-10-31
5309;32866;100032866;Sama;3295;Secure;3295;50;2025-07-15
5310;32898;100032898;Conservative;1445;EGX30 ETF;1445;100;2024-09-01
5311;32946;100032946;Growth;436;Dollar Saver;436;25;2024-04-17
5312;32950;100032950;Gold;405;EGX30 ETF;405;25;2025-05-25
5313;32971;100032971;Sama;2096;Conservative;2096;25;2025-10-22
5314;32996;100032996;Al Safwa;2101;Al Safwa;2101;25;2025-10-04
5315;33003;100033003;Growth;727;Growth;727;100;2025-06-12
5316;33014;100033014;Diversified;1125;Dollar Saver;1125;50;2024-03-04
5317;33030;100033030;Sama;731;Dollar Saver;731;25;2024-12-18
5318;33040;100033040;Active;2571;Diversified;2571;50;2024-12-05
5319;33113;100033113;Active;701;Secure;701;100;2024-05-23
5320;33181;100033181;USD AXA9;798;Secure;798;75;2025-05-17
5321;33204;100033204;Dollar Saver;676;EGX30 ETF;676;100;2024-08-26
5322;33265;100033265;Gold;2905;Growth;2905;25;2025-01-11
5323;33282;100033282;USD AXA9;1664;Money Market;1664;75;2025-05-08
5324;33331;100033331;Al Safwa;2163;Conservative;2163;50;2025-04-24
5325;33363;100033363;Dollar Saver;633;Sama;633;25;2025-12-03
5326;33429;100033429;Sama;4028;USD Growth Saver;4028;75;2024-09-19
5327;33435;100033435;Money Market;603;Money Market;603;50;2024-12-27
5328;33468;100033468;EGP AXA10;1724;Conservative;1724;25;2025-08-13
5329;33528;100033528;Dollar Saver;3498;EGP AXA10;3498;25;2025-07-01
5330;33547;100033547;Money Market;3990;Diversified;3990;100;2025-07-24
5331;33557;100033557;Conservative;1257;Al Safwa;1257;100;2025-09-25
5332;34655;100034655;USD AXA9;2077;Dollar Saver;2077;25;2024-11-24
5333;33571;100033571;USD AXA9;1096;Sama;1096;50;2024-10-31
5420;36086;100036086;USD AXA9;1425;Growth;1425;25;2025-08-04
5334;33573;100033573;USD Growth Saver;2292;Conservative;2292;75;2024-07-13
5335;33593;100033593;Diversified;4561;Secure;4561;75;2024-05-05
5336;33601;100033601;Equities;2810;Gold;2810;75;2024-04-28
5337;33686;100033686;EGX30 ETF;901;Al Safwa;901;75;2024-06-12
5338;33715;100033715;USD AXA9;3126;Money Market;3126;25;2024-06-18
5339;33724;100033724;Gold;1811;Sama;1811;100;2025-12-15
5340;33796;100033796;Active;787;Equities;787;25;2025-05-23
5341;33835;100033835;EGP AXA10;2587;Diversified;2587;25;2024-03-24
5342;33883;100033883;USD AXA9;2898;USD Growth Saver;2898;50;2024-12-22
5343;33899;100033899;Dollar Saver;5382;Growth;5382;100;2025-03-02
5344;33919;100033919;Money Market;2296;EGX30 ETF;2296;75;2025-11-25
5345;33921;100033921;Active;2868;Growth;2868;100;2024-09-09
5346;33923;100033923;USD AXA9;1301;USD Growth Saver;1301;100;2025-05-19
5347;33947;100033947;Active;711;EGP AXA10;711;50;2025-02-09
5348;34004;100034004;Equities;2982;Dollar Saver;2982;100;2025-05-11
5349;34006;100034006;USD AXA9;449;EGP AXA10;449;75;2025-06-02
5350;34019;100034019;Al Safwa;1732;Secure;1732;100;2024-12-05
5351;34078;100034078;EGX30 ETF;985;Equities;985;100;2024-07-06
5352;34085;100034085;EGP AXA10;2188;USD AXA9;2188;25;2024-02-15
5353;34094;100034094;Diversified;1326;Sama;1326;100;2025-04-24
5354;34127;100034127;EGP AXA10;2754;Dollar Saver;2754;50;2025-07-06
5355;34136;100034136;USD AXA9;4647;EGX30 ETF;4647;100;2024-09-16
5356;34161;100034161;EGX30 ETF;1441;Money Market;1441;100;2024-11-09
5357;34212;100034212;USD Growth Saver;2727;Gold;2727;25;2024-12-19
5358;34236;100034236;Diversified;1136;Diversified;1136;50;2025-10-29
5359;34246;100034246;Al Safwa;1344;USD AXA9;1344;100;2024-03-12
5360;34262;100034262;Diversified;2576;USD AXA9;2576;25;2024-09-04
5361;34272;100034272;Active;3378;Dollar Saver;3378;100;2025-08-02
5362;34323;100034323;Secure;554;USD AXA9;554;50;2024-04-26
5363;34349;100034349;Active;761;Growth;761;75;2024-07-28
5364;34359;100034359;Money Market;2115;Active;2115;50;2024-10-16
5365;34370;100034370;Sama;4321;USD AXA9;4321;25;2024-11-27
5366;34391;100034391;Conservative;1601;EGP AXA10;1601;25;2024-05-22
5367;34402;100034402;Dollar Saver;939;Money Market;939;100;2025-10-02
5368;34488;100034488;Secure;2473;Conservative;2473;75;2025-03-01
5369;34492;100034492;EGX30 ETF;2511;Conservative;2511;25;2024-04-09
5370;34497;100034497;EGP AXA10;2950;Equities;2950;25;2025-03-25
5371;34563;100034563;Money Market;2555;Dollar Saver;2555;100;2025-11-21
5372;34580;100034580;Secure;589;USD AXA9;589;50;2025-01-15
5373;34682;100034682;Secure;394;USD AXA9;394;50;2024-11-20
5374;34684;100034684;Secure;2462;Sama;2462;100;2024-08-28
5375;34708;100034708;USD Growth Saver;1324;Diversified;1324;75;2025-03-03
5376;34735;100034735;Conservative;2189;Conservative;2189;75;2025-03-05
5377;34771;100034771;Conservative;406;Diversified;406;75;2025-04-18
5378;34785;100034785;Equities;3962;Equities;3962;75;2025-01-10
5379;34798;100034798;Al Safwa;1723;Money Market;1723;25;2024-02-03
5380;34816;100034816;Diversified;491;EGX30 ETF;491;25;2024-04-10
5381;34843;100034843;Diversified;1506;Growth;1506;25;2025-02-23
5382;34844;100034844;Money Market;4426;Conservative;4426;50;2025-10-09
5383;34874;100034874;Al Safwa;1523;Equities;1523;100;2024-02-22
5384;34893;100034893;Secure;980;EGX30 ETF;980;75;2024-11-22
5385;34942;100034942;Conservative;920;EGP AXA10;920;25;2025-08-27
5386;34988;100034988;Sama;701;Gold;701;75;2024-08-25
5387;35074;100035074;USD Growth Saver;1379;Secure;1379;50;2024-11-25
5388;35124;100035124;Active;4429;Gold;4429;100;2025-02-15
5389;35192;100035192;Al Safwa;985;Growth;985;75;2025-06-15
5390;35213;100035213;Al Safwa;461;EGP AXA10;461;25;2024-12-26
5391;35219;100035219;EGX30 ETF;464;USD AXA9;464;25;2025-09-09
5392;35231;100035231;Conservative;4387;Al Safwa;4387;75;2025-03-24
5393;35268;100035268;Conservative;564;Growth;564;25;2025-08-13
5394;35308;100035308;Sama;3009;Dollar Saver;3009;25;2024-12-26
5395;35377;100035377;Sama;589;Dollar Saver;589;100;2024-10-17
5396;35465;100035465;USD AXA9;608;Conservative;608;100;2025-08-25
5397;35488;100035488;Al Safwa;4586;Sama;4586;100;2025-03-21
5398;35549;100035549;Al Safwa;1997;Gold;1997;100;2024-10-11
5399;35612;100035612;Equities;789;Dollar Saver;789;50;2024-07-09
5400;35626;100035626;USD AXA9;594;USD Growth Saver;594;50;2025-07-21
5401;35659;100035659;Active;5311;Diversified;5311;50;2025-10-08
5402;35676;100035676;Al Safwa;2186;EGP AXA10;2186;75;2024-04-27
5403;35679;100035679;Sama;3459;Money Market;3459;25;2024-02-07
5404;35683;100035683;Diversified;2871;Conservative;2871;100;2025-09-28
5405;35701;100035701;Gold;888;USD Growth Saver;888;50;2025-03-10
5406;35707;100035707;Conservative;579;Conservative;579;25;2025-04-21
5407;35716;100035716;Dollar Saver;2157;Equities;2157;100;2025-03-24
5408;35723;100035723;Active;263;Growth;263;50;2024-04-01
5409;35744;100035744;USD AXA9;928;Growth;928;75;2024-07-21
5410;35760;100035760;EGP AXA10;1865;Conservative;1865;100;2024-11-26
5411;35761;100035761;Gold;748;Sama;748;25;2025-09-12
5412;35822;100035822;Secure;3031;EGP AXA10;3031;25;2024-08-11
5413;35953;100035953;USD Growth Saver;2596;Sama;2596;100;2024-10-19
5414;35958;100035958;Gold;6890;EGP AXA10;6890;50;2024-08-30
5415;35979;100035979;Sama;3090;Money Market;3090;100;2025-03-09
5416;36023;100036023;Gold;899;USD AXA9;899;50;2025-08-06
5417;36029;100036029;Growth;3547;EGP AXA10;3547;50;2025-02-14
5418;36058;100036058;USD AXA9;1201;Growth;1201;50;2025-11-18
5419;36078;100036078;Conservative;2479;Dollar Saver;2479;100;2024-09-18
5421;36087;100036087;Sama;1999;USD Growth Saver;1999;75;2024-07-31
5422;36091;100036091;Secure;2774;EGP AXA10;2774;100;2025-06-16
5423;36126;100036126;Growth;1201;Sama;1201;100;2025-05-26
5424;36146;100036146;EGX30 ETF;2239;Money Market;2239;75;2024-05-10
5425;36149;100036149;Equities;2907;Growth;2907;75;2025-05-08
5426;36166;100036166;Conservative;1268;Gold;1268;50;2025-11-23
5427;36188;100036188;Diversified;3341;Secure;3341;100;2024-07-12
5428;36208;100036208;Secure;832;Dollar Saver;832;50;2024-08-25
5429;36375;100036375;Dollar Saver;491;Dollar Saver;491;100;2025-04-29
5430;36236;100036236;Growth;3697;Growth;3697;25;2025-03-14
5431;36253;100036253;EGP AXA10;3899;USD AXA9;3899;50;2025-03-18
5432;36259;100036259;Conservative;1698;Dollar Saver;1698;25;2024-05-31
5433;36280;100036280;USD Growth Saver;1087;USD AXA9;1087;50;2025-07-28
5434;36286;100036286;Sama;369;EGX30 ETF;369;100;2024-03-17
5435;36307;100036307;EGX30 ETF;1029;USD Growth Saver;1029;25;2025-09-05
5436;36310;100036310;Conservative;620;EGP AXA10;620;25;2025-06-01
5437;36368;100036368;Al Safwa;1427;Active;1427;50;2025-07-02
5438;36378;100036378;Active;297;Conservative;297;25;2025-02-02
5439;36400;100036400;Dollar Saver;1778;Diversified;1778;50;2025-12-12
5440;36423;100036423;USD Growth Saver;4945;Sama;4945;75;2025-06-04
5441;36427;100036427;USD AXA9;1571;Growth;1571;25;2025-02-27
5442;36438;100036438;Active;1922;Al Safwa;1922;100;2025-02-18
5443;36518;100036518;Active;3246;Active;3246;25;2024-10-07
5444;36533;100036533;EGX30 ETF;3735;EGX30 ETF;3735;50;2025-01-11
5445;36540;100036540;Dollar Saver;2357;Equities;2357;25;2025-04-14
5446;36542;100036542;USD AXA9;1029;Diversified;1029;100;2024-08-22
5447;36547;100036547;Gold;4760;Money Market;4760;50;2025-05-29
5448;36553;100036553;Secure;4390;Diversified;4390;100;2024-02-04
5449;36556;100036556;Al Safwa;3385;Diversified;3385;100;2024-08-17
5450;36559;100036559;USD AXA9;2379;EGX30 ETF;2379;100;2025-12-26
5451;36600;100036600;Dollar Saver;1808;Sama;1808;75;2025-09-09
5452;36620;100036620;Dollar Saver;3521;Al Safwa;3521;25;2024-06-01
5453;36649;100036649;USD Growth Saver;1124;USD AXA9;1124;75;2025-08-28
5454;36716;100036716;Growth;3498;Gold;3498;25;2024-03-08
5455;36726;100036726;Active;2870;USD Growth Saver;2870;50;2024-12-11
5456;36774;100036774;Al Safwa;3597;Gold;3597;75;2024-05-11
5457;36794;100036794;Diversified;1772;Secure;1772;50;2025-01-31
5458;36809;100036809;Growth;1832;Sama;1832;50;2024-03-02
5459;36835;100036835;Active;2219;Dollar Saver;2219;50;2025-05-14
5460;36841;100036841;Conservative;3312;Money Market;3312;75;2025-06-27
5461;36856;100036856;Money Market;1621;Equities;1621;25;2025-04-11
5462;36861;100036861;Growth;713;USD AXA9;713;100;2025-06-05
5463;36893;100036893;Conservative;1361;USD Growth Saver;1361;75;2025-03-29
5464;36913;100036913;Sama;3062;Growth;3062;100;2025-10-02
5465;36941;100036941;USD Growth Saver;1624;Equities;1624;25;2024-04-03
5466;36944;100036944;Al Safwa;2938;Active;2938;25;2024-12-16
5467;36960;100036960;Dollar Saver;1927;EGX30 ETF;1927;25;2024-05-19
5468;36993;100036993;EGP AXA10;1599;Dollar Saver;1599;75;2025-02-15
5469;37066;100037066;USD Growth Saver;2745;Secure;2745;50;2025-07-13
5470;37087;100037087;Active;464;Sama;464;50;2024-09-20
5471;37101;100037101;EGX30 ETF;1656;Conservative;1656;50;2025-03-13
5472;37103;100037103;Al Safwa;4811;USD AXA9;4811;100;2025-06-04
5473;37132;100037132;Secure;1552;Gold;1552;50;2024-02-20
5474;37161;100037161;Sama;854;Secure;854;75;2024-05-26
5475;37171;100037171;Diversified;2723;Growth;2723;75;2025-07-01
5476;37219;100037219;USD Growth Saver;5419;EGX30 ETF;5419;25;2024-09-11
5477;37238;100037238;EGP AXA10;5175;Money Market;5175;100;2024-09-20
5478;37274;100037274;Equities;1078;Secure;1078;50;2025-06-22
5479;37282;100037282;USD AXA9;2186;Money Market;2186;50;2024-07-27
5480;37288;100037288;USD Growth Saver;1686;Secure;1686;25;2024-02-19
5481;37296;100037296;Secure;936;Money Market;936;100;2025-06-19
5482;37323;100037323;Money Market;596;Diversified;596;75;2025-09-18
5483;37330;100037330;Sama;1925;EGX30 ETF;1925;75;2025-05-29
5484;37339;100037339;Conservative;3813;Al Safwa;3813;25;2024-11-16
5485;37364;100037364;USD Growth Saver;2215;USD AXA9;2215;75;2024-05-27
5486;37374;100037374;EGP AXA10;3091;EGP AXA10;3091;75;2024-09-20
5487;37380;100037380;EGX30 ETF;4375;Equities;4375;50;2025-02-11
5488;37398;100037398;EGX30 ETF;683;Equities;683;25;2024-09-13
5489;37408;100037408;Secure;3092;EGP AXA10;3092;50;2024-09-03
5490;37410;100037410;Conservative;1010;USD AXA9;1010;75;2024-03-14
5491;37451;100037451;Diversified;2900;Active;2900;100;2024-04-13
5492;37472;100037472;EGP AXA10;1688;Al Safwa;1688;75;2024-11-25
5493;37477;100037477;EGP AXA10;2383;Equities;2383;25;2024-02-16
5494;37517;100037517;Al Safwa;3449;Gold;3449;50;2024-11-29
5495;37542;100037542;Growth;1063;USD AXA9;1063;25;2024-07-24
5496;37574;100037574;Gold;3927;Diversified;3927;25;2025-12-24
5497;37630;100037630;Sama;1693;Diversified;1693;100;2024-03-26
5498;37642;100037642;Dollar Saver;1492;Growth;1492;25;2025-04-04
5499;37665;100037665;Active;2193;Al Safwa;2193;25;2025-11-02
5500;37690;100037690;Equities;1206;Equities;1206;75;2025-01-27
5501;37740;100037740;Al Safwa;1350;EGX30 ETF;1350;75;2024-12-16
5502;37758;100037758;Gold;1202;Sama;1202;75;2025-08-06
5503;37760;100037760;Gold;3308;Gold;3308;25;2024-06-22
5504;37775;100037775;EGP AXA10;1002;EGP AXA10;1002;25;2024-09-20
5505;37791;100037791;Dollar Saver;1771;Money Market;1771;50;2025-09-08
5506;37792;100037792;Secure;4994;Gold;4994;25;2024-04-24
5507;37811;100037811;USD Growth Saver;1703;Dollar Saver;1703;25;2025-05-03
5508;37864;100037864;Conservative;3140;USD Growth Saver;3140;75;2025-09-06
5509;37879;100037879;Gold;1755;Diversified;1755;25;2024-12-16
5510;37962;100037962;Diversified;831;USD AXA9;831;50;2024-03-11
5511;37970;100037970;Gold;1625;Dollar Saver;1625;75;2025-02-26
5512;38058;100038058;Money Market;1528;Conservative;1528;75;2024-09-27
5513;38068;100038068;Secure;574;Secure;574;50;2024-08-26
5514;38070;100038070;Conservative;1032;Diversified;1032;25;2024-09-07
5515;38109;100038109;Conservative;95;Active;95;50;2024-03-07
5516;38117;100038117;USD AXA9;3130;Al Safwa;3130;50;2024-06-28
5517;38148;100038148;Active;2303;USD AXA9;2303;100;2024-06-23
5518;38165;100038165;Dollar Saver;2163;Diversified;2163;25;2025-11-05
5519;38206;100038206;Money Market;1060;Secure;1060;100;2024-03-22
5520;38215;100038215;Gold;1974;Gold;1974;75;2025-12-24
5521;38216;100038216;USD AXA9;2502;Equities;2502;75;2024-04-17
5522;38267;100038267;Active;1417;USD Growth Saver;1417;75;2025-03-16
5523;38287;100038287;EGX30 ETF;3990;Sama;3990;25;2025-02-05
5524;38314;100038314;Active;1849;Secure;1849;25;2025-06-27
5525;38345;100038345;USD AXA9;1751;USD AXA9;1751;100;2025-02-12
5526;38352;100038352;Gold;3532;Active;3532;50;2025-07-22
5527;38369;100038369;Growth;2073;Conservative;2073;50;2024-03-29
5528;38385;100038385;Equities;2376;USD AXA9;2376;100;2024-03-08
5529;38391;100038391;USD Growth Saver;1960;Sama;1960;100;2024-04-01
5530;38399;100038399;Conservative;781;Secure;781;100;2024-11-21
5531;38431;100038431;USD Growth Saver;1875;Equities;1875;100;2025-06-09
5532;38462;100038462;Active;898;Sama;898;50;2025-06-30
5533;38495;100038495;Sama;1872;Equities;1872;50;2025-10-25
5534;38608;100038608;Al Safwa;1422;USD Growth Saver;1422;25;2024-04-21
5535;38656;100038656;Equities;1190;EGX30 ETF;1190;100;2025-07-18
5536;38729;100038729;Active;387;USD AXA9;387;50;2024-12-12
5537;38758;100038758;Secure;119;Growth;119;100;2025-09-12
5538;38762;100038762;Dollar Saver;899;EGP AXA10;899;100;2025-04-02
5539;38795;100038795;Money Market;564;USD Growth Saver;564;75;2025-05-04
5540;38797;100038797;Equities;1525;Active;1525;75;2025-02-08
5541;38818;100038818;EGX30 ETF;883;Money Market;883;25;2025-07-18
5542;38828;100038828;Secure;2201;Gold;2201;100;2024-05-26
5543;38867;100038867;Dollar Saver;1279;USD AXA9;1279;25;2025-12-15
5544;38922;100038922;Gold;592;Growth;592;25;2024-05-08
5545;38947;100038947;Active;5828;Growth;5828;25;2025-07-24
5546;38997;100038997;Conservative;2284;Secure;2284;75;2025-12-15
5547;39014;100039014;Gold;1420;Dollar Saver;1420;50;2025-04-08
5548;39015;100039015;Equities;1013;Al Safwa;1013;50;2024-08-17
5549;39043;100039043;Conservative;1639;Conservative;1639;75;2024-12-23
5550;39049;100039049;Conservative;3115;Gold;3115;75;2025-03-29
5551;39072;100039072;Active;2209;Dollar Saver;2209;100;2025-11-23
5552;39078;100039078;USD AXA9;1794;Conservative;1794;75;2025-06-22
5553;39080;100039080;Secure;848;USD AXA9;848;100;2025-01-05
5554;39139;100039139;Diversified;3962;Gold;3962;100;2024-04-09
5555;39141;100039141;Dollar Saver;2690;Gold;2690;50;2024-06-02
5556;39168;100039168;Money Market;2134;USD AXA9;2134;25;2024-04-22
5557;39187;100039187;Equities;1196;Sama;1196;50;2024-11-09
5558;39206;100039206;Diversified;1135;Sama;1135;25;2024-06-29
5559;39234;100039234;Growth;2056;Conservative;2056;100;2025-04-20
5560;39256;100039256;EGP AXA10;2789;Secure;2789;25;2024-09-09
5561;39273;100039273;EGX30 ETF;6363;Active;6363;100;2024-09-08
5562;39403;100039403;Al Safwa;3452;Sama;3452;25;2025-04-11
5563;39435;100039435;Dollar Saver;834;Growth;834;100;2024-06-28
5564;39436;100039436;Gold;1122;USD AXA9;1122;100;2025-07-09
5565;39468;100039468;EGX30 ETF;6147;Conservative;6147;75;2024-09-21
5566;39509;100039509;EGX30 ETF;5138;USD Growth Saver;5138;100;2025-06-19
5567;39516;100039516;Al Safwa;3483;Conservative;3483;100;2024-10-07
5568;39519;100039519;Money Market;89;Dollar Saver;89;100;2025-12-18
5569;39520;100039520;Diversified;146;Conservative;146;100;2025-03-22
5570;39534;100039534;EGX30 ETF;1968;Money Market;1968;25;2025-10-06
5571;39560;100039560;Al Safwa;4950;USD Growth Saver;4950;50;2025-07-25
5572;39585;100039585;Money Market;3281;USD Growth Saver;3281;100;2024-03-05
5573;39588;100039588;Active;1138;Conservative;1138;75;2025-03-01
5574;39612;100039612;Diversified;3225;Gold;3225;100;2025-01-01
5575;39660;100039660;Active;542;Al Safwa;542;100;2025-03-03
5576;39662;100039662;Al Safwa;1518;Diversified;1518;50;2024-03-31
5577;39716;100039716;USD Growth Saver;2742;Secure;2742;25;2025-06-21
5578;39799;100039799;Gold;2236;Conservative;2236;25;2025-01-21
5579;39819;100039819;Growth;5047;USD AXA9;5047;100;2024-04-18
5580;39853;100039853;USD Growth Saver;1167;Active;1167;100;2024-07-11
5581;39873;100039873;Equities;1683;EGX30 ETF;1683;100;2025-08-28
5582;39938;100039938;Equities;1832;USD AXA9;1832;75;2025-04-03
5583;40030;100040030;EGP AXA10;401;Money Market;401;75;2025-03-25
5584;40034;100040034;Sama;1144;Secure;1144;50;2024-02-12
5585;40035;100040035;Active;297;Al Safwa;297;50;2025-12-09
5586;40095;100040095;USD AXA9;1735;Active;1735;50;2024-02-11
5587;40117;100040117;Al Safwa;2632;Conservative;2632;25;2025-06-15
5588;40157;100040157;Growth;1912;Sama;1912;25;2025-07-15
5589;40220;100040220;Conservative;1942;Money Market;1942;50;2025-06-25
5590;40234;100040234;Secure;2563;EGX30 ETF;2563;75;2024-07-08
5591;40273;100040273;Sama;1156;Dollar Saver;1156;100;2024-05-24
5592;40277;100040277;Active;731;Diversified;731;25;2025-02-19
5593;40279;100040279;Sama;476;Money Market;476;25;2025-02-25
5594;40280;100040280;EGP AXA10;1020;Equities;1020;25;2024-07-19
5595;40284;100040284;USD AXA9;3228;Al Safwa;3228;25;2025-08-16
5596;40292;100040292;Al Safwa;4195;Secure;4195;25;2025-05-17
5597;40301;100040301;Sama;1013;USD Growth Saver;1013;50;2025-10-10
5598;40331;100040331;Dollar Saver;2799;Al Safwa;2799;100;2025-03-20
5599;40338;100040338;EGP AXA10;758;EGX30 ETF;758;25;2024-02-05
5600;40342;100040342;Conservative;3066;USD Growth Saver;3066;25;2024-09-21
5601;40343;100040343;USD Growth Saver;901;USD AXA9;901;75;2024-08-05
5602;40355;100040355;Gold;1795;USD AXA9;1795;50;2024-04-28
5603;40372;100040372;Sama;517;EGX30 ETF;517;25;2024-09-03
5604;40398;100040398;Dollar Saver;1410;EGP AXA10;1410;100;2024-12-04
5605;40408;100040408;Secure;2284;EGP AXA10;2284;100;2024-10-29
5606;40419;100040419;Money Market;3353;EGX30 ETF;3353;50;2025-11-19
5607;40436;100040436;EGP AXA10;899;USD Growth Saver;899;50;2025-01-17
5608;40437;100040437;Active;4908;USD Growth Saver;4908;25;2024-07-09
5609;40441;100040441;Active;1106;Diversified;1106;25;2024-07-13
5610;40478;100040478;Conservative;719;USD Growth Saver;719;75;2025-04-29
5611;40486;100040486;Dollar Saver;1868;Al Safwa;1868;50;2024-03-16
5612;40503;100040503;Sama;3804;EGP AXA10;3804;25;2025-03-06
5613;40517;100040517;Equities;1513;Al Safwa;1513;75;2024-06-14
5614;40519;100040519;Conservative;958;USD AXA9;958;50;2025-11-04
5615;40582;100040582;Al Safwa;3832;Secure;3832;25;2025-03-18
5616;40630;100040630;Money Market;5529;Sama;5529;50;2025-12-09
5617;40636;100040636;Growth;4179;Al Safwa;4179;100;2025-08-12
5618;40641;100040641;Diversified;451;Secure;451;75;2025-10-14
5619;40644;100040644;Conservative;2737;Active;2737;25;2024-12-02
5620;40657;100040657;Conservative;2015;Gold;2015;100;2024-07-26
5621;40672;100040672;Growth;218;Secure;218;75;2024-03-08
5622;40722;100040722;Diversified;2554;Active;2554;50;2024-08-10
5623;40728;100040728;Money Market;779;EGP AXA10;779;75;2025-05-20
5624;40751;100040751;Gold;4920;USD Growth Saver;4920;25;2024-10-04
5625;40791;100040791;Active;2423;Al Safwa;2423;100;2024-08-23
5626;40826;100040826;Sama;2157;EGX30 ETF;2157;25;2024-12-04
5627;40838;100040838;Growth;495;EGP AXA10;495;75;2025-07-13
5628;40846;100040846;Dollar Saver;2731;Equities;2731;75;2024-06-01
5629;41437;100041437;EGP AXA10;812;USD Growth Saver;812;75;2025-10-04
5630;40895;100040895;Sama;6309;USD AXA9;6309;100;2025-10-15
5631;41047;100041047;USD AXA9;4983;EGP AXA10;4983;75;2025-10-30
5632;41068;100041068;Dollar Saver;777;Active;777;25;2025-10-07
5633;41075;100041075;USD Growth Saver;2680;Equities;2680;25;2024-09-28
5634;41089;100041089;Active;1131;Active;1131;25;2025-02-24
5635;41096;100041096;Al Safwa;3261;Growth;3261;100;2025-01-27
5636;41113;100041113;EGP AXA10;2710;Sama;2710;25;2025-06-17
5637;41133;100041133;Active;2933;Gold;2933;25;2025-04-30
5638;41163;100041163;USD Growth Saver;2456;Money Market;2456;25;2024-07-17
5639;41192;100041192;Sama;6074;Conservative;6074;50;2025-07-25
5640;41205;100041205;Diversified;3004;Money Market;3004;100;2024-06-23
5641;41239;100041239;USD AXA9;650;Sama;650;75;2025-04-02
5642;41274;100041274;Dollar Saver;1575;Secure;1575;100;2024-07-19
5643;41281;100041281;Al Safwa;1988;Dollar Saver;1988;50;2025-10-14
5644;41309;100041309;USD Growth Saver;2328;Secure;2328;75;2024-12-27
5645;41311;100041311;Al Safwa;2445;Al Safwa;2445;75;2024-06-10
5646;41340;100041340;Diversified;3933;Growth;3933;75;2024-03-31
5647;41414;100041414;Active;701;USD AXA9;701;25;2025-02-20
5648;41436;100041436;Conservative;1234;Growth;1234;75;2024-11-08
5649;41447;100041447;Gold;236;Money Market;236;50;2024-08-30
5650;41484;100041484;USD Growth Saver;2333;Money Market;2333;75;2025-11-06
5651;41551;100041551;Sama;708;USD Growth Saver;708;100;2025-10-19
5652;41587;100041587;USD AXA9;3318;Equities;3318;75;2024-08-29
5653;41629;100041629;Secure;696;EGP AXA10;696;25;2024-02-27
5654;41637;100041637;EGP AXA10;3573;Active;3573;100;2025-01-23
5655;41650;100041650;Conservative;129;EGX30 ETF;129;25;2024-09-09
5656;41664;100041664;Equities;1764;Growth;1764;50;2024-07-04
5657;41675;100041675;USD AXA9;713;Conservative;713;25;2025-04-24
5658;41688;100041688;Sama;2449;EGP AXA10;2449;75;2024-02-14
5659;41697;100041697;USD Growth Saver;1079;Dollar Saver;1079;75;2025-06-29
5660;41708;100041708;Secure;3346;USD AXA9;3346;100;2024-04-03
5661;41715;100041715;Conservative;1123;Sama;1123;50;2024-10-18
5662;41887;100041887;Growth;773;Equities;773;50;2024-12-15
5663;41895;100041895;Growth;1553;Al Safwa;1553;25;2025-03-31
5664;41908;100041908;USD AXA9;1587;EGP AXA10;1587;100;2025-02-09
5665;41936;100041936;USD Growth Saver;776;Money Market;776;100;2024-02-25
5666;41956;100041956;Active;2023;Growth;2023;100;2025-10-05
5667;41988;100041988;EGX30 ETF;1966;Money Market;1966;25;2025-01-24
5668;42050;100042050;Sama;2184;USD Growth Saver;2184;100;2025-07-06
5669;42076;100042076;Equities;3107;Gold;3107;75;2025-11-05
5670;42078;100042078;Active;380;Money Market;380;75;2025-11-22
5671;42092;100042092;Dollar Saver;3293;USD AXA9;3293;100;2024-07-26
5672;42126;100042126;Secure;3086;Conservative;3086;50;2024-10-02
5673;42128;100042128;Al Safwa;2987;USD AXA9;2987;50;2024-10-27
5674;42154;100042154;Sama;4375;EGP AXA10;4375;50;2025-08-27
5675;42157;100042157;Gold;1308;Conservative;1308;25;2025-02-26
5676;42176;100042176;Money Market;2760;Dollar Saver;2760;75;2024-10-20
5677;42192;100042192;Growth;2297;Money Market;2297;50;2025-12-21
5678;42206;100042206;USD Growth Saver;799;Gold;799;25;2025-03-13
5679;42212;100042212;EGP AXA10;3272;Money Market;3272;25;2024-11-22
5680;42241;100042241;Secure;2750;USD AXA9;2750;100;2024-07-07
5681;42256;100042256;Sama;2067;Active;2067;75;2025-09-03
5682;42305;100042305;Al Safwa;1530;Gold;1530;50;2024-11-06
5683;42328;100042328;EGX30 ETF;496;Growth;496;50;2025-09-11
5684;42370;100042370;Equities;600;Al Safwa;600;25;2025-04-11
5685;42420;100042420;Dollar Saver;6118;Growth;6118;100;2025-01-19
5686;42422;100042422;EGP AXA10;4260;Sama;4260;50;2024-04-08
5687;42450;100042450;Dollar Saver;2443;Al Safwa;2443;50;2024-06-17
5688;42475;100042475;Conservative;1398;EGX30 ETF;1398;100;2025-08-02
5689;42516;100042516;Secure;1586;Conservative;1586;75;2024-06-10
5690;42524;100042524;Secure;557;Secure;557;25;2025-05-28
5691;42579;100042579;Diversified;3901;Secure;3901;75;2024-03-04
5692;42613;100042613;USD AXA9;1926;Money Market;1926;50;2024-05-28
5693;42654;100042654;Conservative;3067;USD AXA9;3067;50;2025-06-09
5694;42722;100042722;Diversified;2839;USD AXA9;2839;25;2025-07-08
5695;42786;100042786;USD AXA9;3693;Equities;3693;75;2025-01-22
5696;42789;100042789;Dollar Saver;613;Al Safwa;613;25;2025-02-27
5697;42798;100042798;Dollar Saver;3346;EGP AXA10;3346;50;2024-11-06
5698;42799;100042799;Growth;821;USD Growth Saver;821;25;2025-04-21
5699;42805;100042805;Secure;2331;Secure;2331;100;2024-05-22
5700;42820;100042820;Diversified;1566;Diversified;1566;25;2024-09-17
5701;42947;100042947;Secure;3194;USD Growth Saver;3194;25;2025-07-05
5702;42969;100042969;Secure;1160;Active;1160;50;2025-10-10
5703;42971;100042971;Conservative;1657;USD Growth Saver;1657;100;2025-03-24
5704;42991;100042991;Al Safwa;1512;Al Safwa;1512;50;2025-08-03
5705;43006;100043006;Conservative;1105;Al Safwa;1105;100;2024-12-03
5706;43025;100043025;Growth;1115;EGP AXA10;1115;75;2025-12-27
5707;43036;100043036;Diversified;134;Secure;134;50;2024-04-12
5708;43050;100043050;Dollar Saver;768;USD AXA9;768;50;2025-01-01
5709;43060;100043060;Growth;2628;Active;2628;75;2024-10-21
5710;43114;100043114;EGX30 ETF;659;Diversified;659;100;2024-05-27
5711;43118;100043118;Equities;3019;Growth;3019;50;2024-05-17
5712;43136;100043136;USD AXA9;2663;Secure;2663;75;2024-08-27
5713;43141;100043141;Sama;3686;Al Safwa;3686;25;2025-08-19
5714;43168;100043168;USD AXA9;1432;EGX30 ETF;1432;75;2024-02-19
5715;43178;100043178;Secure;4028;Sama;4028;25;2024-11-13
5716;43186;100043186;Money Market;794;USD AXA9;794;100;2024-06-09
5717;43188;100043188;Secure;3067;USD AXA9;3067;25;2024-11-22
5718;43220;100043220;Secure;307;Gold;307;75;2024-05-10
5719;43227;100043227;Equities;4011;Gold;4011;50;2025-01-05
5720;43317;100043317;Al Safwa;2172;USD AXA9;2172;100;2024-07-31
5721;43332;100043332;Money Market;1056;Money Market;1056;100;2025-12-03
5722;43341;100043341;EGX30 ETF;1375;Sama;1375;75;2025-02-19
5723;43404;100043404;Growth;2724;Active;2724;100;2025-11-25
5724;43450;100043450;Secure;3106;EGP AXA10;3106;25;2025-07-11
5725;43458;100043458;Money Market;861;Equities;861;100;2025-07-04
5726;43463;100043463;Growth;220;Sama;220;25;2024-06-20
5727;43482;100043482;Gold;1234;Sama;1234;75;2024-08-18
5728;43510;100043510;Al Safwa;2793;Active;2793;25;2024-07-26
5729;43553;100043553;Sama;543;USD AXA9;543;100;2024-11-27
5730;43558;100043558;Money Market;3472;Dollar Saver;3472;75;2025-07-05
5731;43567;100043567;Money Market;1570;Dollar Saver;1570;50;2025-09-08
5732;43605;100043605;USD AXA9;1282;USD Growth Saver;1282;100;2025-12-22
5733;43614;100043614;Active;462;Gold;462;75;2024-09-25
5734;43662;100043662;Sama;3034;Diversified;3034;50;2025-11-04
5735;43732;100043732;USD AXA9;1259;Al Safwa;1259;50;2025-01-11
5736;43775;100043775;USD Growth Saver;2016;EGX30 ETF;2016;50;2024-12-30
5737;43782;100043782;Secure;1953;Diversified;1953;75;2025-10-20
5738;43783;100043783;Sama;1520;EGP AXA10;1520;100;2024-07-27
5739;43804;100043804;Secure;1090;Growth;1090;50;2025-10-10
5740;43818;100043818;Gold;489;Dollar Saver;489;100;2024-08-31
5741;43828;100043828;Dollar Saver;1633;USD Growth Saver;1633;75;2024-04-11
5742;43849;100043849;USD AXA9;4516;Secure;4516;50;2025-07-15
5743;43875;100043875;EGX30 ETF;4115;EGP AXA10;4115;100;2024-04-18
5744;43889;100043889;USD AXA9;599;Equities;599;100;2025-11-23
5745;43923;100043923;Al Safwa;2097;Growth;2097;100;2025-12-12
5746;43927;100043927;Conservative;5569;Secure;5569;25;2025-06-21
5747;43928;100043928;Active;2038;EGX30 ETF;2038;100;2024-04-25
5748;43952;100043952;Equities;3130;Al Safwa;3130;25;2025-03-28
5749;43954;100043954;Gold;236;Money Market;236;100;2025-09-19
5750;43961;100043961;EGP AXA10;2130;Active;2130;75;2025-04-02
5751;43965;100043965;USD Growth Saver;2413;EGX30 ETF;2413;50;2025-08-27
5752;43991;100043991;USD AXA9;1690;EGX30 ETF;1690;75;2024-05-16
5753;43998;100043998;USD AXA9;2639;Gold;2639;100;2025-08-17
5754;44012;100044012;Equities;622;Equities;622;50;2024-05-29
5755;44028;100044028;Sama;2947;Growth;2947;25;2024-06-14
5756;44032;100044032;USD Growth Saver;1026;Growth;1026;100;2025-10-20
5757;44036;100044036;USD AXA9;4187;Gold;4187;100;2025-03-13
5758;44084;100044084;Sama;1563;USD Growth Saver;1563;75;2025-08-24
5759;44099;100044099;Al Safwa;501;Money Market;501;25;2025-02-15
5760;44118;100044118;EGX30 ETF;400;Equities;400;75;2025-03-13
5761;44141;100044141;USD AXA9;1245;EGX30 ETF;1245;50;2024-05-10
5762;44226;100044226;USD Growth Saver;1811;Al Safwa;1811;100;2025-03-11
5763;44235;100044235;Diversified;791;Growth;791;25;2024-09-20
5764;44247;100044247;USD Growth Saver;1693;Equities;1693;50;2025-03-04
5765;44264;100044264;USD Growth Saver;1775;Conservative;1775;25;2025-08-06
5766;44267;100044267;USD AXA9;4444;Growth;4444;75;2025-02-06
5767;44297;100044297;Al Safwa;687;Growth;687;50;2025-12-11
5768;44324;100044324;Conservative;1913;Gold;1913;75;2025-06-14
5769;44364;100044364;Sama;2765;Conservative;2765;50;2025-06-20
5770;44369;100044369;Money Market;456;USD AXA9;456;75;2024-12-07
5771;44376;100044376;Gold;1798;Active;1798;75;2024-06-21
5772;44424;100044424;Conservative;2129;Equities;2129;75;2025-07-21
5773;44425;100044425;Gold;1004;Money Market;1004;50;2025-05-17
5774;44427;100044427;Equities;4616;Growth;4616;100;2024-08-23
5775;44441;100044441;Growth;2084;USD AXA9;2084;50;2025-07-24
5776;44479;100044479;Conservative;1740;USD AXA9;1740;25;2024-12-02
5777;44543;100044543;USD Growth Saver;4231;Money Market;4231;75;2024-05-20
5778;44578;100044578;EGP AXA10;3815;Diversified;3815;25;2024-08-03
5779;44717;100044717;Active;2028;Gold;2028;100;2025-09-07
5780;44733;100044733;Active;710;Al Safwa;710;25;2025-12-11
5781;44769;100044769;Diversified;3701;Secure;3701;75;2025-08-23
5782;44793;100044793;Conservative;2945;EGP AXA10;2945;25;2025-08-23
5783;44822;100044822;Sama;992;Diversified;992;25;2025-09-30
5784;44826;100044826;Money Market;1389;Diversified;1389;100;2024-07-16
5785;44851;100044851;Al Safwa;3105;Growth;3105;100;2024-06-22
5786;44853;100044853;USD Growth Saver;2150;USD AXA9;2150;50;2025-02-26
5787;44858;100044858;Gold;3548;Money Market;3548;75;2024-12-07
5788;44891;100044891;Sama;1273;Growth;1273;75;2025-05-01
5789;44896;100044896;EGX30 ETF;3904;Al Safwa;3904;75;2024-05-27
5790;44917;100044917;Dollar Saver;1066;EGX30 ETF;1066;25;2025-07-13
5791;44964;100044964;USD Growth Saver;2086;Growth;2086;100;2025-11-30
5792;44970;100044970;Sama;800;Dollar Saver;800;50;2025-04-17
5793;45004;100045004;USD Growth Saver;3214;Secure;3214;25;2025-03-18
5794;45035;100045035;EGP AXA10;1875;USD AXA9;1875;25;2025-04-09
5795;45050;100045050;Sama;1256;Al Safwa;1256;50;2025-03-31
5796;45078;100045078;USD AXA9;2264;Al Safwa;2264;75;2025-05-01
5797;45086;100045086;Money Market;2214;Active;2214;100;2024-06-26
5798;45087;100045087;Dollar Saver;3437;Dollar Saver;3437;75;2024-11-02
5799;45145;100045145;Secure;836;Active;836;25;2025-05-03
5800;45146;100045146;Al Safwa;2507;Secure;2507;50;2024-10-12
5801;45209;100045209;Diversified;1296;Dollar Saver;1296;100;2025-05-21
5802;45247;100045247;Diversified;1974;USD AXA9;1974;100;2024-06-02
5803;45262;100045262;EGP AXA10;3545;USD Growth Saver;3545;50;2025-06-19
5804;45267;100045267;Secure;4424;Dollar Saver;4424;75;2025-09-12
5805;45277;100045277;Conservative;1159;Gold;1159;25;2024-04-18
5806;45281;100045281;Equities;2721;Secure;2721;25;2024-10-28
5807;45286;100045286;USD AXA9;875;Sama;875;100;2024-08-22
5808;45315;100045315;Gold;2923;Dollar Saver;2923;25;2024-02-05
5809;45335;100045335;USD AXA9;3281;USD Growth Saver;3281;25;2024-02-28
5810;45382;100045382;Gold;3493;USD Growth Saver;3493;100;2025-02-28
5811;45384;100045384;USD AXA9;1014;Diversified;1014;100;2025-05-31
5812;45398;100045398;Al Safwa;412;Growth;412;100;2025-05-23
5813;45418;100045418;Growth;578;Equities;578;50;2024-11-27
5814;45433;100045433;EGX30 ETF;1333;Money Market;1333;25;2025-10-20
5815;45434;100045434;USD Growth Saver;3274;Conservative;3274;75;2025-04-01
5816;45469;100045469;Sama;1529;Sama;1529;25;2024-07-23
5817;45481;100045481;EGX30 ETF;678;Conservative;678;25;2025-12-28
5818;45534;100045534;Gold;1679;Equities;1679;50;2024-04-02
5819;45541;100045541;Equities;2777;Dollar Saver;2777;100;2024-06-01
5820;45552;100045552;EGP AXA10;1176;Money Market;1176;75;2024-11-14
5821;45563;100045563;USD Growth Saver;525;Growth;525;75;2025-06-25
5822;45612;100045612;USD AXA9;3492;Conservative;3492;50;2024-06-15
5823;45632;100045632;Equities;625;Gold;625;75;2025-02-12
5824;45645;100045645;Al Safwa;2971;Diversified;2971;100;2024-09-09
5825;45736;100045736;Conservative;178;Money Market;178;100;2024-06-15
5826;45944;100045944;EGX30 ETF;2165;Money Market;2165;75;2025-08-17
5827;45756;100045756;Secure;683;Conservative;683;100;2024-05-10
5828;45773;100045773;Active;539;Growth;539;100;2024-03-30
5829;45806;100045806;Sama;3764;USD AXA9;3764;25;2025-01-10
5830;45811;100045811;USD AXA9;339;Sama;339;50;2025-01-23
5831;45825;100045825;Al Safwa;1142;Al Safwa;1142;50;2025-11-22
5832;45841;100045841;EGX30 ETF;2267;Secure;2267;25;2024-12-04
5833;45864;100045864;USD AXA9;2982;EGX30 ETF;2982;100;2024-11-02
5834;45898;100045898;USD AXA9;4224;USD Growth Saver;4224;50;2025-08-04
5835;45947;100045947;Sama;2276;Conservative;2276;50;2025-09-18
5836;45961;100045961;Sama;1274;USD AXA9;1274;25;2024-06-13
5837;45967;100045967;Active;1362;Gold;1362;100;2024-02-25
5838;46004;100046004;Diversified;1376;USD AXA9;1376;25;2025-09-11
5839;46048;100046048;Money Market;957;Secure;957;25;2025-12-26
5840;46055;100046055;USD AXA9;6022;Diversified;6022;75;2024-05-28
5841;46061;100046061;Al Safwa;1598;EGP AXA10;1598;100;2025-07-22
5842;46119;100046119;USD Growth Saver;1238;Dollar Saver;1238;75;2024-08-09
5843;46182;100046182;EGX30 ETF;969;Conservative;969;75;2025-06-29
5844;46200;100046200;Active;1910;EGP AXA10;1910;75;2025-04-20
5845;46209;100046209;Dollar Saver;2774;Sama;2774;100;2024-02-04
5846;46225;100046225;Gold;2998;USD Growth Saver;2998;100;2025-09-11
5847;46233;100046233;USD Growth Saver;1293;Growth;1293;50;2025-02-13
5848;46262;100046262;Diversified;4307;Gold;4307;75;2024-06-10
5849;46309;100046309;Equities;2425;Secure;2425;25;2025-06-13
5850;46342;100046342;Al Safwa;716;Equities;716;50;2024-11-01
5851;46345;100046345;Equities;4372;USD AXA9;4372;75;2025-12-02
5852;46375;100046375;Secure;1215;Al Safwa;1215;75;2024-11-28
5853;46396;100046396;Conservative;1129;Diversified;1129;25;2024-11-30
5854;46401;100046401;Dollar Saver;1901;Al Safwa;1901;25;2024-10-29
5855;46433;100046433;Active;3000;Conservative;3000;100;2025-05-12
5856;46514;100046514;USD AXA9;1884;Al Safwa;1884;100;2024-03-08
5857;46532;100046532;Gold;94;Gold;94;50;2025-08-17
5858;46546;100046546;Money Market;2135;Conservative;2135;100;2024-05-18
5859;46587;100046587;Growth;974;Money Market;974;25;2025-03-22
5860;46593;100046593;Secure;1802;USD Growth Saver;1802;50;2024-07-21
5861;46597;100046597;USD AXA9;1078;Dollar Saver;1078;25;2024-12-05
5862;46614;100046614;EGP AXA10;88;Secure;88;100;2024-08-09
5863;46834;100046834;Money Market;359;USD Growth Saver;359;100;2024-05-09
5864;46845;100046845;Al Safwa;2654;Money Market;2654;25;2024-09-07
5865;46885;100046885;Al Safwa;1084;Money Market;1084;25;2024-04-06
5866;46892;100046892;Money Market;2591;Growth;2591;100;2025-07-14
5867;46945;100046945;USD Growth Saver;530;Al Safwa;530;25;2025-05-29
5868;46957;100046957;EGX30 ETF;2136;Growth;2136;50;2024-12-11
5869;46977;100046977;USD AXA9;5719;EGP AXA10;5719;100;2024-10-30
5870;46993;100046993;Active;433;Money Market;433;100;2024-06-21
5871;47010;100047010;Active;668;Active;668;50;2025-09-24
5872;47015;100047015;Conservative;1397;EGP AXA10;1397;100;2024-12-13
5873;47041;100047041;Sama;4103;Gold;4103;75;2024-07-29
5874;47068;100047068;Conservative;1133;Money Market;1133;100;2024-10-07
5875;47104;100047104;Money Market;2852;Conservative;2852;100;2024-10-24
5876;47113;100047113;USD AXA9;3079;Conservative;3079;50;2024-05-16
5877;47119;100047119;Dollar Saver;2209;Conservative;2209;100;2025-02-16
5878;47154;100047154;Diversified;3511;Secure;3511;25;2024-06-11
5879;47167;100047167;USD AXA9;845;Growth;845;75;2024-11-05
5880;47175;100047175;Growth;809;Growth;809;25;2024-12-07
5881;47179;100047179;Secure;2725;Gold;2725;50;2025-09-29
5882;47182;100047182;Money Market;1197;EGX30 ETF;1197;100;2025-09-17
5883;47254;100047254;EGP AXA10;1469;EGX30 ETF;1469;50;2024-07-04
5884;47315;100047315;Sama;1454;EGP AXA10;1454;75;2024-10-20
5885;47319;100047319;EGP AXA10;2992;Gold;2992;100;2024-02-15
5886;47333;100047333;Diversified;4042;EGP AXA10;4042;75;2024-12-26
5887;47450;100047450;Secure;1075;Sama;1075;100;2024-09-06
5888;47511;100047511;Equities;1861;Al Safwa;1861;50;2025-06-07
5889;47579;100047579;Al Safwa;2912;EGP AXA10;2912;75;2024-08-26
5890;47600;100047600;Al Safwa;4326;Growth;4326;100;2024-10-01
5891;47632;100047632;Dollar Saver;3082;Money Market;3082;25;2024-06-19
5892;47664;100047664;Money Market;3253;Conservative;3253;75;2024-06-15
5893;47687;100047687;Secure;5813;Money Market;5813;50;2024-02-08
5894;47722;100047722;Money Market;5086;Al Safwa;5086;100;2024-09-01
5895;47727;100047727;EGP AXA10;2328;Diversified;2328;75;2024-06-27
5896;47744;100047744;EGP AXA10;4023;Gold;4023;100;2025-09-09
5897;47785;100047785;Conservative;4171;USD AXA9;4171;25;2025-12-11
5898;47831;100047831;USD AXA9;2556;USD AXA9;2556;100;2025-06-29
5899;47897;100047897;EGX30 ETF;1210;EGX30 ETF;1210;75;2024-04-01
5900;47903;100047903;Dollar Saver;1026;EGP AXA10;1026;50;2024-10-29
5901;47987;100047987;USD Growth Saver;1727;Conservative;1727;100;2025-08-26
5902;47991;100047991;Conservative;1009;USD Growth Saver;1009;50;2024-05-17
5903;48014;100048014;USD AXA9;1383;Active;1383;50;2025-06-12
5904;48042;100048042;USD Growth Saver;363;Al Safwa;363;100;2024-06-16
5905;48046;100048046;Sama;2398;Diversified;2398;25;2024-03-20
5906;48067;100048067;EGP AXA10;3060;Gold;3060;50;2024-09-11
5907;48103;100048103;Sama;1956;EGP AXA10;1956;25;2024-05-29
5908;48111;100048111;Al Safwa;2685;Money Market;2685;25;2024-11-13
5909;48112;100048112;Growth;4985;EGX30 ETF;4985;75;2025-07-05
5910;48131;100048131;EGP AXA10;782;Active;782;75;2024-10-18
5911;48165;100048165;Growth;3661;Conservative;3661;100;2025-09-08
5912;48176;100048176;Secure;2461;USD Growth Saver;2461;75;2025-10-26
5913;48228;100048228;Growth;1881;Growth;1881;75;2025-10-13
5914;48258;100048258;Conservative;848;Equities;848;100;2024-10-04
5915;48267;100048267;USD AXA9;843;EGX30 ETF;843;50;2025-01-20
5916;48311;100048311;Sama;2940;EGX30 ETF;2940;75;2025-02-04
5917;48354;100048354;EGP AXA10;835;Al Safwa;835;75;2025-10-11
5918;48366;100048366;Gold;3213;USD AXA9;3213;75;2025-11-30
5919;48385;100048385;Money Market;3668;Dollar Saver;3668;25;2025-02-15
5920;48407;100048407;Equities;665;EGX30 ETF;665;25;2024-05-06
5921;48410;100048410;Sama;3245;Active;3245;50;2025-03-08
5922;48419;100048419;Growth;4188;USD Growth Saver;4188;100;2025-05-31
5923;48433;100048433;USD AXA9;249;Sama;249;50;2024-04-25
5924;48450;100048450;Secure;689;EGX30 ETF;689;100;2024-09-24
5925;48473;100048473;Secure;2312;Diversified;2312;25;2025-02-20
5926;48492;100048492;USD Growth Saver;3239;Growth;3239;100;2024-03-15
5927;48528;100048528;EGP AXA10;4106;Active;4106;100;2024-06-27
5928;48576;100048576;Secure;899;Active;899;100;2024-08-04
5929;48606;100048606;EGX30 ETF;1672;Conservative;1672;50;2025-09-20
5930;48670;100048670;EGP AXA10;1267;USD AXA9;1267;25;2024-06-09
5931;48686;100048686;Equities;2905;USD AXA9;2905;100;2025-03-30
5932;48735;100048735;Diversified;923;Secure;923;75;2025-10-30
5933;48752;100048752;Dollar Saver;821;Growth;821;100;2024-06-26
5934;48806;100048806;Secure;839;Dollar Saver;839;75;2025-02-23
5935;48836;100048836;EGX30 ETF;1011;Active;1011;25;2024-08-11
5936;48845;100048845;USD Growth Saver;1011;Conservative;1011;75;2025-01-24
5937;48901;100048901;Growth;1443;Al Safwa;1443;75;2024-04-18
5938;48930;100048930;Active;5788;EGP AXA10;5788;50;2024-06-13
5939;48977;100048977;EGP AXA10;2911;Secure;2911;100;2024-08-20
5940;48998;100048998;Growth;604;USD AXA9;604;100;2025-03-12
5941;49014;100049014;Gold;360;Sama;360;100;2024-06-27
5942;49080;100049080;EGX30 ETF;1143;Gold;1143;75;2024-08-20
5943;49126;100049126;Diversified;1579;USD Growth Saver;1579;50;2024-06-22
5944;49128;100049128;Secure;2465;USD Growth Saver;2465;75;2024-06-19
5945;49170;100049170;Money Market;572;Dollar Saver;572;50;2024-05-19
5946;49212;100049212;Sama;1261;Money Market;1261;100;2024-07-02
5947;49232;100049232;Secure;1007;USD AXA9;1007;25;2024-03-31
5948;49249;100049249;USD AXA9;2329;EGP AXA10;2329;25;2024-08-15
5949;49281;100049281;Growth;1970;USD AXA9;1970;50;2024-05-25
5950;49320;100049320;Active;411;EGX30 ETF;411;50;2025-06-03
5951;49362;100049362;EGP AXA10;3319;Gold;3319;75;2024-09-28
5952;49374;100049374;Diversified;1209;Sama;1209;25;2025-07-19
5953;49478;100049478;Sama;1205;Gold;1205;75;2025-11-10
5954;49518;100049518;EGP AXA10;627;Secure;627;100;2025-07-26
5955;49533;100049533;Secure;3727;EGX30 ETF;3727;100;2025-04-16
5956;49540;100049540;EGX30 ETF;5530;Conservative;5530;100;2024-03-12
5957;49544;100049544;Secure;961;Money Market;961;100;2024-09-16
5958;49581;100049581;Secure;1925;Conservative;1925;25;2024-11-21
5959;49596;100049596;Equities;2048;Equities;2048;50;2024-11-19
5960;49602;100049602;Gold;940;USD AXA9;940;75;2024-03-07
5961;49652;100049652;Dollar Saver;2801;Al Safwa;2801;75;2025-04-30
5962;49654;100049654;EGP AXA10;373;Money Market;373;25;2024-10-05
5963;49663;100049663;Dollar Saver;1882;Sama;1882;75;2024-04-09
5964;49704;100049704;Sama;2306;EGP AXA10;2306;75;2024-05-31
5965;49705;100049705;USD AXA9;771;Gold;771;25;2024-03-05
5966;49768;100049768;Gold;1912;Equities;1912;75;2025-05-15
5967;49799;100049799;Al Safwa;284;USD AXA9;284;75;2025-05-03
5968;49832;100049832;Sama;568;EGX30 ETF;568;50;2025-03-12
5969;49965;100049965;Gold;1631;Equities;1631;25;2025-07-18
5970;23;100000023;Sama;837;Active;837;100;2025-04-13
5971;26;100000026;Gold;1975;Dollar Saver;1975;100;2024-06-10
5972;35;100000035;Dollar Saver;1594;Dollar Saver;1594;75;2024-07-28
5973;59;100000059;Equities;2251;EGP AXA10;2251;25;2025-09-01
5974;66;100000066;USD AXA9;2161;Equities;2161;100;2025-01-26
5975;75;100000075;Equities;5577;EGX30 ETF;5577;75;2024-02-23
5976;109;100000109;Diversified;656;Equities;656;50;2025-12-27
5977;168;100000168;Gold;2009;Al Safwa;2009;100;2024-08-02
5978;171;100000171;Al Safwa;1779;Al Safwa;1779;25;2025-12-17
5979;180;100000180;Active;2465;Conservative;2465;50;2025-06-27
5980;1763;100001763;Diversified;1092;Al Safwa;1092;100;2024-03-05
5981;197;100000197;Growth;1031;Equities;1031;100;2024-03-04
5982;249;100000249;Secure;3271;USD AXA9;3271;25;2024-12-06
5983;262;100000262;Gold;834;EGP AXA10;834;25;2025-04-08
5984;769;100000769;Diversified;1983;Gold;1983;75;2025-12-18
5985;275;100000275;EGX30 ETF;796;USD Growth Saver;796;75;2025-11-04
5986;276;100000276;Secure;686;Conservative;686;50;2024-08-27
5987;298;100000298;Diversified;650;Conservative;650;50;2025-04-10
5988;326;100000326;Active;2371;USD AXA9;2371;100;2025-05-30
5989;353;100000353;Money Market;465;Active;465;25;2025-03-09
5990;421;100000421;Sama;988;Dollar Saver;988;25;2025-06-22
5991;442;100000442;EGP AXA10;2668;Al Safwa;2668;50;2024-07-28
5992;498;100000498;Dollar Saver;3689;Equities;3689;100;2025-11-26
5993;508;100000508;Sama;5782;Diversified;5782;100;2025-02-24
5994;534;100000534;USD AXA9;2428;Sama;2428;100;2025-12-16
5995;563;100000563;Al Safwa;999;USD Growth Saver;999;50;2024-05-26
5996;598;100000598;EGX30 ETF;5137;Active;5137;100;2025-06-05
5997;600;100000600;Sama;2408;USD AXA9;2408;75;2024-12-02
5998;623;100000623;Sama;815;Al Safwa;815;25;2025-07-11
5999;631;100000631;Al Safwa;1474;Growth;1474;50;2024-10-28
6000;649;100000649;Gold;299;Conservative;299;75;2025-08-26
6001;654;100000654;Al Safwa;3591;Growth;3591;100;2025-07-17
6002;695;100000695;Active;997;Conservative;997;75;2025-10-31
6003;743;100000743;Gold;4118;Equities;4118;50;2025-11-18
6004;754;100000754;Gold;1302;Equities;1302;50;2025-09-07
6005;777;100000777;Al Safwa;469;USD AXA9;469;25;2024-08-26
6006;865;100000865;Diversified;3295;EGX30 ETF;3295;100;2025-01-11
6007;868;100000868;Equities;1156;Sama;1156;100;2025-10-10
6008;873;100000873;Sama;379;EGX30 ETF;379;75;2025-09-30
6009;902;100000902;USD Growth Saver;692;Gold;692;75;2025-09-05
6010;923;100000923;EGP AXA10;1776;Money Market;1776;100;2024-10-15
6011;930;100000930;Conservative;2731;Secure;2731;25;2025-07-31
6012;963;100000963;USD Growth Saver;3349;USD AXA9;3349;75;2024-10-19
6013;1013;100001013;USD Growth Saver;1636;Growth;1636;50;2024-10-30
6014;1020;100001020;Dollar Saver;2970;Secure;2970;50;2024-08-07
6015;1033;100001033;EGP AXA10;445;EGP AXA10;445;100;2025-12-24
6016;1082;100001082;Equities;3505;Conservative;3505;25;2025-10-15
6017;1096;100001096;Dollar Saver;561;Growth;561;25;2024-06-27
6018;1199;100001199;EGX30 ETF;1282;Gold;1282;75;2024-06-28
6019;1217;100001217;Dollar Saver;5720;Secure;5720;100;2025-01-16
6020;1270;100001270;EGP AXA10;1350;EGX30 ETF;1350;75;2024-02-16
6021;1274;100001274;EGP AXA10;2453;Al Safwa;2453;75;2024-10-05
6022;1293;100001293;Dollar Saver;1560;Equities;1560;100;2024-05-26
6023;1300;100001300;Dollar Saver;1200;Secure;1200;50;2025-10-20
6024;1315;100001315;USD AXA9;1048;Dollar Saver;1048;50;2024-09-03
6025;1330;100001330;EGP AXA10;134;Gold;134;75;2025-09-27
6026;1334;100001334;USD Growth Saver;1546;EGP AXA10;1546;25;2025-04-27
6027;1357;100001357;Growth;1515;Al Safwa;1515;100;2024-09-30
6028;1400;100001400;Secure;4476;Conservative;4476;50;2025-04-19
6029;1412;100001412;Money Market;4257;USD AXA9;4257;75;2025-09-23
6030;1427;100001427;Equities;5075;Active;5075;25;2025-04-10
6031;1452;100001452;Secure;4321;Money Market;4321;75;2024-12-17
6032;1455;100001455;Growth;3839;Diversified;3839;50;2024-05-23
6033;1459;100001459;Diversified;3324;USD Growth Saver;3324;25;2025-04-16
6034;1466;100001466;Growth;6416;Al Safwa;6416;50;2025-01-09
6035;1483;100001483;Active;1064;Al Safwa;1064;25;2024-09-15
6036;1508;100001508;Money Market;2511;EGX30 ETF;2511;75;2025-03-03
6037;1509;100001509;EGX30 ETF;3837;Growth;3837;100;2024-12-12
6038;1521;100001521;Gold;4984;USD AXA9;4984;50;2025-10-25
6039;1528;100001528;EGP AXA10;2502;Al Safwa;2502;75;2024-06-01
6040;1634;100001634;Gold;3597;USD Growth Saver;3597;100;2025-11-15
6041;1635;100001635;Gold;658;Diversified;658;75;2025-07-07
6042;1673;100001673;Equities;1009;Growth;1009;25;2024-04-29
6043;1706;100001706;Al Safwa;1953;USD Growth Saver;1953;50;2024-03-26
6044;1742;100001742;EGP AXA10;2811;Gold;2811;75;2025-07-25
6045;1866;100001866;Sama;1482;Gold;1482;75;2025-05-21
6046;1778;100001778;Active;1461;Al Safwa;1461;100;2024-12-28
6047;1782;100001782;Growth;1561;Sama;1561;75;2025-01-17
6048;1801;100001801;Gold;2415;USD AXA9;2415;50;2025-10-24
6049;1804;100001804;Active;4251;Gold;4251;75;2025-04-11
6050;1885;100001885;Equities;1432;Al Safwa;1432;75;2024-02-17
6051;1886;100001886;USD Growth Saver;3131;Dollar Saver;3131;75;2025-04-08
6052;1895;100001895;EGP AXA10;2714;Sama;2714;75;2024-12-23
6053;1896;100001896;Diversified;3925;Money Market;3925;100;2024-02-05
6054;1937;100001937;USD AXA9;2564;Growth;2564;25;2024-02-14
6055;2003;100002003;Equities;2956;Active;2956;25;2024-08-08
6056;2006;100002006;USD AXA9;493;Sama;493;75;2024-04-29
6057;2007;100002007;Active;3039;Conservative;3039;75;2025-06-17
6058;2025;100002025;Active;3428;EGP AXA10;3428;100;2025-12-08
6059;2075;100002075;Sama;1207;Diversified;1207;25;2025-12-10
6060;2128;100002128;Money Market;1575;EGX30 ETF;1575;75;2025-07-29
6061;2165;100002165;Secure;1272;Al Safwa;1272;100;2024-12-09
6062;2204;100002204;Active;2356;Active;2356;25;2025-04-17
6063;2225;100002225;Secure;1130;Gold;1130;75;2024-12-10
6064;2270;100002270;Equities;360;Al Safwa;360;25;2024-12-22
6065;2325;100002325;Sama;3000;USD Growth Saver;3000;100;2025-12-05
6066;2338;100002338;EGX30 ETF;4260;Active;4260;50;2024-09-23
6067;2372;100002372;Gold;980;USD Growth Saver;980;75;2024-04-25
6068;2493;100002493;Al Safwa;3683;Al Safwa;3683;25;2025-04-06
6069;2522;100002522;Money Market;2503;Secure;2503;50;2025-12-06
6070;2552;100002552;Sama;5023;Conservative;5023;50;2024-05-09
6071;2567;100002567;Conservative;1357;USD Growth Saver;1357;100;2024-03-28
6072;2632;100002632;Sama;797;Diversified;797;75;2024-08-10
6073;2676;100002676;EGX30 ETF;2869;Diversified;2869;100;2025-04-25
6074;2710;100002710;Sama;557;Growth;557;75;2025-11-27
6075;2796;100002796;USD AXA9;1630;EGP AXA10;1630;100;2025-08-27
6076;2882;100002882;Diversified;1857;USD Growth Saver;1857;50;2025-08-06
6077;2908;100002908;Money Market;1681;Conservative;1681;100;2024-05-31
6078;2961;100002961;EGX30 ETF;620;Active;620;100;2025-06-18
6079;2963;100002963;Conservative;3235;EGP AXA10;3235;25;2025-03-13
6080;2969;100002969;Conservative;1765;Active;1765;75;2025-10-04
6081;2977;100002977;USD AXA9;2811;Equities;2811;75;2025-05-20
6082;2992;100002992;Secure;3304;Growth;3304;50;2025-04-06
6083;3035;100003035;Growth;3511;USD AXA9;3511;25;2025-08-31
6084;3051;100003051;Secure;2162;Growth;2162;75;2025-06-13
6085;3090;100003090;Diversified;3679;Dollar Saver;3679;100;2025-09-02
6086;3105;100003105;Dollar Saver;2309;Sama;2309;50;2025-06-09
6087;3154;100003154;Equities;451;Active;451;75;2025-04-08
6088;3167;100003167;USD Growth Saver;516;Money Market;516;75;2024-10-10
6089;3279;100003279;Gold;1372;Growth;1372;100;2024-08-12
6090;3285;100003285;Money Market;337;Secure;337;75;2024-09-10
6091;3292;100003292;Growth;1972;USD AXA9;1972;75;2025-09-10
6092;3340;100003340;Active;786;Equities;786;25;2024-03-09
6093;3343;100003343;Growth;2396;Active;2396;100;2025-07-15
6094;3394;100003394;USD AXA9;2180;Secure;2180;50;2025-06-05
6095;3442;100003442;Al Safwa;2791;Dollar Saver;2791;75;2025-09-28
6096;3466;100003466;Active;208;Conservative;208;25;2025-01-15
6097;3483;100003483;Money Market;778;EGX30 ETF;778;25;2025-08-08
6098;3494;100003494;Sama;2906;USD Growth Saver;2906;100;2025-04-20
6099;3504;100003504;Dollar Saver;2444;Al Safwa;2444;25;2025-05-26
6100;3528;100003528;USD AXA9;4914;EGP AXA10;4914;100;2025-05-20
6101;3596;100003596;Growth;1574;Growth;1574;75;2024-03-05
6102;3613;100003613;USD AXA9;1144;Gold;1144;25;2024-07-12
6103;3694;100003694;Active;1979;Growth;1979;75;2025-01-04
6104;3742;100003742;Equities;1120;EGP AXA10;1120;25;2024-07-24
6105;3778;100003778;USD Growth Saver;4625;Diversified;4625;50;2024-07-13
6106;3847;100003847;Money Market;2629;EGP AXA10;2629;25;2024-09-18
6107;3875;100003875;Conservative;4391;Money Market;4391;75;2024-08-10
6108;3923;100003923;Sama;3938;Equities;3938;25;2025-07-15
6109;3942;100003942;Sama;1892;Diversified;1892;75;2024-09-14
6110;4040;100004040;Diversified;2882;USD Growth Saver;2882;100;2024-06-28
6111;4086;100004086;Active;1221;EGX30 ETF;1221;25;2024-07-13
6112;4124;100004124;Growth;453;Dollar Saver;453;75;2025-10-27
6113;4129;100004129;Active;5228;Gold;5228;25;2025-10-01
6114;4147;100004147;Money Market;722;EGP AXA10;722;100;2024-07-18
6115;4153;100004153;Al Safwa;3921;Equities;3921;100;2025-09-05
6116;4175;100004175;Sama;1741;Diversified;1741;25;2024-03-03
6117;4179;100004179;USD Growth Saver;1911;USD AXA9;1911;75;2025-04-27
6118;4186;100004186;Growth;592;Money Market;592;50;2025-01-25
6119;4192;100004192;Gold;1405;Diversified;1405;100;2024-08-28
6120;4207;100004207;Money Market;627;Active;627;100;2025-08-23
6121;4208;100004208;Equities;909;Gold;909;25;2025-09-10
6122;4214;100004214;Growth;2315;Growth;2315;100;2025-12-19
6123;4231;100004231;Secure;665;USD AXA9;665;100;2024-08-10
6124;4241;100004241;EGP AXA10;1970;EGX30 ETF;1970;100;2024-05-01
6125;4244;100004244;USD Growth Saver;2322;Active;2322;25;2024-08-10
6126;4260;100004260;Gold;1975;EGX30 ETF;1975;75;2024-07-23
6127;4309;100004309;Active;837;Money Market;837;100;2024-11-21
6128;4327;100004327;Al Safwa;3123;Sama;3123;50;2024-08-21
6129;4351;100004351;EGX30 ETF;274;Equities;274;25;2025-09-07
6130;4644;100004644;USD AXA9;3989;USD Growth Saver;3989;75;2025-11-16
6131;4393;100004393;Active;534;Equities;534;25;2025-09-07
6132;4401;100004401;Sama;2546;Secure;2546;75;2025-03-17
6133;4416;100004416;Growth;1482;EGP AXA10;1482;100;2025-03-02
6134;4421;100004421;USD Growth Saver;5519;Money Market;5519;100;2024-05-22
6135;4453;100004453;Diversified;2474;Secure;2474;50;2025-09-16
6136;4462;100004462;Secure;3822;Equities;3822;25;2024-10-03
6137;5680;100005680;Conservative;1546;Conservative;1546;25;2025-12-26
6138;4525;100004525;Al Safwa;98;EGX30 ETF;98;25;2025-05-08
6139;4541;100004541;Al Safwa;1962;Active;1962;75;2025-11-28
6140;4546;100004546;Growth;606;EGP AXA10;606;100;2024-11-12
6141;4597;100004597;EGX30 ETF;3298;Al Safwa;3298;25;2025-12-27
6142;4628;100004628;Growth;7562;EGX30 ETF;7562;100;2025-05-13
6143;4646;100004646;Equities;574;Dollar Saver;574;25;2025-06-02
6144;4699;100004699;Money Market;1932;Equities;1932;100;2024-11-21
6145;4715;100004715;Secure;1284;Al Safwa;1284;100;2024-09-10
6146;4718;100004718;USD Growth Saver;2925;USD AXA9;2925;100;2024-04-20
6147;4722;100004722;Al Safwa;316;USD AXA9;316;50;2025-07-31
6148;4779;100004779;Growth;1626;USD Growth Saver;1626;25;2025-04-01
6149;4810;100004810;EGX30 ETF;6356;Money Market;6356;50;2025-12-25
6150;4851;100004851;Diversified;757;USD AXA9;757;50;2025-03-15
6151;4858;100004858;Diversified;1675;Conservative;1675;100;2025-12-23
6152;4884;100004884;EGP AXA10;2137;Growth;2137;25;2025-04-01
6153;4890;100004890;EGP AXA10;4441;USD AXA9;4441;100;2024-12-07
6154;4912;100004912;Dollar Saver;943;Conservative;943;75;2025-11-25
6155;4945;100004945;Equities;2325;EGP AXA10;2325;100;2025-05-09
6156;4949;100004949;Equities;510;USD Growth Saver;510;50;2024-03-10
6157;4986;100004986;Diversified;1846;Money Market;1846;50;2025-08-16
6158;5007;100005007;Equities;4347;EGX30 ETF;4347;25;2025-08-10
6159;5012;100005012;EGX30 ETF;1054;Active;1054;75;2025-09-27
6160;5023;100005023;Al Safwa;4567;Active;4567;50;2024-11-18
6161;5030;100005030;Equities;4083;EGX30 ETF;4083;100;2024-06-10
6162;5046;100005046;USD AXA9;5846;Sama;5846;100;2024-09-08
6163;5057;100005057;Sama;4450;Conservative;4450;50;2024-07-01
6164;5065;100005065;Conservative;2228;USD Growth Saver;2228;75;2025-05-06
6165;5138;100005138;Sama;2834;Equities;2834;100;2025-08-16
6166;5148;100005148;Growth;2168;EGX30 ETF;2168;50;2024-07-09
6167;5202;100005202;Sama;756;Diversified;756;75;2025-11-08
6168;5293;100005293;Growth;2576;Equities;2576;100;2025-08-31
6169;5304;100005304;Gold;597;Sama;597;50;2024-02-07
6170;5361;100005361;Gold;3400;Gold;3400;25;2024-05-05
6171;5434;100005434;EGX30 ETF;6168;Al Safwa;6168;75;2025-10-15
6172;5510;100005510;Equities;1445;Sama;1445;50;2024-05-27
6173;5554;100005554;EGX30 ETF;454;Gold;454;50;2024-04-17
6174;5566;100005566;EGX30 ETF;2238;Sama;2238;50;2025-02-25
6175;5593;100005593;EGP AXA10;1622;EGP AXA10;1622;50;2024-10-12
6176;5665;100005665;Active;2832;Growth;2832;75;2024-09-24
6177;5699;100005699;Secure;2460;Secure;2460;100;2025-06-10
6178;5709;100005709;Gold;3426;EGX30 ETF;3426;50;2024-05-18
6179;5717;100005717;Secure;3743;Secure;3743;75;2024-11-02
6180;5720;100005720;Equities;1093;USD Growth Saver;1093;75;2024-02-22
6181;5721;100005721;Equities;1842;USD Growth Saver;1842;75;2024-02-20
6182;5738;100005738;USD Growth Saver;930;EGP AXA10;930;25;2024-07-09
6183;5752;100005752;Dollar Saver;1941;Diversified;1941;100;2025-02-26
6184;5761;100005761;EGP AXA10;2307;EGP AXA10;2307;25;2024-03-16
6185;5769;100005769;Al Safwa;961;Secure;961;25;2024-05-22
6186;5793;100005793;Growth;3543;Secure;3543;75;2025-03-02
6187;5809;100005809;USD Growth Saver;5394;USD Growth Saver;5394;25;2024-02-23
6188;5819;100005819;Dollar Saver;421;USD Growth Saver;421;75;2024-05-08
6189;5872;100005872;Gold;459;Gold;459;50;2024-08-28
6190;5880;100005880;Conservative;1037;Secure;1037;50;2024-08-13
6191;5938;100005938;Equities;1187;EGX30 ETF;1187;100;2024-08-31
6192;5987;100005987;Diversified;1721;USD AXA9;1721;25;2024-10-16
6193;6017;100006017;Conservative;1845;Secure;1845;100;2025-08-01
6194;6063;100006063;Conservative;2272;USD Growth Saver;2272;25;2024-02-19
6195;6101;100006101;EGP AXA10;2819;Equities;2819;75;2025-12-31
6196;6171;100006171;Gold;1663;Secure;1663;100;2025-04-01
6197;6183;100006183;Sama;5362;EGX30 ETF;5362;25;2024-04-28
6198;6191;100006191;Money Market;624;Secure;624;50;2024-06-04
6199;6267;100006267;Al Safwa;384;USD Growth Saver;384;25;2025-05-17
6200;6284;100006284;Secure;2248;Sama;2248;50;2024-11-23
6201;6317;100006317;USD AXA9;1426;Growth;1426;75;2024-08-28
6202;6320;100006320;Al Safwa;3389;Money Market;3389;50;2024-04-20
6203;6335;100006335;Diversified;1760;Active;1760;75;2024-10-28
6204;6339;100006339;Conservative;676;USD Growth Saver;676;25;2025-12-22
6205;6368;100006368;Active;4107;Diversified;4107;75;2024-11-06
6206;6370;100006370;USD AXA9;582;Growth;582;75;2024-07-12
6207;6372;100006372;Equities;3951;USD Growth Saver;3951;75;2024-04-27
6208;6377;100006377;Diversified;2882;USD AXA9;2882;75;2024-05-12
6209;7908;100007908;Growth;332;EGX30 ETF;332;50;2025-11-13
6210;6390;100006390;Secure;3054;Gold;3054;50;2024-06-12
6211;6465;100006465;EGX30 ETF;764;Gold;764;100;2024-03-03
6212;6477;100006477;Diversified;1277;Sama;1277;100;2025-12-04
6213;6480;100006480;Money Market;1769;Gold;1769;75;2024-12-09
6214;6485;100006485;Dollar Saver;879;EGX30 ETF;879;25;2024-12-08
6215;6500;100006500;Equities;2201;Money Market;2201;25;2024-07-07
6216;6508;100006508;EGX30 ETF;1787;Equities;1787;50;2024-09-27
6217;6532;100006532;Gold;1352;Sama;1352;100;2025-07-23
6218;6554;100006554;EGX30 ETF;2474;Secure;2474;100;2025-01-12
6219;6569;100006569;Conservative;2178;Gold;2178;100;2025-10-26
6220;6580;100006580;Sama;3450;USD Growth Saver;3450;75;2024-09-22
6221;6624;100006624;Secure;4306;Money Market;4306;50;2025-10-27
6222;6628;100006628;Secure;2639;USD Growth Saver;2639;25;2025-12-30
6223;6682;100006682;Active;297;Growth;297;50;2024-12-14
6224;6692;100006692;Equities;172;Sama;172;25;2025-04-04
6225;6704;100006704;Equities;1944;Gold;1944;100;2025-12-28
6226;6749;100006749;Dollar Saver;3791;Growth;3791;100;2025-07-20
6227;6751;100006751;USD Growth Saver;4071;EGX30 ETF;4071;50;2025-10-18
6228;6756;100006756;Equities;5170;EGX30 ETF;5170;100;2025-07-15
6229;6794;100006794;Dollar Saver;1929;Money Market;1929;25;2025-09-10
6230;6813;100006813;Growth;3265;USD Growth Saver;3265;75;2024-08-17
6231;6827;100006827;USD AXA9;2273;Conservative;2273;25;2024-07-31
6232;6831;100006831;Active;1079;Secure;1079;75;2025-12-18
6233;6871;100006871;Dollar Saver;2404;Al Safwa;2404;50;2025-01-20
6234;6884;100006884;Active;1240;Al Safwa;1240;50;2024-05-29
6235;6892;100006892;Al Safwa;595;EGP AXA10;595;75;2024-12-06
6236;6898;100006898;Conservative;1031;Active;1031;25;2024-11-17
6237;6927;100006927;USD Growth Saver;5190;Active;5190;100;2025-06-20
6238;6951;100006951;Equities;1041;Active;1041;50;2025-11-07
6239;7000;100007000;Gold;3227;Sama;3227;100;2025-04-18
6240;7009;100007009;Active;3579;Dollar Saver;3579;50;2024-06-23
6241;7036;100007036;USD AXA9;5924;Secure;5924;50;2024-02-19
6242;7073;100007073;Diversified;5654;Active;5654;25;2025-05-10
6243;7080;100007080;Active;1377;Gold;1377;25;2025-01-05
6244;7119;100007119;Growth;598;Sama;598;75;2024-10-23
6245;7122;100007122;Diversified;1646;Al Safwa;1646;75;2024-09-04
6246;7161;100007161;USD Growth Saver;2458;EGP AXA10;2458;75;2025-10-31
6247;7176;100007176;Equities;1589;Diversified;1589;50;2024-08-09
6248;7179;100007179;Equities;1700;Active;1700;50;2024-04-10
6249;7204;100007204;Secure;615;Conservative;615;75;2024-05-13
6250;7219;100007219;Conservative;2442;Growth;2442;75;2025-03-27
6251;7288;100007288;Active;1399;EGX30 ETF;1399;100;2024-09-09
6252;7331;100007331;Dollar Saver;1128;Sama;1128;25;2025-09-04
6253;7339;100007339;Growth;4697;Diversified;4697;100;2024-10-24
6254;7350;100007350;Equities;4212;USD AXA9;4212;75;2024-05-11
6255;7416;100007416;Al Safwa;5584;Sama;5584;50;2024-09-08
6256;7444;100007444;Conservative;978;Sama;978;50;2024-08-09
6257;7449;100007449;Money Market;6716;USD Growth Saver;6716;100;2024-08-01
6258;7495;100007495;Conservative;1024;Equities;1024;25;2025-11-17
6259;7547;100007547;Conservative;2035;Growth;2035;50;2025-01-31
6260;7589;100007589;Equities;2665;Equities;2665;50;2025-06-24
6261;7659;100007659;Al Safwa;1360;Conservative;1360;75;2025-04-02
6262;7675;100007675;Active;1921;Al Safwa;1921;100;2025-09-19
6263;7676;100007676;Diversified;3625;Gold;3625;25;2024-06-21
6264;7698;100007698;USD Growth Saver;2481;EGP AXA10;2481;50;2024-09-02
6265;7711;100007711;Money Market;5873;Conservative;5873;75;2024-11-27
6266;7713;100007713;Money Market;3396;Sama;3396;100;2024-08-16
6267;7714;100007714;USD AXA9;1787;Active;1787;25;2025-09-30
6268;7736;100007736;Sama;569;Growth;569;25;2025-01-22
6269;7762;100007762;Sama;2965;Diversified;2965;25;2024-10-30
6270;7808;100007808;Secure;4766;EGP AXA10;4766;75;2025-02-21
6271;7837;100007837;Equities;5021;Conservative;5021;100;2025-02-05
6272;7894;100007894;Money Market;746;EGX30 ETF;746;25;2025-07-28
6273;7856;100007856;USD Growth Saver;430;Diversified;430;75;2025-05-10
6274;7871;100007871;Gold;1210;Dollar Saver;1210;25;2025-01-05
6275;7875;100007875;Money Market;1288;USD AXA9;1288;25;2024-06-01
6276;7881;100007881;Money Market;3550;Equities;3550;50;2025-10-20
6277;7939;100007939;Diversified;1173;Diversified;1173;25;2025-11-15
6278;8036;100008036;Gold;648;Gold;648;75;2025-08-14
6279;8073;100008073;Diversified;2330;Active;2330;50;2025-11-08
6280;8091;100008091;Secure;3861;Al Safwa;3861;100;2025-10-18
6281;8100;100008100;Equities;4308;Growth;4308;75;2025-04-11
6282;8126;100008126;USD Growth Saver;1588;Dollar Saver;1588;25;2024-02-10
6283;8147;100008147;Growth;1995;Money Market;1995;25;2025-01-03
6284;8179;100008179;Active;1215;Diversified;1215;100;2025-04-12
6285;8186;100008186;Gold;1526;EGP AXA10;1526;75;2025-10-28
6286;8206;100008206;USD Growth Saver;2956;Gold;2956;50;2025-04-25
6287;8276;100008276;Gold;1836;USD Growth Saver;1836;25;2025-03-28
6288;8290;100008290;Active;1473;EGX30 ETF;1473;25;2024-09-09
6289;8296;100008296;Money Market;1803;Sama;1803;50;2024-03-23
6290;8298;100008298;Secure;1794;EGX30 ETF;1794;25;2025-04-29
6291;8320;100008320;Diversified;1562;USD AXA9;1562;75;2025-09-07
6292;8327;100008327;Growth;2939;Dollar Saver;2939;100;2025-02-22
6293;8329;100008329;Equities;1642;Diversified;1642;50;2024-05-22
6294;8342;100008342;Gold;1383;Diversified;1383;50;2025-02-15
6295;8392;100008392;Sama;243;USD Growth Saver;243;75;2025-01-05
6296;8445;100008445;Sama;1363;Growth;1363;50;2024-04-20
6297;8477;100008477;Conservative;1668;Dollar Saver;1668;25;2024-08-19
6298;8480;100008480;Money Market;4391;Diversified;4391;25;2024-10-26
6299;8494;100008494;Al Safwa;1715;Dollar Saver;1715;25;2025-01-18
6300;8499;100008499;USD AXA9;873;Dollar Saver;873;25;2025-06-16
6301;8531;100008531;Diversified;3650;EGX30 ETF;3650;100;2024-09-15
6302;8532;100008532;Diversified;1224;USD AXA9;1224;50;2025-05-23
6303;8629;100008629;USD Growth Saver;3463;Secure;3463;75;2025-02-23
6304;8657;100008657;Al Safwa;4282;Diversified;4282;75;2024-06-27
6305;8682;100008682;Growth;1249;Equities;1249;100;2024-11-19
6306;8712;100008712;Equities;1665;EGX30 ETF;1665;25;2024-11-02
6307;8721;100008721;Gold;1468;Money Market;1468;75;2025-04-17
6308;8737;100008737;Money Market;4160;Growth;4160;50;2024-07-10
6309;8738;100008738;Sama;3134;Dollar Saver;3134;100;2025-12-11
6310;8774;100008774;EGP AXA10;1979;EGP AXA10;1979;25;2024-02-28
6311;8796;100008796;Growth;316;EGP AXA10;316;100;2025-02-18
6312;8822;100008822;Money Market;1052;EGX30 ETF;1052;100;2024-11-21
6313;8845;100008845;Dollar Saver;1673;USD AXA9;1673;100;2025-03-25
6314;8878;100008878;Conservative;5157;Al Safwa;5157;25;2025-10-21
6315;8917;100008917;Money Market;1974;Money Market;1974;25;2025-05-08
6316;8924;100008924;Sama;1489;EGP AXA10;1489;75;2024-09-20
6317;8934;100008934;Equities;1032;Dollar Saver;1032;25;2025-03-07
6318;8964;100008964;EGP AXA10;1213;Active;1213;75;2025-11-26
6319;8993;100008993;USD Growth Saver;1719;USD Growth Saver;1719;75;2024-08-26
6320;8996;100008996;USD Growth Saver;1210;Diversified;1210;25;2025-07-19
6321;8998;100008998;Money Market;2049;Equities;2049;25;2025-01-11
6322;9153;100009153;Dollar Saver;981;EGP AXA10;981;100;2025-05-19
6323;9179;100009179;USD Growth Saver;5905;Money Market;5905;50;2024-08-25
6324;9181;100009181;Sama;821;Dollar Saver;821;75;2024-06-18
6325;9257;100009257;Diversified;2917;EGP AXA10;2917;100;2024-11-23
6326;9322;100009322;Diversified;2369;Money Market;2369;50;2025-03-03
6327;9330;100009330;Dollar Saver;1669;Active;1669;100;2024-04-09
6328;9644;100009644;USD Growth Saver;1675;USD Growth Saver;1675;75;2025-11-20
6329;9341;100009341;Conservative;1187;USD AXA9;1187;100;2024-10-22
6330;9386;100009386;Al Safwa;2074;USD Growth Saver;2074;75;2025-08-02
6331;9463;100009463;Dollar Saver;1149;Equities;1149;75;2025-07-14
6332;9484;100009484;Sama;2645;Secure;2645;25;2025-12-23
6333;9504;100009504;Diversified;4225;USD AXA9;4225;100;2025-09-08
6334;9598;100009598;USD AXA9;5400;Active;5400;100;2024-02-25
6335;9648;100009648;Money Market;1279;Growth;1279;25;2024-08-13
6336;9670;100009670;Money Market;682;Diversified;682;25;2025-06-05
6337;9673;100009673;USD Growth Saver;3857;Secure;3857;25;2025-09-08
6338;9708;100009708;Equities;1692;Active;1692;50;2025-09-09
6339;9783;100009783;Active;2829;USD Growth Saver;2829;50;2024-03-22
6340;9812;100009812;Al Safwa;171;Gold;171;50;2025-09-14
6341;9829;100009829;Active;2040;Growth;2040;100;2024-08-03
6342;9919;100009919;EGP AXA10;387;EGX30 ETF;387;100;2024-08-09
6343;9948;100009948;Growth;1970;USD AXA9;1970;25;2025-08-05
6344;10329;100010329;Dollar Saver;1307;Active;1307;50;2024-08-27
6345;9960;100009960;Equities;1148;Active;1148;25;2024-12-07
6346;9995;100009995;Gold;1774;Al Safwa;1774;100;2024-06-05
6347;10024;100010024;USD AXA9;1773;Conservative;1773;75;2025-11-15
6348;10029;100010029;Diversified;3285;Gold;3285;100;2024-08-21
6349;10087;100010087;Active;1915;Dollar Saver;1915;75;2024-07-18
6350;10113;100010113;EGP AXA10;536;EGX30 ETF;536;100;2025-06-16
6351;10124;100010124;Secure;1781;EGX30 ETF;1781;75;2025-10-15
6352;10150;100010150;EGX30 ETF;735;Al Safwa;735;100;2025-11-20
6353;10170;100010170;Al Safwa;2539;Growth;2539;25;2024-09-09
6354;10172;100010172;Al Safwa;1237;Conservative;1237;100;2025-01-08
6355;10202;100010202;Growth;812;Dollar Saver;812;100;2025-10-10
6356;10289;100010289;Diversified;1270;Sama;1270;50;2024-02-01
6357;10294;100010294;USD Growth Saver;1452;Active;1452;25;2024-08-25
6358;10311;100010311;Equities;1545;Sama;1545;100;2024-10-15
6359;10343;100010343;Al Safwa;2951;Dollar Saver;2951;50;2024-07-30
6360;10397;100010397;EGX30 ETF;1691;Gold;1691;100;2025-06-07
6361;10439;100010439;Al Safwa;1854;Growth;1854;75;2025-08-24
6362;10481;100010481;Gold;1563;Dollar Saver;1563;75;2025-04-12
6363;10484;100010484;Money Market;2672;Money Market;2672;100;2025-09-04
6364;10489;100010489;Secure;2440;Conservative;2440;100;2024-04-10
6365;10501;100010501;Diversified;1340;Gold;1340;25;2025-05-18
6366;10515;100010515;USD AXA9;2509;Sama;2509;25;2025-07-29
6367;10628;100010628;EGP AXA10;1889;USD AXA9;1889;25;2025-12-14
6368;10642;100010642;USD Growth Saver;2987;Money Market;2987;25;2025-06-08
6369;10663;100010663;Al Safwa;744;Secure;744;25;2025-01-05
6370;10694;100010694;Secure;496;Al Safwa;496;50;2025-02-27
6371;10697;100010697;Active;1709;Conservative;1709;25;2025-05-12
6372;10732;100010732;EGP AXA10;2375;Growth;2375;25;2025-04-09
6373;10805;100010805;Equities;1565;Growth;1565;50;2024-05-31
6374;10812;100010812;Equities;2914;Active;2914;25;2024-05-08
6375;10822;100010822;USD AXA9;2475;EGP AXA10;2475;100;2024-11-18
6376;10837;100010837;USD AXA9;6548;Dollar Saver;6548;25;2025-01-11
6377;10860;100010860;Dollar Saver;1348;Dollar Saver;1348;100;2025-11-08
6378;10890;100010890;Active;1890;Money Market;1890;100;2024-07-28
6379;10895;100010895;Sama;509;Secure;509;100;2025-01-12
6380;10907;100010907;USD AXA9;1371;USD AXA9;1371;25;2025-12-16
6381;10928;100010928;EGP AXA10;372;Conservative;372;50;2025-11-04
6382;10957;100010957;Conservative;1382;Growth;1382;50;2024-11-19
6383;10968;100010968;USD Growth Saver;2119;Money Market;2119;50;2024-12-21
6384;10978;100010978;Al Safwa;1031;Equities;1031;25;2025-09-27
6385;10987;100010987;Diversified;1431;USD AXA9;1431;25;2025-02-14
6386;11009;100011009;Gold;1716;EGX30 ETF;1716;100;2024-07-12
6387;11160;100011160;Money Market;1620;Dollar Saver;1620;100;2024-12-02
6388;11175;100011175;USD AXA9;3242;Dollar Saver;3242;25;2024-03-19
6389;11180;100011180;Conservative;2110;Active;2110;75;2024-11-04
6390;11181;100011181;Secure;2344;Sama;2344;75;2025-09-19
6391;12134;100012134;Gold;1975;Sama;1975;25;2025-12-01
6392;11312;100011312;Growth;2909;EGX30 ETF;2909;100;2025-06-04
6393;11353;100011353;Growth;2658;Sama;2658;50;2024-11-11
6394;11358;100011358;USD AXA9;5547;Gold;5547;75;2024-05-22
6395;11397;100011397;USD Growth Saver;634;Diversified;634;25;2024-05-07
6396;11471;100011471;Money Market;1111;Equities;1111;50;2024-03-28
6397;11475;100011475;Money Market;2911;Diversified;2911;100;2024-10-15
6398;11506;100011506;Equities;535;Secure;535;50;2024-12-23
6399;11521;100011521;Sama;2067;EGP AXA10;2067;25;2025-04-20
6400;11530;100011530;Gold;180;EGP AXA10;180;25;2025-09-01
6401;11601;100011601;Al Safwa;1348;USD Growth Saver;1348;100;2025-05-10
6402;11642;100011642;Al Safwa;1656;EGX30 ETF;1656;75;2025-01-26
6403;11643;100011643;EGX30 ETF;1061;EGX30 ETF;1061;100;2024-10-27
6404;11667;100011667;Secure;2184;Active;2184;25;2025-11-25
6405;11712;100011712;Sama;2419;EGP AXA10;2419;25;2025-06-23
6406;11719;100011719;USD Growth Saver;4051;Money Market;4051;100;2025-12-02
6407;11877;100011877;Sama;2536;Gold;2536;25;2024-09-10
6408;11931;100011931;EGX30 ETF;754;Equities;754;100;2025-06-04
6409;11949;100011949;Dollar Saver;454;Active;454;50;2025-05-09
6410;11954;100011954;Conservative;701;Dollar Saver;701;100;2025-07-09
6411;11957;100011957;USD AXA9;453;USD Growth Saver;453;75;2025-02-25
6412;11994;100011994;Secure;1001;Diversified;1001;100;2025-01-11
6413;12008;100012008;Diversified;647;USD AXA9;647;75;2025-02-03
6414;12013;100012013;Growth;2607;EGX30 ETF;2607;50;2024-05-20
6415;12053;100012053;Gold;1105;Money Market;1105;75;2024-09-03
6416;12077;100012077;Conservative;1473;Secure;1473;25;2025-01-29
6417;12092;100012092;USD Growth Saver;2450;Sama;2450;50;2025-12-23
6418;12100;100012100;EGX30 ETF;567;EGX30 ETF;567;25;2025-05-16
6419;12111;100012111;Equities;1808;EGX30 ETF;1808;75;2025-01-29
6420;12136;100012136;Money Market;1705;Dollar Saver;1705;50;2025-11-13
6421;12149;100012149;Gold;1459;Conservative;1459;75;2024-02-12
6422;12755;100012755;EGX30 ETF;1291;Equities;1291;50;2024-04-24
6423;12243;100012243;Al Safwa;5205;USD Growth Saver;5205;100;2025-07-07
6424;12245;100012245;Active;1130;Dollar Saver;1130;75;2024-06-15
6425;12251;100012251;Dollar Saver;2435;Active;2435;50;2025-07-08
6426;12282;100012282;Diversified;1215;Equities;1215;75;2024-07-24
6427;12302;100012302;Conservative;1701;Money Market;1701;50;2025-12-04
6428;12387;100012387;Gold;833;Money Market;833;50;2024-12-24
6429;12494;100012494;Dollar Saver;1663;Gold;1663;50;2025-04-26
6430;12499;100012499;Active;2419;Al Safwa;2419;100;2025-02-16
6431;12545;100012545;Sama;1082;USD AXA9;1082;50;2025-12-13
6432;12565;100012565;Diversified;531;Sama;531;25;2024-10-12
6433;12577;100012577;USD Growth Saver;3233;EGP AXA10;3233;75;2025-05-21
6434;12601;100012601;Secure;1545;Active;1545;75;2024-08-13
6435;12608;100012608;USD AXA9;1659;Active;1659;25;2025-08-18
6436;12613;100012613;Gold;4223;Secure;4223;75;2024-04-04
6437;12622;100012622;Growth;504;Active;504;50;2024-12-29
6438;12638;100012638;Growth;1862;Active;1862;25;2024-12-17
6439;12650;100012650;EGP AXA10;1041;USD Growth Saver;1041;50;2025-01-08
6440;12697;100012697;Equities;4901;Dollar Saver;4901;100;2025-07-09
6441;13671;100013671;Sama;1928;Dollar Saver;1928;25;2025-12-07
6442;12713;100012713;Conservative;760;Al Safwa;760;75;2024-05-31
6443;12760;100012760;Secure;1942;Gold;1942;25;2025-07-11
6444;12772;100012772;Gold;2844;Gold;2844;50;2025-03-25
6445;12776;100012776;Dollar Saver;3258;Sama;3258;75;2025-07-07
6446;12790;100012790;Sama;2600;EGX30 ETF;2600;100;2024-10-26
6447;12828;100012828;Al Safwa;2965;Gold;2965;100;2025-01-09
6448;12848;100012848;Equities;1168;USD AXA9;1168;100;2024-04-29
6449;12883;100012883;Growth;3445;Growth;3445;100;2025-03-07
6450;12888;100012888;Diversified;3928;USD AXA9;3928;50;2024-09-24
6451;12914;100012914;Conservative;1782;Al Safwa;1782;75;2025-09-03
6452;12963;100012963;Secure;5684;Equities;5684;50;2025-02-05
6453;12970;100012970;Dollar Saver;844;USD Growth Saver;844;50;2025-05-18
6454;12971;100012971;Equities;3077;Sama;3077;75;2024-08-04
6455;12978;100012978;EGP AXA10;334;Diversified;334;100;2024-02-20
6456;13026;100013026;USD Growth Saver;872;EGP AXA10;872;50;2024-07-18
6457;13036;100013036;Sama;1019;Money Market;1019;50;2024-03-26
6458;13046;100013046;EGP AXA10;1565;EGX30 ETF;1565;25;2025-12-05
6459;13060;100013060;Gold;826;Equities;826;25;2025-04-18
6460;13129;100013129;USD Growth Saver;2025;Active;2025;75;2025-06-23
6461;13146;100013146;Sama;3105;USD AXA9;3105;50;2024-12-03
6462;13249;100013249;Growth;1347;EGX30 ETF;1347;75;2025-11-26
6463;13304;100013304;Active;1166;Gold;1166;50;2024-09-20
6464;13338;100013338;Money Market;1955;EGX30 ETF;1955;50;2025-08-21
6465;13353;100013353;USD Growth Saver;501;EGX30 ETF;501;50;2025-08-03
6466;13422;100013422;USD AXA9;2636;Gold;2636;75;2025-12-03
6467;13517;100013517;EGP AXA10;1735;Active;1735;100;2025-12-21
6468;13535;100013535;USD AXA9;3467;Conservative;3467;50;2025-11-22
6469;13611;100013611;Diversified;2835;Dollar Saver;2835;100;2025-07-05
6470;13613;100013613;Gold;378;Active;378;100;2024-11-07
6471;13632;100013632;Active;3782;USD AXA9;3782;50;2025-07-16
6472;13643;100013643;Sama;1863;Equities;1863;25;2025-05-16
6473;13655;100013655;Dollar Saver;4963;EGX30 ETF;4963;25;2025-05-04
6474;13716;100013716;EGP AXA10;1193;Conservative;1193;50;2024-09-11
6475;13728;100013728;Sama;180;Al Safwa;180;100;2024-09-24
6476;13730;100013730;Gold;899;Gold;899;50;2025-11-05
6477;13767;100013767;Sama;2532;EGX30 ETF;2532;100;2025-10-06
6478;13810;100013810;Active;515;Conservative;515;50;2025-11-08
6479;13831;100013831;USD Growth Saver;1202;Secure;1202;50;2024-02-11
6480;13853;100013853;USD Growth Saver;988;Diversified;988;50;2025-06-10
6481;13893;100013893;Al Safwa;3733;Dollar Saver;3733;100;2025-07-22
6482;13921;100013921;Money Market;2600;Dollar Saver;2600;100;2025-04-15
6483;13961;100013961;Secure;2786;Money Market;2786;25;2025-12-07
6484;13998;100013998;EGX30 ETF;1622;Gold;1622;100;2025-04-11
6485;14000;100014000;Money Market;5166;Active;5166;100;2024-10-28
6486;14003;100014003;USD Growth Saver;1207;USD Growth Saver;1207;50;2025-05-12
6487;14020;100014020;Equities;430;Active;430;50;2024-04-23
6488;14023;100014023;Secure;1204;EGP AXA10;1204;50;2025-09-10
6489;14024;100014024;Secure;954;Equities;954;25;2024-11-21
6490;14037;100014037;Equities;761;Money Market;761;75;2024-06-08
6491;14040;100014040;Equities;4578;EGP AXA10;4578;75;2024-09-11
6492;14061;100014061;Money Market;1280;Conservative;1280;75;2025-06-18
6493;14064;100014064;EGP AXA10;1988;USD Growth Saver;1988;75;2024-05-23
6494;14099;100014099;Secure;2532;Dollar Saver;2532;100;2024-04-13
6495;14148;100014148;USD Growth Saver;456;EGX30 ETF;456;50;2025-02-21
6496;14174;100014174;Gold;78;Gold;78;25;2024-02-05
6497;14206;100014206;Growth;2034;Secure;2034;25;2024-04-26
6498;14234;100014234;Active;284;Active;284;100;2024-06-15
6499;14247;100014247;Al Safwa;5787;EGP AXA10;5787;25;2025-04-07
6500;14322;100014322;USD Growth Saver;1304;Equities;1304;75;2024-04-28
6501;14341;100014341;Dollar Saver;2297;EGP AXA10;2297;100;2024-09-03
6502;14374;100014374;Equities;356;Money Market;356;100;2025-06-27
6503;14407;100014407;EGX30 ETF;3010;Money Market;3010;25;2025-11-30
6504;14426;100014426;Equities;411;Money Market;411;50;2024-03-02
6505;14434;100014434;Growth;2043;Money Market;2043;50;2024-07-26
6506;14471;100014471;Growth;3874;Gold;3874;75;2025-07-23
6507;14498;100014498;EGP AXA10;1170;Gold;1170;50;2024-04-08
6508;14535;100014535;Diversified;1628;Gold;1628;100;2024-11-11
6509;14543;100014543;Conservative;3597;USD Growth Saver;3597;25;2025-03-26
6510;14545;100014545;Dollar Saver;174;Active;174;100;2025-02-05
6511;14563;100014563;Active;867;Sama;867;50;2024-05-26
6512;14570;100014570;Diversified;3462;Active;3462;75;2025-12-27
6513;14582;100014582;USD AXA9;411;USD Growth Saver;411;25;2025-01-28
6514;14614;100014614;Conservative;421;Money Market;421;100;2025-09-21
6515;14626;100014626;EGP AXA10;3239;Diversified;3239;50;2025-06-13
6516;14631;100014631;Growth;3989;USD AXA9;3989;50;2024-06-21
6517;14652;100014652;Al Safwa;1004;Gold;1004;100;2025-02-09
6518;14659;100014659;Conservative;1771;Secure;1771;50;2025-01-09
6519;14701;100014701;Growth;729;EGP AXA10;729;25;2025-09-13
6520;14708;100014708;Growth;2528;Equities;2528;50;2025-11-03
6521;14740;100014740;EGX30 ETF;699;EGX30 ETF;699;25;2025-03-27
6522;14755;100014755;USD AXA9;855;Equities;855;100;2024-04-14
6523;14759;100014759;Conservative;1106;Secure;1106;25;2025-11-15
6524;14763;100014763;Diversified;397;Secure;397;25;2025-07-31
6525;14767;100014767;Al Safwa;1366;USD Growth Saver;1366;50;2025-07-23
6526;14798;100014798;Equities;1607;Al Safwa;1607;25;2024-08-21
6527;14812;100014812;Diversified;1104;Secure;1104;75;2024-11-26
6528;14836;100014836;Sama;1097;Money Market;1097;25;2025-02-28
6529;14838;100014838;Dollar Saver;2145;Secure;2145;25;2024-06-18
6530;14840;100014840;Al Safwa;941;EGP AXA10;941;75;2024-03-26
6531;14859;100014859;Growth;1691;Equities;1691;75;2025-06-21
6532;15225;100015225;Diversified;1372;Diversified;1372;100;2024-08-11
6533;14896;100014896;Sama;2703;Growth;2703;100;2024-03-27
6534;14920;100014920;Growth;2002;Active;2002;100;2025-11-15
6535;14932;100014932;Money Market;547;Conservative;547;25;2025-07-09
6536;14981;100014981;USD Growth Saver;4070;Al Safwa;4070;25;2024-10-19
6537;15009;100015009;USD AXA9;606;Dollar Saver;606;75;2025-08-07
6538;15035;100015035;Equities;966;Al Safwa;966;100;2024-08-11
6539;15038;100015038;Conservative;567;Dollar Saver;567;75;2025-04-18
6540;15060;100015060;Conservative;1140;USD Growth Saver;1140;100;2024-12-29
6541;15065;100015065;Al Safwa;1428;Conservative;1428;75;2024-04-27
6542;15069;100015069;Gold;593;Dollar Saver;593;75;2024-03-20
6543;15072;100015072;Growth;2038;EGP AXA10;2038;100;2024-03-11
6544;15073;100015073;Diversified;1155;Money Market;1155;75;2024-06-17
6545;15105;100015105;Equities;1750;EGP AXA10;1750;25;2024-07-09
6546;15136;100015136;USD Growth Saver;4324;USD Growth Saver;4324;50;2024-07-17
6547;15156;100015156;Sama;3100;Diversified;3100;75;2025-09-05
6548;15172;100015172;USD Growth Saver;2519;Gold;2519;25;2025-09-24
6549;15193;100015193;Active;2644;Diversified;2644;75;2025-05-06
6550;15221;100015221;EGX30 ETF;4232;Al Safwa;4232;75;2024-10-10
6551;15245;100015245;Al Safwa;2093;Sama;2093;100;2024-06-09
6552;15248;100015248;Active;1575;EGX30 ETF;1575;25;2025-03-29
6553;15292;100015292;Dollar Saver;3661;Secure;3661;50;2025-07-15
6554;15304;100015304;Al Safwa;3494;Al Safwa;3494;75;2025-10-21
6555;15320;100015320;USD AXA9;2389;Growth;2389;50;2024-09-19
6556;15347;100015347;Money Market;2050;Diversified;2050;50;2025-08-07
6557;15372;100015372;EGP AXA10;1612;Equities;1612;75;2025-12-21
6558;15396;100015396;Conservative;622;Equities;622;100;2025-01-31
6559;15397;100015397;Active;3302;Sama;3302;100;2025-02-19
6560;15399;100015399;Growth;1665;Equities;1665;50;2024-10-04
6561;15491;100015491;USD Growth Saver;2284;EGP AXA10;2284;75;2024-09-25
6562;15557;100015557;USD AXA9;2847;USD AXA9;2847;75;2025-10-20
6563;15646;100015646;Dollar Saver;2967;EGX30 ETF;2967;25;2025-12-26
6564;15669;100015669;Equities;3008;USD AXA9;3008;25;2024-03-17
6565;15685;100015685;EGX30 ETF;696;USD Growth Saver;696;50;2025-06-18
6566;15687;100015687;Equities;356;Equities;356;25;2025-12-07
6567;15703;100015703;USD Growth Saver;2129;Al Safwa;2129;25;2025-05-14
6568;15715;100015715;USD Growth Saver;3133;Active;3133;50;2024-10-01
6569;15771;100015771;Sama;1113;Al Safwa;1113;100;2024-03-06
6570;15805;100015805;Al Safwa;3609;Conservative;3609;100;2025-10-08
6571;15873;100015873;USD Growth Saver;359;Sama;359;75;2025-11-28
6572;15878;100015878;Dollar Saver;1991;Dollar Saver;1991;100;2024-03-17
6573;15926;100015926;Al Safwa;609;EGX30 ETF;609;50;2024-11-26
6574;15932;100015932;EGP AXA10;2520;Gold;2520;75;2025-12-23
6575;15952;100015952;USD Growth Saver;187;Conservative;187;50;2024-09-15
6576;16060;100016060;Al Safwa;2765;Gold;2765;100;2025-09-22
6577;16070;100016070;Conservative;556;EGX30 ETF;556;75;2025-08-13
6578;16093;100016093;Active;1089;Secure;1089;100;2025-11-02
6579;16100;100016100;Equities;1177;Conservative;1177;100;2024-03-31
6580;16130;100016130;Diversified;764;Dollar Saver;764;50;2025-08-12
6581;16178;100016178;USD AXA9;2340;Diversified;2340;75;2025-10-23
6582;16201;100016201;Secure;942;USD AXA9;942;100;2024-08-18
6583;16213;100016213;EGX30 ETF;951;EGX30 ETF;951;75;2024-10-19
6584;16228;100016228;Diversified;1713;Diversified;1713;25;2025-03-20
6585;16231;100016231;USD Growth Saver;819;Money Market;819;100;2025-05-22
6586;16274;100016274;Sama;1686;Diversified;1686;25;2024-05-15
6587;16286;100016286;Equities;2430;Al Safwa;2430;50;2024-06-16
6588;16325;100016325;USD AXA9;2855;USD AXA9;2855;100;2024-02-03
6589;16332;100016332;Money Market;1884;Conservative;1884;50;2025-11-02
6590;16333;100016333;EGP AXA10;923;Sama;923;100;2024-06-08
6591;16341;100016341;Equities;3399;Equities;3399;75;2025-09-29
6592;16344;100016344;Al Safwa;2182;Secure;2182;75;2024-02-28
6593;16366;100016366;Diversified;2737;Sama;2737;50;2024-09-26
6594;16380;100016380;Dollar Saver;1902;EGP AXA10;1902;100;2024-12-13
6595;16425;100016425;Al Safwa;3185;Gold;3185;75;2024-12-05
6596;16426;100016426;USD AXA9;583;Dollar Saver;583;50;2024-11-27
6597;16442;100016442;Dollar Saver;2769;Active;2769;50;2025-05-26
6598;16459;100016459;EGP AXA10;2325;Secure;2325;50;2025-04-18
6599;16473;100016473;Secure;1211;Dollar Saver;1211;100;2025-10-05
6600;16621;100016621;Dollar Saver;1919;USD AXA9;1919;50;2025-04-30
6601;16623;100016623;Gold;1222;Dollar Saver;1222;100;2024-11-24
6602;16626;100016626;USD AXA9;771;Gold;771;75;2024-09-17
6603;16636;100016636;Growth;3478;Conservative;3478;75;2024-05-03
6604;16718;100016718;Equities;1000;Money Market;1000;50;2025-02-19
6605;16742;100016742;Growth;443;USD AXA9;443;50;2025-11-03
6606;16756;100016756;Conservative;742;EGX30 ETF;742;75;2024-06-06
6607;16760;100016760;Equities;4900;Dollar Saver;4900;25;2024-04-21
6608;16851;100016851;EGP AXA10;1968;Dollar Saver;1968;50;2025-04-21
6609;16892;100016892;Money Market;2553;Diversified;2553;75;2024-12-01
6610;16894;100016894;USD AXA9;529;Al Safwa;529;25;2025-01-14
6611;16930;100016930;USD AXA9;3180;Growth;3180;100;2024-05-03
6612;16934;100016934;USD AXA9;1688;Equities;1688;100;2024-10-04
6613;16944;100016944;Money Market;2970;Secure;2970;75;2024-03-29
6614;16992;100016992;Dollar Saver;561;Money Market;561;50;2025-01-09
6615;17036;100017036;Dollar Saver;1789;EGX30 ETF;1789;100;2025-08-19
6616;17050;100017050;USD AXA9;4713;USD Growth Saver;4713;75;2025-06-29
6617;17056;100017056;Growth;763;Al Safwa;763;100;2025-10-06
6618;17061;100017061;USD AXA9;2890;Al Safwa;2890;50;2025-02-07
6619;17064;100017064;EGP AXA10;1499;Gold;1499;100;2025-12-16
6620;17074;100017074;Growth;1281;Diversified;1281;50;2025-12-16
6621;17088;100017088;Gold;2373;USD AXA9;2373;75;2025-11-05
6622;17165;100017165;EGX30 ETF;319;Sama;319;75;2024-10-23
6623;17222;100017222;Dollar Saver;1481;Dollar Saver;1481;75;2024-12-27
6624;17225;100017225;Growth;3064;Al Safwa;3064;75;2024-03-03
6625;17231;100017231;Gold;223;Gold;223;25;2025-06-21
6626;17239;100017239;Money Market;1237;Gold;1237;100;2024-09-30
6627;17249;100017249;Secure;436;Sama;436;25;2025-03-21
6628;17273;100017273;Diversified;282;Dollar Saver;282;100;2025-01-05
6629;17306;100017306;EGP AXA10;224;Diversified;224;25;2024-02-20
6630;17323;100017323;Money Market;1557;Secure;1557;25;2024-04-02
6631;17378;100017378;EGP AXA10;1619;USD AXA9;1619;50;2025-08-21
6632;17402;100017402;Diversified;2027;Diversified;2027;25;2024-03-08
6633;17433;100017433;Money Market;1087;EGX30 ETF;1087;75;2024-02-07
6634;17435;100017435;Active;3236;Sama;3236;50;2024-10-09
6635;17446;100017446;Diversified;535;Sama;535;25;2025-08-05
6636;17466;100017466;Money Market;1104;USD AXA9;1104;75;2025-03-27
6637;17482;100017482;Equities;1894;Gold;1894;75;2025-03-19
6638;17485;100017485;USD Growth Saver;1596;Gold;1596;75;2025-03-24
6639;17494;100017494;Money Market;635;Diversified;635;50;2024-10-31
6640;17578;100017578;Active;1547;Sama;1547;25;2025-10-09
6641;17591;100017591;Sama;2584;EGX30 ETF;2584;25;2024-10-31
6642;17604;100017604;Equities;5154;EGX30 ETF;5154;50;2024-12-21
6643;17634;100017634;EGP AXA10;717;Diversified;717;25;2025-05-10
6644;17648;100017648;Diversified;4356;Money Market;4356;25;2024-06-18
6645;17696;100017696;Gold;1870;Al Safwa;1870;100;2024-12-18
6646;17712;100017712;Sama;979;USD Growth Saver;979;25;2024-07-20
6647;17713;100017713;Diversified;864;Conservative;864;100;2024-06-07
6648;17764;100017764;Gold;875;USD AXA9;875;100;2025-04-13
6649;17765;100017765;Diversified;2216;Gold;2216;25;2024-04-12
6650;17770;100017770;Dollar Saver;4690;Conservative;4690;75;2025-06-27
6651;17781;100017781;Sama;1549;EGX30 ETF;1549;50;2025-09-05
6652;17814;100017814;Conservative;2631;Active;2631;100;2024-08-09
6653;17837;100017837;Equities;763;Equities;763;50;2024-11-21
6654;17848;100017848;Active;1634;Dollar Saver;1634;50;2025-02-12
6655;17852;100017852;Equities;1741;Dollar Saver;1741;25;2024-02-12
6656;17855;100017855;Money Market;1404;Conservative;1404;25;2024-02-16
6657;17880;100017880;Sama;2378;Money Market;2378;100;2025-03-13
6658;17914;100017914;Dollar Saver;3468;Diversified;3468;50;2024-08-18
6659;17950;100017950;Secure;5526;EGP AXA10;5526;50;2025-04-01
6660;17981;100017981;Conservative;518;Gold;518;100;2024-07-13
6661;18001;100018001;Money Market;2424;Sama;2424;75;2024-02-16
6662;18032;100018032;Equities;1925;Money Market;1925;25;2024-07-15
6663;18087;100018087;Diversified;2439;Al Safwa;2439;75;2024-12-11
6664;18104;100018104;EGP AXA10;853;Dollar Saver;853;25;2025-08-04
6665;18133;100018133;Equities;828;Al Safwa;828;75;2025-06-18
6666;18144;100018144;Sama;2737;Growth;2737;50;2024-02-22
6667;18216;100018216;Money Market;3387;USD AXA9;3387;50;2024-12-25
6668;18244;100018244;Gold;1375;Equities;1375;25;2024-05-14
6669;18261;100018261;USD AXA9;2487;Diversified;2487;100;2024-06-02
6670;18368;100018368;Secure;1763;USD Growth Saver;1763;100;2024-12-02
6671;18427;100018427;Sama;1643;Conservative;1643;25;2025-09-24
6672;18496;100018496;Conservative;3340;EGX30 ETF;3340;75;2025-01-04
6673;18530;100018530;Conservative;3123;USD AXA9;3123;100;2025-06-26
6674;18543;100018543;USD Growth Saver;3243;EGX30 ETF;3243;50;2025-05-19
6675;18580;100018580;Gold;2402;USD Growth Saver;2402;25;2025-12-25
6676;18672;100018672;Gold;521;Active;521;100;2025-08-04
6677;18676;100018676;Sama;3439;Secure;3439;50;2024-02-24
6678;18938;100018938;Dollar Saver;6467;Money Market;6467;100;2024-08-02
6679;18741;100018741;Conservative;1683;Active;1683;100;2024-06-30
6680;18757;100018757;EGP AXA10;5184;EGP AXA10;5184;50;2025-03-02
6681;18799;100018799;Active;1729;Active;1729;50;2024-03-19
6682;18820;100018820;USD Growth Saver;746;Active;746;25;2024-10-13
6683;18833;100018833;EGX30 ETF;933;Diversified;933;75;2025-01-07
6684;19064;100019064;USD Growth Saver;1643;Secure;1643;25;2025-11-13
6685;18848;100018848;USD Growth Saver;1180;USD Growth Saver;1180;50;2024-02-18
6686;18895;100018895;Sama;1125;Equities;1125;100;2025-06-13
6687;18959;100018959;Conservative;1208;Diversified;1208;75;2025-03-04
6688;18974;100018974;Money Market;4276;Dollar Saver;4276;50;2025-01-08
6689;18996;100018996;EGP AXA10;2643;Equities;2643;100;2024-03-08
6690;19011;100019011;Active;2433;USD Growth Saver;2433;50;2024-08-04
6691;19031;100019031;Active;2176;Active;2176;100;2024-12-11
6692;19042;100019042;Diversified;5127;Dollar Saver;5127;25;2024-06-20
6693;19045;100019045;Secure;373;Growth;373;50;2024-07-10
6694;19091;100019091;EGX30 ETF;909;Money Market;909;50;2025-11-07
6695;19129;100019129;Gold;695;Sama;695;75;2025-07-30
6696;19179;100019179;Active;217;Active;217;25;2025-01-27
6697;19274;100019274;Dollar Saver;161;Active;161;50;2024-03-22
6698;19284;100019284;USD Growth Saver;1504;Growth;1504;25;2024-05-03
6699;19324;100019324;USD AXA9;3011;Diversified;3011;100;2024-07-30
6700;19367;100019367;Growth;2203;Conservative;2203;50;2025-02-21
6701;19388;100019388;Growth;1788;Active;1788;75;2025-02-16
6702;19394;100019394;Sama;1919;Dollar Saver;1919;100;2025-06-15
6703;19395;100019395;Conservative;1407;Secure;1407;100;2024-07-21
6704;19396;100019396;Conservative;2888;Sama;2888;75;2024-05-11
6705;19415;100019415;Growth;3508;USD Growth Saver;3508;25;2025-09-30
6706;19427;100019427;EGX30 ETF;4012;USD AXA9;4012;75;2024-10-28
6707;19435;100019435;Active;2870;Growth;2870;75;2024-10-30
6708;19450;100019450;USD AXA9;2171;Growth;2171;50;2024-04-18
6709;19488;100019488;Diversified;1094;Dollar Saver;1094;100;2024-07-11
6710;19494;100019494;Diversified;800;USD Growth Saver;800;50;2025-12-02
6711;19530;100019530;USD AXA9;3406;USD Growth Saver;3406;25;2024-08-22
6712;19576;100019576;Dollar Saver;1338;EGX30 ETF;1338;25;2025-02-19
6713;19594;100019594;Gold;480;USD AXA9;480;50;2024-02-27
6714;19622;100019622;USD Growth Saver;2285;Dollar Saver;2285;75;2024-11-05
6715;19646;100019646;Sama;1944;USD AXA9;1944;75;2024-02-20
6716;19650;100019650;Gold;506;USD Growth Saver;506;100;2025-02-03
6717;19660;100019660;Conservative;2523;Gold;2523;50;2024-10-29
6718;19704;100019704;Growth;977;Conservative;977;100;2025-05-04
6719;19773;100019773;EGP AXA10;324;Gold;324;50;2024-10-21
6720;19781;100019781;Gold;246;Equities;246;50;2024-06-13
6721;19820;100019820;USD AXA9;2563;EGX30 ETF;2563;100;2025-02-09
6722;19825;100019825;USD Growth Saver;2021;USD AXA9;2021;25;2025-09-16
6723;19882;100019882;Al Safwa;775;EGX30 ETF;775;25;2025-10-24
6724;19887;100019887;Equities;1377;Secure;1377;50;2025-02-26
6725;19914;100019914;EGP AXA10;451;Growth;451;50;2024-03-24
6726;19928;100019928;Sama;2625;Growth;2625;25;2025-03-31
6727;19991;100019991;Growth;772;USD Growth Saver;772;100;2025-05-01
6728;20039;100020039;Gold;907;Secure;907;25;2024-02-23
6729;20051;100020051;Secure;2065;Active;2065;50;2025-08-18
6730;20272;100020272;EGX30 ETF;1874;Growth;1874;50;2025-07-04
6731;20059;100020059;Conservative;476;Gold;476;100;2024-11-22
6732;20095;100020095;Secure;2910;Sama;2910;75;2025-03-12
6733;20120;100020120;Sama;694;Active;694;25;2025-03-08
6734;20147;100020147;Secure;1007;Secure;1007;50;2025-01-24
6735;20163;100020163;EGX30 ETF;3449;Money Market;3449;100;2025-03-03
6736;20170;100020170;USD Growth Saver;3372;USD AXA9;3372;75;2024-07-12
6737;20176;100020176;EGP AXA10;1667;Secure;1667;75;2024-10-23
6738;20183;100020183;USD AXA9;2322;USD AXA9;2322;100;2024-10-27
6739;20188;100020188;USD Growth Saver;5707;USD AXA9;5707;100;2025-11-21
6740;20246;100020246;EGP AXA10;2141;Conservative;2141;25;2025-10-04
6741;20210;100020210;Conservative;2608;Gold;2608;50;2024-08-05
6742;20228;100020228;Equities;3218;Conservative;3218;75;2024-11-23
6743;20233;100020233;EGP AXA10;1060;Equities;1060;50;2025-12-22
6744;20241;100020241;USD AXA9;3209;USD Growth Saver;3209;100;2025-05-01
6745;20255;100020255;Money Market;1520;Active;1520;50;2024-05-20
6746;20276;100020276;Money Market;508;USD Growth Saver;508;75;2025-05-31
6747;20293;100020293;Money Market;3101;USD Growth Saver;3101;25;2024-04-18
6748;20345;100020345;Money Market;717;Gold;717;75;2025-07-10
6749;20410;100020410;Equities;566;Conservative;566;25;2025-05-26
6750;20464;100020464;Gold;1329;USD AXA9;1329;50;2024-12-05
6751;20479;100020479;Growth;2911;EGP AXA10;2911;50;2025-08-17
6752;20629;100020629;Secure;2553;Dollar Saver;2553;75;2024-04-13
6753;20641;100020641;EGP AXA10;780;Diversified;780;75;2025-11-24
6754;20645;100020645;Al Safwa;3528;Secure;3528;75;2025-08-16
6755;20657;100020657;Secure;2865;Gold;2865;25;2024-11-09
6756;20661;100020661;Secure;6762;Money Market;6762;25;2024-06-24
6757;20670;100020670;Conservative;1361;USD AXA9;1361;50;2025-10-10
6758;20696;100020696;Gold;683;Diversified;683;50;2024-07-12
6759;20701;100020701;USD AXA9;1403;Money Market;1403;50;2025-09-23
6760;20721;100020721;Diversified;680;Dollar Saver;680;25;2025-12-03
6761;20764;100020764;EGP AXA10;2937;Al Safwa;2937;100;2025-09-22
6762;20786;100020786;USD AXA9;933;Secure;933;25;2024-07-09
6763;20858;100020858;Conservative;1024;Secure;1024;50;2024-08-06
6764;20926;100020926;Sama;5526;USD Growth Saver;5526;75;2024-09-06
6765;20941;100020941;Secure;4229;Secure;4229;75;2024-08-09
6766;20945;100020945;USD Growth Saver;1011;Money Market;1011;75;2024-03-27
6767;20947;100020947;Equities;1060;Gold;1060;75;2025-02-21
6768;20959;100020959;USD AXA9;2777;Gold;2777;100;2024-08-26
6769;20999;100020999;USD Growth Saver;1012;EGX30 ETF;1012;25;2025-02-13
6770;21001;100021001;Money Market;2589;Equities;2589;75;2024-11-04
6771;21019;100021019;Equities;773;USD Growth Saver;773;50;2025-07-25
6772;21102;100021102;Active;1167;Conservative;1167;100;2024-04-06
6773;21107;100021107;Secure;622;Money Market;622;75;2025-07-21
6774;21109;100021109;Secure;1490;EGP AXA10;1490;25;2024-10-21
6775;21127;100021127;Active;1799;EGP AXA10;1799;75;2025-11-22
6776;21138;100021138;EGP AXA10;713;Money Market;713;50;2025-04-22
6777;21184;100021184;Equities;3383;Secure;3383;50;2025-07-04
6778;21212;100021212;Gold;1002;Secure;1002;50;2024-03-20
6779;21250;100021250;Active;1125;Diversified;1125;75;2025-03-18
6780;21272;100021272;Growth;733;EGP AXA10;733;100;2024-09-18
6781;21306;100021306;USD Growth Saver;542;USD Growth Saver;542;25;2024-03-11
6782;21330;100021330;EGX30 ETF;2818;Diversified;2818;25;2024-06-27
6783;21331;100021331;Diversified;3410;USD AXA9;3410;25;2025-10-01
6784;21348;100021348;Secure;910;EGX30 ETF;910;100;2024-03-02
6785;21355;100021355;USD AXA9;1824;Conservative;1824;50;2024-11-06
6786;21361;100021361;Sama;1139;EGX30 ETF;1139;100;2024-03-22
6787;21378;100021378;Growth;1552;Dollar Saver;1552;25;2024-03-13
6788;21481;100021481;Conservative;3212;Conservative;3212;50;2024-02-27
6789;21524;100021524;Diversified;1113;Money Market;1113;75;2025-05-06
6790;21581;100021581;EGP AXA10;3247;Al Safwa;3247;50;2025-12-18
6791;21585;100021585;Sama;2147;Equities;2147;25;2025-05-02
6792;21602;100021602;Equities;2759;Money Market;2759;75;2024-12-22
6793;21612;100021612;USD Growth Saver;1474;EGX30 ETF;1474;75;2024-09-27
6794;21635;100021635;EGX30 ETF;597;Money Market;597;100;2024-09-13
6795;21653;100021653;Equities;944;Gold;944;50;2024-02-19
6796;21692;100021692;USD AXA9;951;Growth;951;75;2024-03-13
6797;21699;100021699;Equities;1810;USD AXA9;1810;100;2025-10-02
6798;21703;100021703;USD Growth Saver;2067;Conservative;2067;75;2025-09-15
6799;21718;100021718;EGX30 ETF;1122;Al Safwa;1122;75;2025-11-19
6800;21722;100021722;Conservative;696;Secure;696;50;2024-05-09
6801;21764;100021764;EGP AXA10;2778;Growth;2778;50;2024-05-16
6802;21851;100021851;Secure;2696;Conservative;2696;100;2024-03-31
6803;21916;100021916;Conservative;713;Dollar Saver;713;100;2025-10-04
6804;21932;100021932;Secure;5840;Dollar Saver;5840;25;2024-02-21
6805;21956;100021956;Money Market;2991;Growth;2991;50;2024-02-07
6806;21963;100021963;Equities;2047;Secure;2047;100;2025-12-10
6807;21983;100021983;Growth;3904;Conservative;3904;50;2025-02-08
6808;21984;100021984;Secure;2977;EGX30 ETF;2977;75;2025-04-04
6809;22029;100022029;Dollar Saver;342;Sama;342;50;2024-05-04
6810;22100;100022100;Equities;722;USD Growth Saver;722;100;2024-04-21
6811;22111;100022111;Active;3121;EGP AXA10;3121;50;2024-12-30
6812;22115;100022115;Secure;406;Dollar Saver;406;75;2024-09-05
6813;22162;100022162;EGP AXA10;1939;EGP AXA10;1939;75;2025-11-29
6814;22217;100022217;Al Safwa;238;EGP AXA10;238;50;2025-10-06
6815;22407;100022407;Gold;326;Growth;326;100;2024-11-25
6816;22240;100022240;Dollar Saver;5406;USD Growth Saver;5406;25;2024-02-12
6817;22355;100022355;Diversified;1535;Equities;1535;25;2025-12-14
6818;22374;100022374;Money Market;2296;Al Safwa;2296;25;2025-04-30
6819;22383;100022383;EGX30 ETF;2354;USD AXA9;2354;75;2025-02-26
6820;22440;100022440;Diversified;3103;Sama;3103;100;2025-10-13
6821;22464;100022464;Active;2941;Sama;2941;75;2024-08-31
6822;22475;100022475;Gold;914;Gold;914;100;2025-08-28
6823;22507;100022507;Equities;2150;USD AXA9;2150;75;2025-08-03
6824;22539;100022539;Al Safwa;1980;EGX30 ETF;1980;50;2025-09-12
6825;22595;100022595;Growth;3945;Gold;3945;50;2024-05-10
6826;22605;100022605;Gold;5215;EGP AXA10;5215;100;2025-11-08
6827;22611;100022611;Secure;3473;Sama;3473;25;2024-07-29
6828;22617;100022617;Money Market;661;Diversified;661;75;2024-11-04
6829;22673;100022673;EGX30 ETF;1762;EGX30 ETF;1762;75;2025-06-27
6830;22681;100022681;USD Growth Saver;601;USD Growth Saver;601;75;2024-10-04
6831;22704;100022704;EGP AXA10;534;Equities;534;25;2024-07-11
6832;22714;100022714;Growth;3585;Growth;3585;75;2024-11-09
6833;22715;100022715;Gold;3468;USD Growth Saver;3468;100;2024-05-14
6834;22719;100022719;Al Safwa;3984;EGP AXA10;3984;50;2025-12-10
6835;22723;100022723;Sama;2052;Money Market;2052;50;2024-07-03
6836;22727;100022727;Al Safwa;2231;Diversified;2231;25;2025-04-13
6837;22777;100022777;Dollar Saver;2082;Money Market;2082;100;2024-09-25
6838;22889;100022889;Al Safwa;1342;Conservative;1342;100;2024-05-10
6839;22894;100022894;Active;2493;USD AXA9;2493;50;2025-04-10
6840;24184;100024184;Secure;2136;Gold;2136;100;2025-09-28
6841;22909;100022909;Growth;1373;Gold;1373;75;2025-04-21
6842;22912;100022912;Secure;2299;Diversified;2299;50;2024-02-12
6843;22920;100022920;Equities;995;Secure;995;50;2025-03-13
6844;22946;100022946;EGP AXA10;701;USD Growth Saver;701;50;2024-11-26
6845;22964;100022964;USD AXA9;985;Sama;985;100;2024-06-11
6846;22970;100022970;EGX30 ETF;2420;Sama;2420;75;2025-07-11
6847;22978;100022978;Sama;4678;Al Safwa;4678;100;2025-12-22
6848;22983;100022983;USD Growth Saver;2584;Secure;2584;100;2024-08-30
6849;23036;100023036;USD AXA9;3670;EGX30 ETF;3670;100;2025-08-09
6850;23081;100023081;EGX30 ETF;3072;Dollar Saver;3072;50;2024-02-08
6851;23160;100023160;Active;1255;Growth;1255;50;2025-01-28
6852;23175;100023175;EGP AXA10;1252;Dollar Saver;1252;75;2024-04-12
6853;23179;100023179;USD Growth Saver;394;Sama;394;100;2025-12-08
6854;23187;100023187;EGP AXA10;1173;Dollar Saver;1173;50;2025-07-02
6855;23192;100023192;USD Growth Saver;3819;EGP AXA10;3819;100;2025-07-16
6856;23207;100023207;Dollar Saver;2669;Active;2669;75;2025-09-03
6857;23211;100023211;Gold;1544;Sama;1544;25;2024-05-21
6858;23264;100023264;Growth;3581;Equities;3581;25;2025-12-24
6859;23273;100023273;EGX30 ETF;1625;EGP AXA10;1625;100;2025-06-15
6860;23280;100023280;USD AXA9;286;Active;286;50;2025-09-29
6861;23294;100023294;Sama;2153;Active;2153;100;2025-09-11
6862;23317;100023317;Dollar Saver;1261;USD Growth Saver;1261;75;2025-05-01
6863;23339;100023339;Dollar Saver;1124;Growth;1124;50;2024-03-11
6864;24460;100024460;Dollar Saver;2629;EGX30 ETF;2629;100;2024-02-03
6865;23363;100023363;USD AXA9;3668;Equities;3668;50;2025-08-22
6866;23392;100023392;Dollar Saver;6044;EGX30 ETF;6044;50;2025-07-14
6867;23395;100023395;USD AXA9;3507;Diversified;3507;100;2024-07-03
6868;23400;100023400;Money Market;4861;Growth;4861;25;2025-08-08
6869;23448;100023448;Sama;524;Dollar Saver;524;75;2025-11-12
6870;23488;100023488;EGP AXA10;3741;USD Growth Saver;3741;25;2024-06-11
6871;23521;100023521;Equities;3815;EGP AXA10;3815;75;2024-07-23
6872;23527;100023527;Gold;1970;Gold;1970;75;2024-11-22
6873;23530;100023530;Growth;597;Diversified;597;75;2024-11-23
6874;23536;100023536;Al Safwa;2125;Active;2125;25;2024-06-27
6875;23538;100023538;Al Safwa;595;USD Growth Saver;595;25;2024-10-08
6876;23556;100023556;Conservative;387;Dollar Saver;387;75;2025-01-22
6877;23651;100023651;USD Growth Saver;813;Equities;813;75;2025-10-22
6878;23653;100023653;Equities;1388;Equities;1388;75;2025-08-08
6879;23654;100023654;Sama;2358;EGX30 ETF;2358;75;2025-12-17
6880;23757;100023757;Money Market;768;EGP AXA10;768;25;2025-05-29
6881;23784;100023784;Diversified;574;Conservative;574;100;2024-07-13
6882;23816;100023816;Gold;2720;EGP AXA10;2720;100;2025-09-30
6883;23846;100023846;EGX30 ETF;1953;Equities;1953;75;2024-07-12
6884;23851;100023851;Sama;2763;Active;2763;75;2025-04-23
6885;23858;100023858;Money Market;1812;Gold;1812;50;2024-12-18
6886;23887;100023887;Conservative;1835;EGX30 ETF;1835;100;2024-08-31
6887;24060;100024060;Equities;4020;Money Market;4020;100;2025-10-11
6888;24062;100024062;Conservative;798;Active;798;50;2024-07-17
6889;24079;100024079;Conservative;982;Gold;982;75;2025-06-26
6890;24174;100024174;Secure;797;Equities;797;25;2025-10-08
6891;24182;100024182;Money Market;1433;Gold;1433;50;2025-01-23
6892;24261;100024261;Equities;1060;Secure;1060;75;2024-05-24
6893;24276;100024276;Equities;1456;Al Safwa;1456;100;2025-09-23
6894;24282;100024282;Active;912;Active;912;50;2025-12-17
6895;24300;100024300;Secure;1472;Gold;1472;100;2025-07-16
6896;24334;100024334;USD AXA9;731;Secure;731;100;2024-10-14
6897;24352;100024352;Sama;2550;USD Growth Saver;2550;75;2025-02-04
6898;24363;100024363;Diversified;1129;Sama;1129;100;2024-11-23
6899;24381;100024381;Sama;908;Growth;908;75;2024-07-12
6900;24425;100024425;Money Market;4417;Dollar Saver;4417;50;2025-03-10
6901;24445;100024445;Dollar Saver;2639;Active;2639;25;2024-04-06
6902;24468;100024468;Active;1261;Equities;1261;25;2025-09-08
6903;24514;100024514;Growth;3161;Dollar Saver;3161;25;2024-12-13
6904;24615;100024615;Conservative;3845;Active;3845;75;2025-03-02
6905;24668;100024668;Gold;2379;Dollar Saver;2379;25;2024-07-30
6906;24674;100024674;EGP AXA10;469;Dollar Saver;469;25;2025-11-08
6907;24692;100024692;Conservative;2563;USD Growth Saver;2563;25;2025-06-09
6908;24709;100024709;Sama;137;Equities;137;100;2025-04-17
6909;24782;100024782;Secure;1862;EGX30 ETF;1862;25;2025-10-14
6910;24789;100024789;Al Safwa;1788;Diversified;1788;75;2024-11-08
6911;24801;100024801;Active;2032;Conservative;2032;75;2025-01-11
6912;24905;100024905;EGP AXA10;704;USD Growth Saver;704;50;2024-11-03
6913;24934;100024934;Equities;662;Al Safwa;662;75;2024-05-29
6914;24945;100024945;Secure;929;EGP AXA10;929;100;2025-03-15
6915;24950;100024950;EGX30 ETF;423;Sama;423;75;2025-06-19
6916;24970;100024970;Equities;6609;USD Growth Saver;6609;100;2024-02-05
6917;25008;100025008;Secure;821;USD Growth Saver;821;25;2025-07-13
6918;25018;100025018;Gold;1503;EGX30 ETF;1503;75;2025-10-11
6919;25022;100025022;Gold;822;Secure;822;100;2025-09-03
6920;25079;100025079;Gold;1614;Secure;1614;75;2024-06-24
6921;25115;100025115;EGP AXA10;5290;Al Safwa;5290;50;2024-03-09
6922;25116;100025116;EGP AXA10;138;Sama;138;25;2025-12-24
6923;25134;100025134;Secure;734;EGP AXA10;734;50;2025-06-07
6924;26866;100026866;Al Safwa;2329;Dollar Saver;2329;25;2025-05-03
6925;25141;100025141;Al Safwa;2707;Gold;2707;50;2025-09-20
6926;25147;100025147;Dollar Saver;2464;Conservative;2464;25;2024-09-18
6927;25150;100025150;USD AXA9;417;Secure;417;75;2025-05-03
6928;25162;100025162;EGX30 ETF;1075;Money Market;1075;25;2024-04-21
6929;25170;100025170;EGX30 ETF;2386;Dollar Saver;2386;50;2025-11-20
6930;25274;100025274;Gold;2485;Al Safwa;2485;25;2024-11-05
6931;25276;100025276;Sama;4451;Al Safwa;4451;25;2025-07-18
6932;25303;100025303;EGP AXA10;1897;EGP AXA10;1897;75;2025-12-09
6933;25306;100025306;Equities;2426;Growth;2426;50;2025-04-27
6934;25310;100025310;Equities;2650;Growth;2650;25;2025-03-23
6935;25350;100025350;Sama;541;Active;541;75;2024-12-07
6936;25385;100025385;USD AXA9;3353;Equities;3353;75;2025-09-11
6937;25405;100025405;Gold;3984;Conservative;3984;50;2025-03-23
6938;25410;100025410;Dollar Saver;976;Dollar Saver;976;25;2024-04-22
6939;25417;100025417;Money Market;2831;USD Growth Saver;2831;50;2024-08-22
6940;25429;100025429;USD Growth Saver;2935;EGP AXA10;2935;25;2025-06-07
6941;25452;100025452;EGX30 ETF;275;Growth;275;75;2025-03-12
6942;25461;100025461;Al Safwa;1834;EGP AXA10;1834;100;2025-02-24
6943;25467;100025467;Active;4411;Equities;4411;25;2024-02-26
6944;25481;100025481;Active;922;Sama;922;50;2024-02-16
6945;25486;100025486;Growth;4114;Conservative;4114;75;2025-11-17
6946;25526;100025526;USD Growth Saver;462;Secure;462;25;2024-12-15
6947;25539;100025539;Diversified;865;EGX30 ETF;865;75;2024-07-20
6948;25546;100025546;EGP AXA10;1351;USD Growth Saver;1351;25;2024-08-08
6949;25550;100025550;Conservative;1402;Secure;1402;75;2025-04-16
6950;25572;100025572;Money Market;1466;Sama;1466;100;2024-10-15
6951;25593;100025593;Diversified;2980;Equities;2980;50;2025-10-28
6952;25652;100025652;Equities;2277;EGX30 ETF;2277;25;2025-10-22
6953;25667;100025667;Growth;5526;Secure;5526;50;2025-12-28
6954;25740;100025740;Secure;3382;Gold;3382;50;2024-11-28
6955;25762;100025762;Conservative;1418;Gold;1418;50;2024-06-11
6956;25771;100025771;Al Safwa;493;USD Growth Saver;493;75;2025-09-08
6957;25809;100025809;USD Growth Saver;814;Money Market;814;100;2024-10-27
6958;25823;100025823;Active;665;Growth;665;25;2024-04-22
6959;25940;100025940;Diversified;829;Gold;829;50;2025-03-04
6960;25979;100025979;Dollar Saver;260;Active;260;50;2024-12-19
6961;25945;100025945;Money Market;1492;Equities;1492;75;2025-01-04
6962;25971;100025971;Dollar Saver;2355;Equities;2355;100;2025-02-24
6963;25975;100025975;USD AXA9;2636;Diversified;2636;50;2024-12-18
6964;25990;100025990;Conservative;2101;Active;2101;25;2024-05-29
6965;26025;100026025;Dollar Saver;2041;Gold;2041;100;2025-02-14
6966;26032;100026032;Gold;1711;Sama;1711;25;2024-11-23
6967;26057;100026057;Money Market;2264;Active;2264;100;2025-01-30
6968;26140;100026140;Money Market;804;Active;804;75;2024-06-26
6969;26147;100026147;Dollar Saver;6910;USD Growth Saver;6910;100;2024-08-12
6970;26153;100026153;EGX30 ETF;1136;USD AXA9;1136;100;2024-10-01
6971;26159;100026159;USD AXA9;1764;EGP AXA10;1764;100;2025-10-20
6972;26193;100026193;USD Growth Saver;286;USD Growth Saver;286;100;2024-05-20
6973;26228;100026228;USD AXA9;810;Gold;810;75;2024-12-12
6974;26246;100026246;Growth;1020;EGX30 ETF;1020;75;2025-03-19
6975;26277;100026277;Active;1856;EGX30 ETF;1856;50;2024-02-11
6976;26402;100026402;USD AXA9;4605;Money Market;4605;75;2024-06-02
6977;26414;100026414;Growth;1230;Gold;1230;75;2024-05-28
6978;26431;100026431;Conservative;822;Equities;822;25;2024-05-31
6979;26545;100026545;USD Growth Saver;1384;USD Growth Saver;1384;75;2025-04-09
6980;26564;100026564;EGP AXA10;886;Sama;886;25;2024-04-08
6981;26593;100026593;Secure;920;EGP AXA10;920;100;2024-11-13
6982;26635;100026635;Active;1827;EGX30 ETF;1827;50;2025-05-15
6983;26667;100026667;Al Safwa;1874;USD Growth Saver;1874;100;2025-05-21
6984;26746;100026746;USD Growth Saver;4627;Gold;4627;100;2025-03-11
6985;26764;100026764;EGP AXA10;883;Equities;883;25;2024-06-25
6986;26768;100026768;Gold;515;Equities;515;25;2025-05-01
6987;26780;100026780;EGX30 ETF;2518;EGX30 ETF;2518;50;2025-11-24
6988;26832;100026832;Equities;3815;Money Market;3815;75;2025-04-24
6989;26840;100026840;Sama;691;Equities;691;25;2025-08-30
6990;26874;100026874;EGX30 ETF;2222;EGX30 ETF;2222;25;2025-03-31
6991;26924;100026924;Diversified;851;USD AXA9;851;25;2025-05-18
6992;27031;100027031;Al Safwa;2806;EGX30 ETF;2806;100;2025-03-17
6993;27084;100027084;Active;249;Gold;249;75;2024-08-21
6994;27092;100027092;EGX30 ETF;1285;Conservative;1285;25;2025-01-05
6995;27100;100027100;EGX30 ETF;6817;Sama;6817;100;2024-08-07
6996;27136;100027136;USD Growth Saver;1450;Diversified;1450;75;2024-09-19
6997;27182;100027182;Dollar Saver;3031;Money Market;3031;100;2024-02-11
6998;27257;100027257;Conservative;3568;Al Safwa;3568;100;2025-04-12
6999;27296;100027296;EGP AXA10;1241;EGP AXA10;1241;25;2025-05-25
7000;27322;100027322;USD Growth Saver;3507;USD Growth Saver;3507;25;2024-04-01
7001;27389;100027389;Secure;4835;Growth;4835;75;2024-04-17
7002;27404;100027404;Growth;2285;Growth;2285;75;2024-05-24
7003;27408;100027408;USD AXA9;3708;Active;3708;50;2025-11-24
7004;27424;100027424;Sama;1441;Sama;1441;25;2025-03-18
7005;27445;100027445;Growth;1956;USD AXA9;1956;25;2025-10-13
7006;27479;100027479;Active;768;USD AXA9;768;25;2024-02-11
7007;27480;100027480;Money Market;3232;EGX30 ETF;3232;25;2024-07-03
7008;27498;100027498;Equities;1640;USD Growth Saver;1640;25;2025-12-17
7009;27507;100027507;Dollar Saver;2700;Al Safwa;2700;25;2024-08-31
7010;27534;100027534;Dollar Saver;669;Al Safwa;669;75;2024-11-15
7011;27550;100027550;Sama;507;EGP AXA10;507;100;2025-04-29
7012;27567;100027567;Sama;1301;USD Growth Saver;1301;100;2024-05-31
7013;27603;100027603;Al Safwa;1110;Diversified;1110;100;2025-06-21
7014;27636;100027636;Diversified;3862;USD AXA9;3862;75;2024-04-06
7015;27638;100027638;Conservative;1090;USD AXA9;1090;100;2024-06-23
7016;27691;100027691;Diversified;2155;Secure;2155;75;2025-10-08
7017;27771;100027771;Conservative;3383;Dollar Saver;3383;50;2024-10-14
7018;27803;100027803;Money Market;512;Diversified;512;50;2025-11-01
7019;27816;100027816;Sama;2414;Gold;2414;100;2024-05-13
7020;27824;100027824;Al Safwa;502;Diversified;502;50;2025-08-24
7021;27838;100027838;Equities;1261;EGX30 ETF;1261;50;2025-07-09
7022;27912;100027912;Sama;1847;Diversified;1847;100;2024-02-12
7023;27930;100027930;Secure;4910;EGP AXA10;4910;100;2025-01-29
7024;27978;100027978;Active;1357;Secure;1357;75;2025-05-15
7025;28868;100028868;EGX30 ETF;3414;Al Safwa;3414;25;2024-07-12
7026;28065;100028065;Growth;734;Equities;734;100;2024-04-24
7027;28110;100028110;EGX30 ETF;4617;Al Safwa;4617;25;2025-11-23
7028;28111;100028111;Conservative;1033;EGX30 ETF;1033;75;2025-06-06
7029;28145;100028145;EGX30 ETF;1406;Active;1406;75;2025-04-02
7030;28170;100028170;Sama;1358;USD Growth Saver;1358;75;2025-01-28
7031;28187;100028187;Equities;2996;Active;2996;50;2025-03-15
7032;28194;100028194;Conservative;2368;Money Market;2368;25;2024-03-06
7033;28202;100028202;Money Market;1669;Gold;1669;100;2024-02-15
7034;28234;100028234;Conservative;2434;Dollar Saver;2434;100;2024-12-22
7035;28258;100028258;Diversified;1023;Conservative;1023;100;2025-10-12
7036;28271;100028271;USD Growth Saver;3262;Gold;3262;75;2024-08-02
7037;28300;100028300;Conservative;2442;Al Safwa;2442;25;2024-09-23
7038;28336;100028336;Dollar Saver;2445;Growth;2445;75;2024-09-30
7039;28377;100028377;EGP AXA10;1958;USD AXA9;1958;50;2024-08-31
7040;28393;100028393;EGP AXA10;1059;Conservative;1059;100;2025-03-31
7041;28424;100028424;Money Market;835;EGP AXA10;835;50;2024-04-26
7042;28453;100028453;Al Safwa;3056;Gold;3056;100;2025-08-06
7043;28466;100028466;Growth;352;Secure;352;100;2024-08-15
7044;28491;100028491;Al Safwa;1937;EGP AXA10;1937;50;2024-04-24
7045;28515;100028515;Secure;1577;Diversified;1577;25;2025-10-08
7046;28520;100028520;EGX30 ETF;1057;USD AXA9;1057;50;2024-07-16
7047;28616;100028616;Conservative;3523;Conservative;3523;100;2025-06-12
7048;28644;100028644;Sama;1571;Money Market;1571;75;2025-02-26
7049;28650;100028650;EGP AXA10;1134;EGP AXA10;1134;25;2024-12-14
7050;28655;100028655;Active;1591;USD AXA9;1591;75;2025-05-03
7051;28670;100028670;Dollar Saver;4137;Active;4137;25;2024-09-17
7052;28719;100028719;EGP AXA10;2663;USD AXA9;2663;50;2025-04-16
7053;28737;100028737;Equities;3612;Secure;3612;50;2025-01-28
7054;28739;100028739;USD Growth Saver;607;Growth;607;50;2025-08-15
7055;28746;100028746;Diversified;688;Al Safwa;688;50;2025-12-20
7056;28762;100028762;USD Growth Saver;2925;Gold;2925;100;2025-03-05
7057;28775;100028775;Conservative;2385;Dollar Saver;2385;50;2024-09-07
7058;28776;100028776;EGP AXA10;2706;Conservative;2706;75;2025-12-02
7059;28777;100028777;Sama;1212;Dollar Saver;1212;75;2024-12-27
7060;28782;100028782;Secure;5973;Active;5973;75;2025-08-19
7061;28786;100028786;Money Market;1822;Al Safwa;1822;100;2024-06-22
7062;28870;100028870;USD AXA9;2559;Diversified;2559;25;2024-05-04
7063;28915;100028915;Active;643;EGX30 ETF;643;50;2025-04-10
7064;28958;100028958;Growth;642;Conservative;642;50;2025-10-15
7065;28981;100028981;Secure;2517;EGP AXA10;2517;25;2024-02-02
7066;29025;100029025;USD Growth Saver;591;Growth;591;75;2024-09-21
7067;29035;100029035;Dollar Saver;3008;Growth;3008;25;2025-05-24
7068;29040;100029040;Dollar Saver;463;USD AXA9;463;75;2025-07-13
7069;29044;100029044;USD AXA9;161;Secure;161;75;2025-07-27
7070;29052;100029052;Equities;982;Money Market;982;25;2024-03-04
7071;29060;100029060;Conservative;2971;Dollar Saver;2971;75;2024-07-13
7072;29073;100029073;Dollar Saver;673;EGP AXA10;673;75;2025-02-09
7073;29076;100029076;Gold;671;Dollar Saver;671;25;2024-09-02
7074;29085;100029085;EGX30 ETF;3076;Money Market;3076;50;2025-04-12
7075;29112;100029112;Secure;927;Secure;927;50;2024-11-19
7076;29149;100029149;Dollar Saver;2697;EGP AXA10;2697;25;2025-08-11
7077;29152;100029152;EGP AXA10;1527;Conservative;1527;100;2024-02-26
7078;29176;100029176;Dollar Saver;1962;EGX30 ETF;1962;50;2024-07-28
7079;29193;100029193;Equities;7801;Sama;7801;50;2025-08-04
7080;29232;100029232;Dollar Saver;216;Secure;216;25;2025-06-26
7081;29255;100029255;Conservative;1263;EGP AXA10;1263;25;2025-08-18
7082;29384;100029384;Diversified;1957;Secure;1957;50;2025-06-14
7083;29426;100029426;Sama;4644;Equities;4644;25;2025-02-16
7084;29435;100029435;Sama;1301;Diversified;1301;25;2024-04-29
7085;29439;100029439;Gold;960;Gold;960;75;2024-10-15
7086;29462;100029462;Equities;1340;USD AXA9;1340;25;2024-06-13
7087;29478;100029478;USD Growth Saver;1518;Secure;1518;100;2025-12-11
7088;29488;100029488;Money Market;5682;USD AXA9;5682;50;2024-08-21
7089;29503;100029503;Dollar Saver;4977;Al Safwa;4977;50;2024-08-01
7090;29506;100029506;Secure;1949;Al Safwa;1949;25;2025-05-30
7091;29512;100029512;Equities;3662;Al Safwa;3662;100;2025-05-13
7092;29545;100029545;Equities;2918;Growth;2918;75;2024-04-05
7093;29554;100029554;Al Safwa;3366;Conservative;3366;100;2025-11-20
7094;29555;100029555;Dollar Saver;1512;Growth;1512;25;2025-04-17
7095;29586;100029586;Equities;1049;Equities;1049;100;2024-12-07
7096;29620;100029620;Active;2435;USD AXA9;2435;75;2024-04-07
7097;29637;100029637;Sama;1434;Dollar Saver;1434;25;2024-08-08
7098;29654;100029654;Secure;3009;Sama;3009;25;2024-03-09
7099;29663;100029663;Growth;1424;USD AXA9;1424;25;2025-03-24
7100;29688;100029688;Gold;728;Active;728;75;2025-06-25
7101;29724;100029724;Diversified;354;EGP AXA10;354;75;2024-08-16
7102;29732;100029732;Sama;1295;Al Safwa;1295;25;2024-04-05
7103;29756;100029756;USD Growth Saver;1698;Diversified;1698;25;2024-08-16
7104;29766;100029766;EGX30 ETF;5673;Money Market;5673;50;2025-07-30
7105;29787;100029787;Equities;2368;USD Growth Saver;2368;50;2025-06-01
7106;29863;100029863;USD AXA9;220;Gold;220;50;2025-09-22
7107;29897;100029897;Gold;1639;Growth;1639;100;2025-02-03
7108;29905;100029905;Sama;2565;Gold;2565;50;2024-09-25
7109;29915;100029915;Growth;440;Conservative;440;50;2024-09-22
7110;29962;100029962;USD Growth Saver;3158;EGX30 ETF;3158;25;2025-09-06
7111;29979;100029979;USD Growth Saver;925;EGP AXA10;925;100;2024-03-02
7112;29987;100029987;Diversified;955;Al Safwa;955;100;2025-09-04
7113;30009;100030009;EGP AXA10;1377;EGX30 ETF;1377;25;2025-04-23
7114;30056;100030056;Secure;1501;Conservative;1501;75;2024-07-10
7115;30059;100030059;Dollar Saver;2847;Active;2847;75;2024-10-05
7116;30101;100030101;Sama;1059;USD Growth Saver;1059;75;2025-08-21
7117;30127;100030127;Gold;1424;Gold;1424;75;2025-06-18
7118;30140;100030140;Secure;1502;USD AXA9;1502;25;2024-06-03
7119;30179;100030179;Active;920;Gold;920;100;2024-12-25
7120;30186;100030186;Diversified;1404;USD AXA9;1404;75;2025-09-12
7121;30199;100030199;USD AXA9;2687;Secure;2687;25;2025-04-20
7122;30301;100030301;Equities;1251;USD Growth Saver;1251;25;2024-05-24
7123;30273;100030273;Gold;1458;EGP AXA10;1458;100;2025-08-25
7124;30287;100030287;Secure;3468;USD Growth Saver;3468;25;2025-04-14
7125;30342;100030342;Conservative;189;Gold;189;25;2024-08-26
7126;30359;100030359;USD AXA9;1408;Secure;1408;25;2024-07-15
7127;30362;100030362;Secure;3722;Gold;3722;100;2024-10-05
7128;30391;100030391;Secure;1565;Active;1565;75;2025-09-07
7129;30392;100030392;EGX30 ETF;6378;Money Market;6378;25;2025-05-26
7130;30422;100030422;Diversified;1123;USD AXA9;1123;50;2025-09-16
7131;30425;100030425;Active;3007;EGP AXA10;3007;100;2024-08-19
7132;30428;100030428;Equities;1925;USD Growth Saver;1925;75;2025-01-08
7133;30479;100030479;Gold;161;USD AXA9;161;75;2025-10-14
7134;30483;100030483;Gold;1115;EGP AXA10;1115;25;2025-05-31
7135;30492;100030492;Equities;1707;Equities;1707;75;2024-09-07
7136;30536;100030536;Al Safwa;930;Secure;930;50;2024-02-26
7137;30542;100030542;Sama;4287;Money Market;4287;25;2025-12-07
7138;30608;100030608;Diversified;3340;USD AXA9;3340;50;2024-07-02
7139;30610;100030610;Sama;483;USD Growth Saver;483;50;2024-04-18
7140;30615;100030615;Secure;1624;Gold;1624;50;2025-06-15
7141;30642;100030642;Equities;2856;Gold;2856;75;2024-04-14
7142;30721;100030721;USD AXA9;2660;Sama;2660;75;2025-02-06
7143;30726;100030726;Active;797;USD AXA9;797;50;2024-11-16
7144;30778;100030778;Active;1923;Al Safwa;1923;50;2024-02-29
7145;30846;100030846;EGX30 ETF;5080;EGX30 ETF;5080;75;2025-12-16
7146;30856;100030856;USD Growth Saver;1465;Conservative;1465;100;2024-07-28
7147;30862;100030862;Active;182;Al Safwa;182;100;2025-12-23
7148;30895;100030895;USD AXA9;407;Al Safwa;407;75;2024-12-12
7149;30915;100030915;Dollar Saver;1158;USD Growth Saver;1158;50;2025-12-17
7150;30926;100030926;Diversified;122;Diversified;122;50;2024-12-09
7151;30944;100030944;Active;1881;Al Safwa;1881;75;2025-11-13
7152;30960;100030960;Active;1618;Equities;1618;75;2025-02-17
7153;30982;100030982;EGX30 ETF;4710;Conservative;4710;25;2024-03-08
7154;32980;100032980;Conservative;368;Conservative;368;25;2025-11-19
7155;31029;100031029;Sama;3432;Al Safwa;3432;25;2025-09-26
7156;31091;100031091;Growth;1744;USD Growth Saver;1744;75;2025-05-23
7157;31103;100031103;USD Growth Saver;3003;Secure;3003;50;2025-05-02
7158;31116;100031116;Sama;4372;Money Market;4372;25;2025-05-13
7159;31129;100031129;Diversified;1624;Equities;1624;50;2024-04-18
7160;31168;100031168;Sama;1820;EGX30 ETF;1820;75;2025-02-11
7161;31229;100031229;USD Growth Saver;960;Dollar Saver;960;25;2025-04-14
7162;31239;100031239;Sama;2600;Sama;2600;75;2024-08-30
7163;31243;100031243;Money Market;1678;Equities;1678;75;2024-04-15
7164;31253;100031253;Money Market;2065;EGP AXA10;2065;100;2024-07-10
7165;31256;100031256;Equities;1878;Equities;1878;25;2025-06-22
7166;33494;100033494;Conservative;3153;Diversified;3153;50;2025-01-29
7167;31270;100031270;Growth;3682;Equities;3682;25;2025-06-20
7168;31298;100031298;Active;5577;EGX30 ETF;5577;50;2025-11-24
7169;31329;100031329;Gold;2478;EGX30 ETF;2478;50;2024-05-02
7170;33071;100033071;Gold;2160;Growth;2160;100;2025-01-18
7171;31423;100031423;Equities;441;USD Growth Saver;441;75;2025-07-14
7172;31432;100031432;Money Market;1746;USD Growth Saver;1746;75;2024-11-27
7173;31441;100031441;Active;2806;EGP AXA10;2806;100;2025-08-12
7174;31443;100031443;Dollar Saver;3604;Growth;3604;25;2024-08-01
7175;31455;100031455;USD AXA9;1136;EGP AXA10;1136;25;2025-10-26
7176;31543;100031543;EGX30 ETF;693;Equities;693;100;2024-11-07
7177;31600;100031600;USD AXA9;3676;USD Growth Saver;3676;100;2025-01-31
7178;31616;100031616;Money Market;1349;EGP AXA10;1349;50;2024-11-26
7179;31690;100031690;Diversified;3540;USD Growth Saver;3540;25;2025-02-20
7180;31719;100031719;Equities;2499;USD AXA9;2499;75;2024-03-21
7181;31740;100031740;USD Growth Saver;3184;Money Market;3184;75;2025-11-28
7182;31770;100031770;Dollar Saver;2698;Dollar Saver;2698;100;2025-07-14
7183;31818;100031818;Money Market;3407;Dollar Saver;3407;25;2025-04-23
7184;31822;100031822;Growth;3463;Al Safwa;3463;25;2024-03-08
7185;31830;100031830;Gold;1874;Al Safwa;1874;75;2025-06-16
7186;31854;100031854;Equities;3655;Sama;3655;25;2024-09-25
7187;31859;100031859;USD AXA9;1134;Sama;1134;25;2024-08-09
7188;31862;100031862;Conservative;3389;Al Safwa;3389;50;2024-09-26
7189;31878;100031878;Active;5495;Diversified;5495;100;2025-11-02
7190;31933;100031933;Money Market;1341;EGX30 ETF;1341;25;2024-02-12
7191;31989;100031989;Dollar Saver;1174;Gold;1174;25;2024-07-14
7192;32023;100032023;Conservative;3247;USD AXA9;3247;75;2025-06-30
7193;32034;100032034;Secure;1491;USD AXA9;1491;100;2024-09-22
7194;32037;100032037;EGX30 ETF;1942;Conservative;1942;100;2024-10-03
7195;32074;100032074;Gold;1443;Dollar Saver;1443;50;2025-09-27
7196;32098;100032098;Active;746;Equities;746;100;2024-09-01
7197;32106;100032106;EGP AXA10;1285;Gold;1285;100;2025-06-25
7198;32126;100032126;Al Safwa;370;Sama;370;50;2024-11-18
7199;32208;100032208;Secure;1089;Equities;1089;75;2024-10-15
7200;32211;100032211;Active;1791;Growth;1791;25;2024-08-11
7201;32247;100032247;EGX30 ETF;2442;Conservative;2442;75;2024-11-18
7202;32262;100032262;Dollar Saver;1140;Money Market;1140;75;2024-05-02
7203;32279;100032279;EGP AXA10;509;Conservative;509;100;2024-09-10
7204;32288;100032288;Gold;915;Conservative;915;75;2024-03-06
7205;32312;100032312;Sama;430;Sama;430;100;2025-07-15
7206;32319;100032319;Conservative;1101;USD Growth Saver;1101;100;2024-11-01
7207;32329;100032329;Sama;2164;Growth;2164;75;2025-10-25
7208;32365;100032365;Growth;5120;Active;5120;75;2025-03-31
7209;32373;100032373;EGP AXA10;3258;EGX30 ETF;3258;75;2025-01-10
7210;32420;100032420;Secure;638;Sama;638;75;2024-08-27
7211;32425;100032425;Secure;1533;Al Safwa;1533;100;2025-03-15
7212;32455;100032455;Gold;2746;Money Market;2746;25;2024-04-22
7213;32456;100032456;Money Market;2408;Sama;2408;25;2025-03-12
7214;32460;100032460;Al Safwa;1937;Diversified;1937;75;2024-06-28
7215;32469;100032469;USD AXA9;1663;Money Market;1663;25;2025-10-25
7216;32474;100032474;USD AXA9;1006;USD Growth Saver;1006;25;2024-09-26
7217;32496;100032496;USD Growth Saver;1748;Dollar Saver;1748;25;2025-05-18
7218;32514;100032514;Conservative;1183;Money Market;1183;50;2025-06-22
7219;32523;100032523;EGP AXA10;265;Dollar Saver;265;100;2025-11-13
7220;32528;100032528;Conservative;2442;Gold;2442;50;2025-06-09
7221;32602;100032602;Gold;2849;Secure;2849;100;2024-05-11
7222;32623;100032623;Dollar Saver;2434;Secure;2434;50;2024-04-07
7223;32629;100032629;Gold;383;Gold;383;25;2024-07-01
7224;32636;100032636;Diversified;3399;Conservative;3399;100;2024-06-26
7225;32675;100032675;EGX30 ETF;3619;EGX30 ETF;3619;75;2024-08-16
7226;32684;100032684;USD AXA9;1252;Dollar Saver;1252;100;2025-09-08
7227;32725;100032725;EGP AXA10;1700;USD Growth Saver;1700;50;2025-02-20
7228;32751;100032751;EGX30 ETF;4531;Gold;4531;75;2024-02-10
7229;32817;100032817;Gold;879;Active;879;100;2025-02-16
7230;32871;100032871;EGP AXA10;2163;Diversified;2163;100;2025-09-30
7231;32921;100032921;Active;2193;USD AXA9;2193;75;2025-04-22
7232;32966;100032966;Secure;1623;Active;1623;50;2025-06-18
7233;32987;100032987;Money Market;795;USD AXA9;795;50;2025-07-13
7234;32990;100032990;Growth;833;Dollar Saver;833;75;2025-11-18
7235;33054;100033054;Equities;445;Sama;445;50;2024-11-21
7236;33073;100033073;Diversified;2591;Growth;2591;25;2024-05-01
7237;33088;100033088;Equities;704;EGP AXA10;704;75;2025-08-11
7238;33115;100033115;Secure;1935;Secure;1935;50;2025-10-08
7239;33141;100033141;Equities;927;Growth;927;75;2025-04-29
7240;33188;100033188;EGP AXA10;1509;Sama;1509;50;2025-11-05
7241;33197;100033197;Conservative;1475;Growth;1475;50;2024-02-09
7242;33211;100033211;USD AXA9;2781;EGP AXA10;2781;100;2024-05-26
7243;33221;100033221;Equities;392;Secure;392;75;2024-10-01
7244;33248;100033248;EGP AXA10;2071;Dollar Saver;2071;25;2024-05-24
7245;33257;100033257;USD AXA9;1344;USD Growth Saver;1344;100;2024-08-12
7246;33292;100033292;Growth;3485;Secure;3485;25;2024-11-26
7247;33298;100033298;Secure;3223;Equities;3223;50;2024-05-06
7248;33323;100033323;Al Safwa;1813;Active;1813;100;2025-06-22
7249;33334;100033334;Al Safwa;1748;Sama;1748;75;2025-10-09
7250;33354;100033354;EGP AXA10;2048;EGX30 ETF;2048;50;2025-05-09
7251;33366;100033366;USD Growth Saver;3043;EGP AXA10;3043;25;2025-01-25
7252;33470;100033470;Active;2926;Conservative;2926;25;2025-08-21
7253;33501;100033501;Money Market;2582;EGX30 ETF;2582;25;2024-09-17
7254;33536;100033536;Diversified;2188;Diversified;2188;25;2025-08-06
7255;33562;100033562;EGX30 ETF;4107;EGP AXA10;4107;100;2024-07-22
7256;33622;100033622;Growth;1643;EGX30 ETF;1643;25;2025-01-21
7257;33643;100033643;Dollar Saver;924;Conservative;924;75;2024-02-27
7258;33688;100033688;Diversified;1542;Gold;1542;25;2024-02-03
7259;33721;100033721;Diversified;1547;Active;1547;100;2025-02-11
7260;33780;100033780;EGX30 ETF;3621;Dollar Saver;3621;100;2024-02-08
7261;33794;100033794;Al Safwa;2657;Active;2657;50;2024-08-27
7262;33799;100033799;Sama;2114;EGP AXA10;2114;75;2024-10-15
7263;33800;100033800;Growth;1020;USD Growth Saver;1020;50;2025-04-06
7264;33807;100033807;Sama;2556;Gold;2556;50;2025-12-20
7265;33850;100033850;Al Safwa;627;USD Growth Saver;627;75;2024-12-16
7266;33865;100033865;Conservative;3587;EGX30 ETF;3587;25;2025-05-16
7267;33870;100033870;Al Safwa;535;Dollar Saver;535;25;2024-09-29
7268;33926;100033926;Dollar Saver;1573;Sama;1573;25;2025-04-17
7269;33928;100033928;USD AXA9;1194;Active;1194;50;2024-06-27
7270;33955;100033955;Sama;1880;Dollar Saver;1880;50;2025-04-18
7271;33993;100033993;Al Safwa;3397;Gold;3397;75;2025-07-04
7272;34010;100034010;EGX30 ETF;2769;Equities;2769;100;2024-07-02
7273;34011;100034011;Al Safwa;1059;Equities;1059;50;2025-05-07
7274;34012;100034012;Growth;429;EGP AXA10;429;100;2024-10-29
7275;34072;100034072;USD Growth Saver;1921;Equities;1921;75;2024-06-19
7276;34076;100034076;USD Growth Saver;3624;USD AXA9;3624;25;2024-02-13
7277;34107;100034107;Active;1471;EGX30 ETF;1471;50;2024-11-11
7278;34137;100034137;EGP AXA10;648;Growth;648;100;2025-06-12
7279;34169;100034169;USD Growth Saver;1770;Gold;1770;100;2025-07-20
7280;34273;100034273;EGX30 ETF;2109;Secure;2109;75;2024-11-05
7281;34282;100034282;USD Growth Saver;2263;Growth;2263;25;2024-11-22
7282;34333;100034333;USD AXA9;1500;Sama;1500;25;2024-11-24
7283;34338;100034338;Growth;598;EGP AXA10;598;50;2025-10-06
7284;34343;100034343;Money Market;3402;Secure;3402;100;2025-11-20
7285;34375;100034375;Sama;3070;EGP AXA10;3070;50;2025-03-27
7286;34377;100034377;Active;1089;Growth;1089;25;2025-03-28
7287;34405;100034405;USD Growth Saver;877;EGP AXA10;877;75;2024-11-19
7288;34406;100034406;Al Safwa;2340;Growth;2340;100;2025-05-19
7289;34413;100034413;Money Market;4269;Growth;4269;25;2024-11-06
7290;34450;100034450;EGP AXA10;3088;Equities;3088;75;2025-11-07
7291;34495;100034495;EGP AXA10;2330;Al Safwa;2330;50;2024-07-26
7292;34537;100034537;EGP AXA10;309;Gold;309;100;2025-08-25
7293;34548;100034548;Equities;1505;EGP AXA10;1505;25;2025-11-04
7294;34583;100034583;Diversified;2457;Active;2457;75;2024-12-17
7295;34615;100034615;USD Growth Saver;1179;EGX30 ETF;1179;25;2025-08-06
7296;34650;100034650;EGX30 ETF;3902;USD AXA9;3902;50;2025-09-01
7297;34659;100034659;Active;2437;Secure;2437;100;2025-01-30
7298;34660;100034660;Gold;3780;Sama;3780;50;2025-08-27
7299;34683;100034683;Equities;2775;EGX30 ETF;2775;100;2024-06-05
7300;34687;100034687;EGX30 ETF;1481;Diversified;1481;100;2025-02-22
7301;34688;100034688;USD Growth Saver;1022;Al Safwa;1022;100;2025-07-17
7302;34689;100034689;EGP AXA10;2357;Growth;2357;50;2025-11-10
7303;34707;100034707;Conservative;811;Growth;811;50;2025-10-28
7304;34751;100034751;Al Safwa;4083;Conservative;4083;50;2024-02-11
7305;34755;100034755;Conservative;1414;EGP AXA10;1414;75;2024-04-24
7306;34768;100034768;Diversified;621;Growth;621;75;2024-07-11
7307;34788;100034788;Dollar Saver;602;Gold;602;75;2025-06-02
7308;34793;100034793;Active;1605;Diversified;1605;25;2024-06-03
7309;34794;100034794;USD AXA9;3866;USD Growth Saver;3866;50;2024-04-30
7310;34898;100034898;Gold;2297;Growth;2297;75;2025-02-20
7311;34918;100034918;EGP AXA10;472;Conservative;472;100;2025-11-27
7312;34932;100034932;Gold;522;Sama;522;75;2025-08-22
7313;34945;100034945;Gold;1175;Secure;1175;50;2024-06-25
7314;34960;100034960;Diversified;377;Al Safwa;377;75;2025-06-03
7315;34976;100034976;Active;424;Al Safwa;424;50;2024-07-05
7316;35002;100035002;USD Growth Saver;1410;Secure;1410;50;2025-05-11
7317;35014;100035014;Growth;2206;Dollar Saver;2206;25;2024-09-29
7318;35023;100035023;Al Safwa;2626;Al Safwa;2626;100;2025-12-04
7319;35046;100035046;USD AXA9;961;Al Safwa;961;25;2024-11-02
7320;35048;100035048;Equities;906;USD AXA9;906;100;2024-09-04
7321;35062;100035062;USD AXA9;1338;USD AXA9;1338;25;2025-06-12
7322;35094;100035094;EGP AXA10;1312;USD Growth Saver;1312;50;2024-06-26
7323;35107;100035107;Active;3716;EGX30 ETF;3716;75;2024-10-27
7324;35119;100035119;USD AXA9;4133;Al Safwa;4133;25;2024-07-01
7325;35135;100035135;Equities;2752;Sama;2752;75;2025-11-30
7326;35153;100035153;EGX30 ETF;4096;Dollar Saver;4096;75;2024-09-20
7327;35190;100035190;EGX30 ETF;3730;Dollar Saver;3730;100;2024-10-29
7328;35203;100035203;USD Growth Saver;1598;Dollar Saver;1598;100;2024-05-11
7329;35263;100035263;EGX30 ETF;1478;Gold;1478;50;2025-07-28
7330;35329;100035329;Al Safwa;1030;Growth;1030;50;2024-11-09
7331;35334;100035334;EGP AXA10;1037;USD AXA9;1037;75;2024-11-11
7332;35382;100035382;Diversified;2559;Gold;2559;100;2025-06-26
7333;35393;100035393;Al Safwa;121;Diversified;121;25;2024-05-28
7334;35417;100035417;Active;1667;Gold;1667;75;2025-02-12
7335;35431;100035431;EGX30 ETF;1066;Al Safwa;1066;100;2025-04-22
7336;35432;100035432;Money Market;1524;Secure;1524;75;2025-07-16
7337;35436;100035436;Diversified;1831;Al Safwa;1831;75;2025-06-10
7338;35455;100035455;USD AXA9;1117;EGP AXA10;1117;75;2024-12-10
7339;35474;100035474;Money Market;1827;USD Growth Saver;1827;100;2024-12-18
7340;35505;100035505;Money Market;2397;USD AXA9;2397;75;2024-11-17
7341;35531;100035531;Sama;2466;USD AXA9;2466;100;2025-09-10
7342;35535;100035535;Equities;3255;Al Safwa;3255;75;2024-03-04
7343;35566;100035566;Equities;2030;Secure;2030;75;2025-05-08
7344;35579;100035579;Dollar Saver;910;Dollar Saver;910;75;2024-10-25
7345;35608;100035608;USD AXA9;3461;USD AXA9;3461;75;2024-10-09
7346;35653;100035653;Diversified;2369;Money Market;2369;50;2025-07-17
7347;35668;100035668;Gold;3065;EGX30 ETF;3065;50;2025-07-01
7348;35717;100035717;Secure;2024;Dollar Saver;2024;50;2024-12-01
7349;35722;100035722;Growth;852;Diversified;852;75;2025-07-20
7350;35731;100035731;Al Safwa;2462;Secure;2462;75;2025-05-24
7351;35753;100035753;Dollar Saver;578;Growth;578;25;2025-09-06
7352;35757;100035757;Money Market;2458;EGX30 ETF;2458;50;2024-03-14
7353;35767;100035767;USD AXA9;1058;Equities;1058;50;2024-02-27
7354;35802;100035802;Growth;2527;Money Market;2527;75;2025-02-03
7355;35838;100035838;EGX30 ETF;764;Diversified;764;25;2024-03-14
7356;35856;100035856;Gold;2832;Equities;2832;100;2025-12-25
7357;35894;100035894;Growth;562;Dollar Saver;562;50;2024-04-17
7358;35914;100035914;EGP AXA10;2850;Growth;2850;25;2024-12-24
7359;35917;100035917;Al Safwa;1241;USD AXA9;1241;50;2025-04-20
7360;35918;100035918;Active;3090;Dollar Saver;3090;100;2024-06-16
7361;35947;100035947;Equities;840;Gold;840;75;2024-07-10
7362;35988;100035988;Active;3906;USD Growth Saver;3906;50;2024-10-15
7363;36004;100036004;Active;1282;Equities;1282;50;2025-12-29
7364;36052;100036052;EGX30 ETF;266;Sama;266;50;2024-07-06
7365;36080;100036080;EGP AXA10;2727;Money Market;2727;75;2024-05-18
7366;36140;100036140;USD AXA9;178;Conservative;178;50;2025-12-09
7367;36183;100036183;Sama;1751;Secure;1751;75;2025-03-25
7368;36195;100036195;USD Growth Saver;927;USD AXA9;927;25;2024-02-22
7369;36218;100036218;Al Safwa;2549;Diversified;2549;25;2025-08-04
7370;36264;100036264;Gold;636;Secure;636;50;2024-11-24
7371;36291;100036291;Secure;4697;Active;4697;100;2024-08-11
7372;36325;100036325;EGX30 ETF;849;Money Market;849;75;2024-07-19
7373;36329;100036329;EGP AXA10;1256;USD Growth Saver;1256;75;2024-12-01
7374;36342;100036342;Equities;3815;Conservative;3815;75;2024-06-10
7375;36365;100036365;Equities;2300;Growth;2300;50;2024-02-12
7376;36379;100036379;Conservative;1575;EGP AXA10;1575;50;2025-02-05
7377;36391;100036391;Active;1248;Money Market;1248;25;2025-02-21
7378;36404;100036404;Growth;670;Dollar Saver;670;100;2025-09-09
7379;36473;100036473;Al Safwa;1548;Secure;1548;100;2024-12-12
7380;36511;100036511;Al Safwa;1430;USD Growth Saver;1430;50;2025-08-07
7381;36512;100036512;Equities;1890;Diversified;1890;100;2024-07-27
7382;36543;100036543;Al Safwa;2959;Secure;2959;100;2025-10-23
7383;36566;100036566;Active;847;Al Safwa;847;25;2024-02-24
7384;36637;100036637;Active;1487;EGP AXA10;1487;75;2024-02-13
7385;36643;100036643;Al Safwa;2119;Al Safwa;2119;25;2025-08-06
7386;36672;100036672;Secure;3540;Al Safwa;3540;50;2025-10-10
7387;36679;100036679;Diversified;2343;USD Growth Saver;2343;50;2025-07-23
7388;36680;100036680;Equities;2427;Growth;2427;50;2024-02-03
7389;36703;100036703;USD Growth Saver;2333;EGP AXA10;2333;75;2025-12-01
7390;36729;100036729;Diversified;3089;Gold;3089;75;2025-05-13
7391;36773;100036773;Equities;2534;EGP AXA10;2534;50;2024-12-15
7392;36776;100036776;Diversified;1999;Money Market;1999;75;2025-08-19
7393;36784;100036784;Secure;1216;Active;1216;75;2024-05-22
7394;36789;100036789;Al Safwa;7139;Sama;7139;25;2024-10-26
7395;36812;100036812;EGX30 ETF;2586;Growth;2586;75;2024-07-13
7396;36817;100036817;Conservative;2501;Secure;2501;75;2025-08-20
7397;36821;100036821;Growth;3411;USD Growth Saver;3411;50;2025-11-19
7398;36873;100036873;Gold;1311;EGX30 ETF;1311;75;2025-10-22
7399;36878;100036878;USD AXA9;1172;Active;1172;75;2025-11-20
7400;36881;100036881;USD Growth Saver;522;EGX30 ETF;522;100;2024-03-27
7401;36891;100036891;Equities;1623;Gold;1623;100;2025-12-22
7402;36920;100036920;Active;4597;Money Market;4597;100;2024-03-04
7403;36934;100036934;EGX30 ETF;590;Active;590;50;2025-04-04
7404;36940;100036940;Money Market;616;Gold;616;75;2024-05-14
7405;36989;100036989;Growth;1807;Dollar Saver;1807;75;2024-07-25
7406;37016;100037016;Secure;2856;Equities;2856;75;2024-10-30
7407;37031;100037031;USD AXA9;2859;Money Market;2859;75;2024-02-18
7408;37055;100037055;EGX30 ETF;1053;Growth;1053;50;2025-09-19
7409;37070;100037070;Conservative;891;Gold;891;75;2025-10-06
7410;37085;100037085;EGX30 ETF;1341;Active;1341;25;2024-05-24
7411;37131;100037131;Conservative;3068;Sama;3068;75;2025-08-19
7412;37137;100037137;Diversified;2057;Secure;2057;25;2025-07-20
7413;37139;100037139;Secure;3216;Sama;3216;100;2024-06-03
7414;37145;100037145;USD AXA9;2266;USD AXA9;2266;100;2024-02-01
7415;37165;100037165;EGX30 ETF;1372;EGP AXA10;1372;100;2024-08-07
7416;37179;100037179;Money Market;2545;Sama;2545;25;2024-02-16
7417;37191;100037191;Gold;1265;Equities;1265;25;2024-06-21
7418;37209;100037209;Dollar Saver;1696;Conservative;1696;100;2024-02-16
7419;37220;100037220;Active;4731;Al Safwa;4731;25;2025-10-05
7420;37224;100037224;Sama;2659;Equities;2659;100;2025-01-25
7421;37244;100037244;Conservative;1341;EGX30 ETF;1341;100;2025-09-04
7422;37302;100037302;Active;4429;Gold;4429;100;2025-12-05
7423;37325;100037325;EGX30 ETF;1746;Dollar Saver;1746;75;2024-06-10
7424;37329;100037329;Diversified;1873;USD Growth Saver;1873;50;2025-08-07
7425;37333;100037333;Conservative;3968;Money Market;3968;75;2024-11-08
7426;37335;100037335;Growth;4989;USD AXA9;4989;25;2024-06-12
7427;37397;100037397;Conservative;2385;Money Market;2385;75;2024-11-05
7428;37412;100037412;Active;4480;Al Safwa;4480;25;2024-02-21
7429;37423;100037423;USD AXA9;2771;EGX30 ETF;2771;25;2024-10-29
7430;37441;100037441;EGX30 ETF;2709;EGP AXA10;2709;75;2025-09-18
7431;37485;100037485;Sama;1348;USD Growth Saver;1348;25;2025-09-24
7432;37503;100037503;USD Growth Saver;1631;Gold;1631;50;2025-08-29
7433;37550;100037550;USD AXA9;762;Dollar Saver;762;100;2024-06-03
7434;37570;100037570;Diversified;1475;Conservative;1475;100;2024-04-16
7435;37577;100037577;Dollar Saver;105;Diversified;105;25;2025-12-11
7436;37588;100037588;Conservative;1751;USD Growth Saver;1751;75;2025-07-18
7437;37602;100037602;Conservative;2671;Active;2671;75;2024-07-20
7438;37606;100037606;USD AXA9;1098;Gold;1098;25;2024-10-31
7439;37625;100037625;EGP AXA10;3433;Secure;3433;100;2025-06-29
7440;37629;100037629;USD Growth Saver;3986;USD Growth Saver;3986;100;2025-02-05
7441;37672;100037672;Sama;508;Gold;508;75;2024-12-21
7442;37673;100037673;Active;1039;Dollar Saver;1039;100;2025-11-11
7443;37689;100037689;Growth;1680;Equities;1680;25;2025-07-09
7444;37694;100037694;Dollar Saver;3914;Equities;3914;50;2024-04-05
7445;37703;100037703;Gold;4730;Gold;4730;50;2025-01-26
7446;37704;100037704;USD Growth Saver;2613;Money Market;2613;100;2024-06-29
7447;37710;100037710;Conservative;3203;Growth;3203;50;2025-03-29
7448;37716;100037716;USD AXA9;5646;EGP AXA10;5646;75;2025-12-09
7449;37736;100037736;Gold;1074;EGX30 ETF;1074;100;2025-05-31
7450;37759;100037759;Secure;1831;Dollar Saver;1831;50;2025-11-27
7451;37771;100037771;Active;4032;Active;4032;75;2025-07-11
7452;37794;100037794;Al Safwa;788;Diversified;788;25;2024-02-29
7453;37827;100037827;Dollar Saver;3059;Growth;3059;100;2025-05-23
7454;37830;100037830;EGX30 ETF;943;Secure;943;75;2025-01-14
7455;37835;100037835;Equities;780;Al Safwa;780;25;2025-12-10
7456;37837;100037837;Equities;2476;Gold;2476;50;2025-04-26
7457;37891;100037891;Conservative;1136;USD AXA9;1136;50;2025-04-29
7458;37895;100037895;Secure;2185;Al Safwa;2185;25;2024-02-20
7459;37914;100037914;EGX30 ETF;1299;USD AXA9;1299;25;2025-10-31
7460;37953;100037953;EGP AXA10;3770;USD AXA9;3770;25;2024-03-03
7461;37961;100037961;Sama;354;Money Market;354;50;2025-01-07
7462;37994;100037994;Equities;269;EGX30 ETF;269;100;2025-04-11
7463;38021;100038021;USD AXA9;2297;Growth;2297;25;2024-06-21
7464;38022;100038022;Growth;1634;EGP AXA10;1634;75;2024-06-04
7465;38159;100038159;Sama;606;Diversified;606;75;2025-01-26
7466;38166;100038166;USD AXA9;2405;EGP AXA10;2405;50;2024-11-25
7467;38202;100038202;USD Growth Saver;2811;Active;2811;25;2025-09-05
7468;38212;100038212;EGX30 ETF;134;Conservative;134;25;2024-07-10
7469;38219;100038219;Growth;1125;Secure;1125;100;2024-05-02
7470;38228;100038228;EGP AXA10;2934;Al Safwa;2934;100;2024-02-24
7471;38230;100038230;Money Market;480;Dollar Saver;480;25;2024-10-10
7472;38250;100038250;USD Growth Saver;1116;Diversified;1116;25;2025-05-20
7473;38265;100038265;EGX30 ETF;4759;EGP AXA10;4759;25;2025-03-21
7474;38294;100038294;Equities;1158;Dollar Saver;1158;50;2024-12-08
7475;38297;100038297;Secure;2547;Equities;2547;75;2025-08-16
7476;38306;100038306;USD Growth Saver;326;Active;326;25;2024-12-08
7477;38320;100038320;Gold;2807;USD Growth Saver;2807;50;2024-11-09
7478;38321;100038321;Dollar Saver;2518;EGX30 ETF;2518;25;2024-06-01
7479;38327;100038327;USD AXA9;2882;EGX30 ETF;2882;75;2024-07-19
7480;38332;100038332;USD Growth Saver;2300;Growth;2300;75;2025-10-11
7481;38337;100038337;EGP AXA10;555;USD Growth Saver;555;75;2025-03-15
7482;38364;100038364;EGP AXA10;1322;EGP AXA10;1322;75;2025-01-10
7483;38380;100038380;EGX30 ETF;851;EGX30 ETF;851;75;2025-11-22
7484;38408;100038408;Money Market;1932;EGX30 ETF;1932;25;2024-10-09
7485;38450;100038450;Conservative;610;Active;610;50;2024-05-31
7486;38476;100038476;Active;1653;Dollar Saver;1653;50;2025-05-07
7487;38629;100038629;Dollar Saver;1162;Active;1162;75;2024-10-29
7488;38630;100038630;USD Growth Saver;1980;Conservative;1980;75;2024-11-02
7489;38645;100038645;Al Safwa;1808;Gold;1808;50;2025-07-31
7490;38670;100038670;Al Safwa;3247;Sama;3247;100;2025-05-18
7491;38687;100038687;EGP AXA10;1581;Growth;1581;50;2025-11-28
7492;38690;100038690;Equities;918;Sama;918;75;2024-05-13
7493;38704;100038704;Gold;368;USD Growth Saver;368;50;2024-08-05
7494;38711;100038711;Conservative;3799;Al Safwa;3799;100;2025-01-30
7495;38757;100038757;EGP AXA10;4799;EGX30 ETF;4799;75;2025-11-08
7496;38759;100038759;Equities;1566;Gold;1566;50;2024-05-02
7497;38765;100038765;EGP AXA10;2489;USD AXA9;2489;25;2024-06-22
7498;38775;100038775;USD Growth Saver;3382;USD Growth Saver;3382;100;2024-10-18
7499;38796;100038796;Conservative;730;Diversified;730;25;2025-06-09
7500;38805;100038805;EGX30 ETF;1038;Growth;1038;100;2025-04-04
7501;38827;100038827;Conservative;1883;Money Market;1883;100;2025-05-30
7502;38835;100038835;Growth;465;EGX30 ETF;465;75;2024-06-02
7503;38844;100038844;Dollar Saver;3283;USD AXA9;3283;75;2025-03-19
7504;38851;100038851;Secure;1040;Active;1040;75;2024-08-07
7505;38856;100038856;USD AXA9;1567;Dollar Saver;1567;100;2024-10-17
7506;38857;100038857;Sama;3166;USD Growth Saver;3166;75;2024-11-09
7507;38891;100038891;EGX30 ETF;2180;Conservative;2180;100;2025-11-10
7508;39038;100039038;EGX30 ETF;3014;EGP AXA10;3014;100;2025-04-06
7509;39135;100039135;Al Safwa;1660;EGX30 ETF;1660;75;2024-09-19
7510;39178;100039178;Gold;3517;Equities;3517;25;2025-11-07
7511;39191;100039191;Sama;1335;USD Growth Saver;1335;25;2024-05-08
7512;39192;100039192;Dollar Saver;2684;Gold;2684;100;2025-01-04
7513;39205;100039205;Money Market;2161;USD Growth Saver;2161;100;2024-10-13
7514;39213;100039213;USD Growth Saver;1361;Dollar Saver;1361;25;2025-08-19
7515;39263;100039263;Active;3224;EGX30 ETF;3224;75;2025-10-16
7516;39269;100039269;Sama;3162;Active;3162;75;2025-04-16
7517;39280;100039280;EGP AXA10;2153;Diversified;2153;75;2025-05-16
7518;39281;100039281;Growth;2722;Dollar Saver;2722;75;2024-08-16
7519;39298;100039298;Growth;1790;Active;1790;75;2025-02-09
7520;39348;100039348;Diversified;1106;Equities;1106;75;2025-04-18
7521;39450;100039450;Secure;2595;Conservative;2595;75;2024-10-28
7522;39470;100039470;USD Growth Saver;1281;USD Growth Saver;1281;25;2024-08-12
7523;39492;100039492;Sama;1197;Secure;1197;50;2025-04-10
7524;39510;100039510;Diversified;2872;Dollar Saver;2872;75;2025-04-18
7525;39540;100039540;Conservative;1007;Growth;1007;75;2025-06-12
7526;39578;100039578;Gold;4742;USD Growth Saver;4742;50;2025-05-11
7527;39600;100039600;USD Growth Saver;3062;EGX30 ETF;3062;25;2025-01-31
7528;39616;100039616;Active;1446;Secure;1446;75;2025-01-03
7529;39618;100039618;Conservative;649;Equities;649;100;2025-06-10
7530;39697;100039697;USD AXA9;1078;Sama;1078;25;2024-08-07
7531;39768;100039768;USD Growth Saver;2296;Conservative;2296;50;2025-01-21
7532;39802;100039802;Diversified;4041;Conservative;4041;100;2024-03-07
7533;39891;100039891;Secure;4740;Conservative;4740;100;2024-08-19
7534;39900;100039900;Money Market;1970;Growth;1970;25;2024-11-27
7535;39913;100039913;Dollar Saver;1160;EGX30 ETF;1160;50;2025-06-18
7536;39973;100039973;Al Safwa;1669;Gold;1669;100;2024-03-05
7537;40031;100040031;USD Growth Saver;1876;Al Safwa;1876;50;2025-07-01
7538;40058;100040058;Active;2800;Growth;2800;25;2025-02-09
7539;40060;100040060;Secure;4293;Growth;4293;50;2025-03-20
7540;40091;100040091;Gold;3739;Equities;3739;75;2024-10-21
7541;40097;100040097;Secure;7056;Growth;7056;25;2024-12-24
7542;40124;100040124;USD Growth Saver;2662;Gold;2662;25;2025-09-25
7543;40128;100040128;USD Growth Saver;1262;Gold;1262;50;2024-12-02
7544;40132;100040132;USD AXA9;3752;Secure;3752;75;2025-11-03
7545;40160;100040160;Dollar Saver;5064;Money Market;5064;75;2025-08-30
7546;40199;100040199;Conservative;469;EGX30 ETF;469;50;2024-02-22
7547;40206;100040206;Equities;2378;Secure;2378;50;2024-02-25
7548;40256;100040256;Conservative;2289;EGP AXA10;2289;75;2024-03-27
7549;40299;100040299;Dollar Saver;1751;Money Market;1751;25;2025-09-10
7550;40325;100040325;Diversified;3044;Gold;3044;100;2025-03-06
7551;40431;100040431;Money Market;545;Conservative;545;25;2025-04-24
7552;40467;100040467;USD AXA9;1589;Sama;1589;50;2025-03-08
7553;40505;100040505;Secure;442;EGX30 ETF;442;75;2025-04-16
7554;40511;100040511;Sama;1372;Diversified;1372;50;2024-05-30
7555;40532;100040532;Sama;2704;Secure;2704;25;2025-04-22
7556;40558;100040558;Growth;1818;USD AXA9;1818;25;2025-09-22
7557;40576;100040576;EGP AXA10;1028;Secure;1028;25;2025-09-19
7558;40589;100040589;Equities;7145;Secure;7145;25;2025-08-01
7559;40610;100040610;Growth;472;Secure;472;100;2025-01-20
7560;40612;100040612;EGX30 ETF;2594;Growth;2594;75;2025-02-10
7561;40614;100040614;USD AXA9;4943;Secure;4943;25;2024-09-06
7562;40627;100040627;Diversified;1808;Money Market;1808;50;2025-10-21
7563;40663;100040663;Gold;3331;Sama;3331;75;2024-12-21
7564;40680;100040680;EGX30 ETF;3747;Conservative;3747;100;2025-03-28
7565;40699;100040699;EGP AXA10;3941;USD Growth Saver;3941;100;2025-03-14
7566;40726;100040726;EGP AXA10;471;Active;471;50;2024-03-13
7567;40753;100040753;USD AXA9;1330;USD Growth Saver;1330;100;2025-09-07
7568;40769;100040769;EGP AXA10;198;Money Market;198;25;2025-04-10
7569;40772;100040772;Money Market;942;Money Market;942;25;2024-09-23
7570;40778;100040778;Sama;1084;Secure;1084;75;2025-12-19
7571;40785;100040785;USD Growth Saver;608;Gold;608;75;2025-03-27
7572;40815;100040815;USD AXA9;3467;Growth;3467;50;2025-11-21
7573;40817;100040817;USD AXA9;1029;USD AXA9;1029;25;2024-12-23
7574;41202;100041202;USD Growth Saver;2090;Gold;2090;75;2025-02-25
7575;40866;100040866;Equities;1000;Growth;1000;25;2024-08-05
7576;40915;100040915;USD Growth Saver;1221;Secure;1221;75;2024-03-20
7577;40928;100040928;EGP AXA10;3305;Gold;3305;50;2024-06-26
7578;40938;100040938;Active;1388;Money Market;1388;50;2024-06-27
7579;40995;100040995;Gold;1546;Dollar Saver;1546;100;2025-12-18
7580;41008;100041008;Gold;1117;Growth;1117;100;2024-09-16
7581;41021;100041021;Al Safwa;2814;Secure;2814;25;2025-09-01
7582;41058;100041058;Growth;811;Equities;811;50;2024-09-16
7583;41062;100041062;Growth;2289;Secure;2289;25;2024-03-17
7584;41071;100041071;Dollar Saver;6287;USD Growth Saver;6287;75;2025-04-14
7585;41080;100041080;EGP AXA10;2225;Dollar Saver;2225;100;2025-01-24
7586;41142;100041142;EGP AXA10;1787;Al Safwa;1787;75;2024-04-21
7587;41085;100041085;EGX30 ETF;1721;Dollar Saver;1721;75;2025-10-24
7588;41086;100041086;Al Safwa;264;Active;264;75;2024-06-11
7589;41136;100041136;Al Safwa;2284;Growth;2284;100;2024-06-11
7590;41235;100041235;Growth;1138;USD AXA9;1138;50;2025-07-22
7591;41272;100041272;Active;2292;Diversified;2292;50;2024-07-01
7592;41345;100041345;EGP AXA10;1317;Secure;1317;100;2025-01-22
7593;41361;100041361;Gold;813;Active;813;25;2024-02-26
7594;41403;100041403;Gold;821;Secure;821;50;2024-09-05
7595;41430;100041430;Active;497;Active;497;75;2024-12-04
7596;41482;100041482;EGP AXA10;405;USD AXA9;405;100;2024-07-13
7597;41508;100041508;EGP AXA10;1924;Sama;1924;25;2024-08-22
7598;41521;100041521;Gold;7011;Conservative;7011;100;2025-10-07
7599;41559;100041559;Active;1429;Active;1429;25;2024-04-19
7600;41596;100041596;Equities;1703;EGP AXA10;1703;50;2024-09-19
7601;41605;100041605;Gold;1365;Conservative;1365;25;2024-12-24
7602;41623;100041623;Al Safwa;5734;EGX30 ETF;5734;75;2024-12-27
7603;41627;100041627;EGX30 ETF;3059;USD AXA9;3059;75;2024-10-06
7604;41653;100041653;Secure;4130;Secure;4130;25;2024-09-02
7605;41684;100041684;Gold;2498;Al Safwa;2498;100;2025-06-11
7606;41695;100041695;USD Growth Saver;6188;Al Safwa;6188;50;2025-09-08
7607;41736;100041736;Active;1800;Gold;1800;75;2025-05-05
7608;41777;100041777;Growth;2535;Conservative;2535;100;2025-09-24
7609;41790;100041790;Active;3093;Al Safwa;3093;50;2025-01-08
7610;41816;100041816;Growth;3170;Secure;3170;100;2025-05-18
7611;41846;100041846;Equities;3977;Secure;3977;75;2024-02-20
7612;41860;100041860;Money Market;3467;Growth;3467;50;2025-01-10
7613;41882;100041882;Active;3570;USD Growth Saver;3570;50;2025-02-22
7614;41960;100041960;USD Growth Saver;1907;Gold;1907;50;2025-04-13
7615;41974;100041974;Al Safwa;7200;Sama;7200;75;2024-02-10
7616;42035;100042035;Diversified;2998;EGP AXA10;2998;50;2024-12-17
7617;42065;100042065;Al Safwa;667;Equities;667;50;2025-04-29
7618;42081;100042081;USD AXA9;296;Conservative;296;75;2024-05-28
7619;42091;100042091;Active;3829;Conservative;3829;50;2025-04-11
7620;42132;100042132;EGP AXA10;3582;Active;3582;50;2025-03-31
7621;42141;100042141;USD Growth Saver;6815;Growth;6815;100;2025-08-28
7622;42220;100042220;USD AXA9;3300;Diversified;3300;25;2024-11-25
7623;42233;100042233;USD AXA9;1184;USD Growth Saver;1184;100;2025-09-04
7624;42268;100042268;USD AXA9;1179;Growth;1179;25;2024-03-17
7625;42286;100042286;Gold;3997;Conservative;3997;100;2025-05-19
7626;42308;100042308;Gold;530;Sama;530;25;2024-12-30
7627;42361;100042361;Money Market;1980;Diversified;1980;25;2024-11-13
7628;42415;100042415;EGX30 ETF;1328;Dollar Saver;1328;75;2024-03-05
7629;42416;100042416;Sama;1425;USD AXA9;1425;75;2025-03-26
7630;42445;100042445;Secure;2602;Diversified;2602;100;2025-12-01
7631;42569;100042569;Conservative;920;Sama;920;75;2025-06-26
7632;42664;100042664;Sama;2276;Al Safwa;2276;100;2025-05-13
7633;42676;100042676;Money Market;2658;USD Growth Saver;2658;25;2024-08-27
7634;42823;100042823;Gold;1840;USD AXA9;1840;25;2025-12-14
7635;42826;100042826;Gold;2214;Dollar Saver;2214;75;2024-10-02
7636;42908;100042908;Secure;632;EGX30 ETF;632;50;2024-02-07
7637;42936;100042936;Money Market;344;Growth;344;75;2025-01-04
7638;42950;100042950;Conservative;2344;Gold;2344;50;2024-07-01
7639;42956;100042956;USD AXA9;1669;Growth;1669;100;2025-01-09
7640;42963;100042963;USD Growth Saver;662;Active;662;50;2024-04-27
7641;42966;100042966;USD AXA9;2246;Growth;2246;100;2024-12-23
7642;42997;100042997;USD Growth Saver;791;Conservative;791;100;2024-05-07
7643;42999;100042999;Growth;6481;Secure;6481;25;2025-12-28
7644;43010;100043010;EGP AXA10;1577;Equities;1577;100;2025-01-01
7645;43014;100043014;Growth;945;Secure;945;50;2025-10-07
7646;43019;100043019;Money Market;4864;EGP AXA10;4864;100;2025-09-11
7647;43035;100043035;Equities;3604;Diversified;3604;75;2025-09-28
7648;43046;100043046;Al Safwa;5049;EGX30 ETF;5049;100;2024-12-23
7649;43072;100043072;Equities;1659;Dollar Saver;1659;75;2024-11-13
7650;43098;100043098;Dollar Saver;767;Conservative;767;50;2025-07-22
7651;43126;100043126;Growth;2526;Diversified;2526;50;2025-05-10
7652;43162;100043162;Al Safwa;1964;Active;1964;100;2025-02-27
7653;43179;100043179;Money Market;898;Dollar Saver;898;100;2024-11-07
7654;43207;100043207;Secure;1611;Dollar Saver;1611;25;2025-11-22
7655;43212;100043212;Secure;3154;Growth;3154;50;2024-05-25
7656;43214;100043214;Dollar Saver;3089;Gold;3089;25;2025-11-16
7657;43240;100043240;Growth;1930;Equities;1930;25;2024-07-15
7658;43321;100043321;EGP AXA10;133;Sama;133;25;2024-02-22
7659;43330;100043330;Gold;1025;USD AXA9;1025;25;2024-03-18
7660;43333;100043333;Dollar Saver;6507;Al Safwa;6507;25;2024-02-15
7661;43422;100043422;Money Market;2045;Secure;2045;25;2024-04-21
7662;43456;100043456;Al Safwa;1365;Gold;1365;25;2025-08-08
7663;43459;100043459;Growth;883;EGP AXA10;883;75;2024-12-25
7664;43465;100043465;Equities;2474;Growth;2474;100;2024-12-12
7665;43504;100043504;USD Growth Saver;5714;Gold;5714;75;2024-10-07
7666;43530;100043530;Dollar Saver;3061;EGP AXA10;3061;100;2024-12-19
7667;43545;100043545;Conservative;1167;Sama;1167;75;2024-10-31
7668;43645;100043645;EGP AXA10;1163;EGP AXA10;1163;100;2025-11-16
7669;43655;100043655;Active;2157;Money Market;2157;50;2025-10-29
7670;43665;100043665;Al Safwa;1424;USD Growth Saver;1424;75;2024-12-20
7671;43671;100043671;USD AXA9;2512;Al Safwa;2512;75;2025-04-17
7672;43677;100043677;Dollar Saver;1830;Money Market;1830;100;2024-04-23
7673;43720;100043720;USD Growth Saver;2900;Active;2900;50;2025-04-14
7674;43727;100043727;EGP AXA10;1093;Al Safwa;1093;75;2025-07-16
7675;43789;100043789;Money Market;144;Active;144;75;2025-01-05
7676;43852;100043852;EGP AXA10;1356;Sama;1356;75;2024-03-08
7677;43869;100043869;USD Growth Saver;4016;Equities;4016;25;2025-09-18
7678;43977;100043977;Gold;2631;Al Safwa;2631;50;2024-12-03
7679;43978;100043978;Al Safwa;598;Gold;598;50;2025-07-26
7680;43979;100043979;Dollar Saver;708;EGP AXA10;708;100;2024-07-19
7681;43987;100043987;USD Growth Saver;2542;Conservative;2542;100;2024-08-05
7682;44006;100044006;Conservative;4208;Secure;4208;25;2024-11-02
7683;44022;100044022;Money Market;2072;Equities;2072;75;2024-08-11
7684;44044;100044044;Conservative;1822;EGP AXA10;1822;75;2024-11-29
7685;44070;100044070;Growth;866;Growth;866;25;2025-11-25
7686;44106;100044106;Active;3002;Al Safwa;3002;100;2025-08-04
7687;44173;100044173;Active;766;Diversified;766;25;2024-07-10
7688;44180;100044180;Diversified;4695;EGP AXA10;4695;100;2025-03-31
7689;44203;100044203;Sama;2008;Dollar Saver;2008;50;2024-07-06
7690;44234;100044234;Growth;1053;Growth;1053;75;2025-05-18
7691;44250;100044250;USD Growth Saver;1900;EGP AXA10;1900;100;2024-06-16
7692;44284;100044284;Dollar Saver;2026;Money Market;2026;25;2024-04-15
7693;44351;100044351;Equities;794;Dollar Saver;794;50;2025-12-31
7694;44360;100044360;USD AXA9;1803;USD AXA9;1803;25;2024-11-01
7695;44387;100044387;Secure;1527;Conservative;1527;50;2025-12-05
7696;44388;100044388;Growth;1955;Secure;1955;100;2025-06-21
7697;44391;100044391;Growth;3690;Conservative;3690;75;2024-02-01
7698;44408;100044408;Active;689;USD Growth Saver;689;100;2025-10-27
7699;44436;100044436;EGX30 ETF;1039;Secure;1039;25;2024-10-10
7700;44462;100044462;Growth;880;Al Safwa;880;100;2024-06-22
7701;44472;100044472;Money Market;3051;Conservative;3051;100;2024-09-05
7702;44489;100044489;Sama;1182;Al Safwa;1182;75;2024-10-31
7703;44491;100044491;Diversified;2005;Growth;2005;75;2024-03-27
7704;44492;100044492;USD AXA9;2464;EGP AXA10;2464;100;2024-08-28
7705;44502;100044502;EGP AXA10;2611;Sama;2611;100;2025-03-12
7706;44521;100044521;Conservative;789;Active;789;25;2024-07-19
7707;44531;100044531;Sama;2753;Growth;2753;75;2025-10-05
7708;44548;100044548;Conservative;1714;Conservative;1714;25;2024-11-24
7709;44555;100044555;USD AXA9;2403;Gold;2403;50;2024-07-20
7710;44581;100044581;USD Growth Saver;2301;Sama;2301;25;2024-11-04
7711;44589;100044589;Al Safwa;2997;Active;2997;50;2024-06-16
7712;44610;100044610;Secure;2227;Equities;2227;50;2025-11-27
7713;44622;100044622;Gold;1140;Diversified;1140;100;2025-01-05
7714;44631;100044631;EGP AXA10;374;USD Growth Saver;374;25;2025-03-10
7715;44634;100044634;Money Market;4340;Al Safwa;4340;50;2024-12-29
7716;44639;100044639;Dollar Saver;666;Money Market;666;25;2025-06-30
7717;44674;100044674;Growth;3496;Diversified;3496;25;2025-04-30
7718;44694;100044694;Secure;4379;Secure;4379;50;2024-04-22
7719;44703;100044703;Secure;2736;Al Safwa;2736;75;2025-10-01
7720;44709;100044709;Active;1490;Diversified;1490;75;2025-09-06
7721;44720;100044720;Sama;3534;Sama;3534;100;2024-09-15
7722;44746;100044746;Money Market;631;Diversified;631;100;2024-05-08
7723;44750;100044750;USD AXA9;1564;EGX30 ETF;1564;25;2024-10-28
7724;44791;100044791;Sama;1493;Sama;1493;50;2025-10-17
7725;44792;100044792;Dollar Saver;1443;USD Growth Saver;1443;100;2024-02-23
7726;44812;100044812;Conservative;4140;USD AXA9;4140;100;2025-04-15
7727;44819;100044819;EGX30 ETF;1671;Sama;1671;25;2024-09-16
7728;44894;100044894;Secure;717;Sama;717;100;2024-07-30
7729;44895;100044895;Sama;5599;Gold;5599;25;2025-09-01
7730;44914;100044914;Conservative;2776;Conservative;2776;50;2024-03-06
7731;44957;100044957;USD Growth Saver;1511;Diversified;1511;50;2025-03-11
7732;44972;100044972;USD AXA9;3357;USD Growth Saver;3357;50;2025-03-01
7733;44980;100044980;USD Growth Saver;1627;Conservative;1627;25;2024-10-28
7734;45002;100045002;Dollar Saver;4181;EGP AXA10;4181;100;2024-10-15
7735;45005;100045005;USD AXA9;5500;Equities;5500;25;2025-02-14
7736;45025;100045025;EGX30 ETF;1651;USD AXA9;1651;50;2024-11-18
7737;45058;100045058;USD Growth Saver;264;Gold;264;25;2024-09-07
7738;45095;100045095;Dollar Saver;1276;Dollar Saver;1276;75;2025-11-19
7739;45110;100045110;Growth;129;Sama;129;100;2024-06-12
7740;45113;100045113;Money Market;5661;Active;5661;50;2025-12-03
7741;45144;100045144;Gold;2363;EGP AXA10;2363;25;2025-11-07
7742;45168;100045168;Diversified;4272;EGX30 ETF;4272;100;2024-10-03
7743;45236;100045236;Diversified;482;Equities;482;25;2024-07-27
7744;45244;100045244;USD Growth Saver;975;USD AXA9;975;75;2024-08-14
7830;47234;100047234;Sama;7106;EGX30 ETF;7106;100;2024-03-30
7745;45258;100045258;USD Growth Saver;2983;Money Market;2983;100;2024-06-15
7746;45270;100045270;EGP AXA10;2067;EGP AXA10;2067;25;2024-09-03
7747;45282;100045282;Money Market;1577;USD Growth Saver;1577;50;2025-04-11
7748;45288;100045288;Al Safwa;974;Secure;974;75;2025-10-27
7749;45365;100045365;Dollar Saver;897;Conservative;897;100;2024-12-07
7750;45394;100045394;Al Safwa;2259;Al Safwa;2259;50;2024-07-01
7751;45438;100045438;Dollar Saver;1220;Diversified;1220;50;2025-12-21
7752;45439;100045439;Diversified;2819;EGX30 ETF;2819;25;2024-04-27
7753;45444;100045444;Growth;1709;Gold;1709;100;2024-09-04
7754;45453;100045453;USD Growth Saver;5534;Dollar Saver;5534;50;2024-02-03
7755;45484;100045484;Secure;1057;Dollar Saver;1057;100;2024-11-12
7756;45543;100045543;USD AXA9;933;Dollar Saver;933;25;2024-12-01
7757;45569;100045569;Equities;2923;Dollar Saver;2923;25;2025-08-22
7758;45583;100045583;USD AXA9;611;Active;611;75;2024-04-16
7759;45594;100045594;Secure;2439;Sama;2439;100;2025-02-10
7760;45635;100045635;Equities;317;EGX30 ETF;317;50;2025-01-04
7761;45642;100045642;Diversified;540;EGP AXA10;540;75;2024-07-04
7762;45680;100045680;EGX30 ETF;1085;Gold;1085;50;2024-04-20
7763;45704;100045704;EGP AXA10;890;Active;890;100;2025-04-24
7764;45705;100045705;Diversified;197;Active;197;50;2025-12-20
7765;45726;100045726;Money Market;2862;Dollar Saver;2862;50;2025-02-10
7766;45728;100045728;Diversified;3719;Diversified;3719;100;2024-08-01
7767;45751;100045751;Equities;2521;Diversified;2521;50;2025-12-20
7768;45757;100045757;EGP AXA10;1899;Secure;1899;75;2024-02-21
7769;45766;100045766;Equities;1059;Al Safwa;1059;50;2024-08-09
7770;45784;100045784;Diversified;2105;Money Market;2105;50;2024-03-25
7771;45813;100045813;USD Growth Saver;418;Conservative;418;25;2025-10-01
7772;45842;100045842;Dollar Saver;2292;EGP AXA10;2292;25;2024-06-01
7773;45870;100045870;EGX30 ETF;1537;Equities;1537;100;2025-11-19
7774;45917;100045917;Secure;2089;USD AXA9;2089;100;2024-06-24
7775;45923;100045923;Dollar Saver;1004;Sama;1004;75;2025-03-26
7776;45938;100045938;Growth;2670;USD Growth Saver;2670;25;2025-06-27
7777;45966;100045966;USD AXA9;782;Sama;782;75;2025-05-23
7778;45983;100045983;Al Safwa;2890;USD Growth Saver;2890;50;2024-11-16
7779;46008;100046008;Gold;3035;EGX30 ETF;3035;25;2025-08-08
7780;46024;100046024;Dollar Saver;832;EGP AXA10;832;75;2025-05-31
7781;46105;100046105;Equities;917;USD AXA9;917;50;2024-06-09
7782;46158;100046158;Secure;1907;Sama;1907;100;2025-12-12
7783;46159;100046159;EGX30 ETF;1414;Money Market;1414;50;2024-09-04
7784;46183;100046183;EGX30 ETF;2821;USD AXA9;2821;50;2025-02-02
7785;46198;100046198;EGP AXA10;5954;Sama;5954;50;2025-01-01
7786;46204;100046204;Dollar Saver;1320;EGP AXA10;1320;50;2024-02-13
7787;46208;100046208;USD Growth Saver;1329;Dollar Saver;1329;100;2025-09-20
7788;46211;100046211;Diversified;1102;Money Market;1102;100;2024-03-03
7789;46212;100046212;Secure;2725;Active;2725;25;2025-01-12
7790;46229;100046229;EGX30 ETF;1136;EGX30 ETF;1136;100;2024-03-24
7791;46258;100046258;USD Growth Saver;1385;EGX30 ETF;1385;100;2025-01-21
7792;46259;100046259;Equities;1195;Sama;1195;50;2025-01-25
7793;46261;100046261;Al Safwa;635;EGP AXA10;635;50;2025-10-24
7794;46284;100046284;Conservative;1208;EGP AXA10;1208;50;2025-11-07
7795;46290;100046290;Growth;1816;Al Safwa;1816;100;2024-08-24
7796;46332;100046332;Dollar Saver;537;Al Safwa;537;25;2024-09-20
7797;46357;100046357;Gold;2251;Growth;2251;75;2025-12-15
7798;46385;100046385;Dollar Saver;475;Sama;475;75;2025-03-05
7799;46387;100046387;EGX30 ETF;4573;Diversified;4573;75;2024-07-05
7800;46408;100046408;EGP AXA10;455;Sama;455;100;2025-07-13
7801;46439;100046439;Secure;922;Diversified;922;75;2024-12-03
7802;46450;100046450;Sama;3678;Diversified;3678;25;2024-04-19
7803;46461;100046461;Growth;1871;Secure;1871;50;2024-02-20
7804;46480;100046480;Conservative;3989;Gold;3989;25;2025-07-12
7805;46501;100046501;USD AXA9;3069;Gold;3069;50;2025-02-22
7806;46566;100046566;Diversified;179;Gold;179;25;2024-08-07
7807;46634;100046634;EGX30 ETF;2173;Growth;2173;100;2025-05-19
7808;46647;100046647;Growth;2828;USD Growth Saver;2828;50;2025-07-06
7809;46650;100046650;Diversified;1356;Dollar Saver;1356;25;2024-05-01
7810;46708;100046708;USD AXA9;1643;Money Market;1643;75;2024-04-30
7811;46781;100046781;EGX30 ETF;2963;USD AXA9;2963;75;2025-07-27
7812;46848;100046848;Conservative;4790;USD AXA9;4790;75;2024-10-11
7813;46855;100046855;Diversified;965;USD AXA9;965;100;2024-07-29
7814;46864;100046864;Diversified;5895;Active;5895;100;2025-03-03
7815;46871;100046871;Diversified;2239;Money Market;2239;50;2024-02-19
7816;46936;100046936;Gold;1736;Equities;1736;25;2024-05-09
7817;46954;100046954;Active;4614;Money Market;4614;100;2025-09-11
7818;46965;100046965;Active;2561;Growth;2561;75;2024-10-16
7819;46999;100046999;Active;443;Diversified;443;50;2025-04-25
7820;47005;100047005;Sama;2647;Diversified;2647;75;2024-07-19
7821;47009;100047009;Al Safwa;1423;Gold;1423;75;2024-11-18
7822;47049;100047049;Secure;2645;Growth;2645;25;2024-04-09
7823;47061;100047061;Conservative;922;Growth;922;25;2025-06-26
7824;47096;100047096;Dollar Saver;2491;Sama;2491;75;2024-10-13
7825;47136;100047136;Active;1530;USD Growth Saver;1530;50;2024-06-04
7826;47150;100047150;Conservative;559;Al Safwa;559;25;2024-06-20
7827;47156;100047156;Equities;1549;Dollar Saver;1549;75;2024-05-27
7828;47180;100047180;Equities;2981;EGX30 ETF;2981;75;2025-10-27
7829;47185;100047185;Sama;1238;Growth;1238;75;2025-07-31
7831;47339;100047339;EGP AXA10;2885;USD Growth Saver;2885;100;2024-03-12
7832;47346;100047346;Growth;2408;Sama;2408;100;2025-10-08
7833;47381;100047381;Secure;3205;Dollar Saver;3205;25;2025-03-28
7834;47393;100047393;Dollar Saver;980;Al Safwa;980;75;2025-08-07
7835;47395;100047395;USD Growth Saver;4466;Dollar Saver;4466;50;2025-12-24
7836;47405;100047405;Conservative;2789;EGX30 ETF;2789;50;2025-09-22
7837;47410;100047410;EGX30 ETF;325;Money Market;325;100;2025-05-31
7838;47418;100047418;Equities;536;USD Growth Saver;536;75;2025-08-21
7839;47438;100047438;Growth;787;EGP AXA10;787;75;2025-11-03
7840;47484;100047484;USD AXA9;934;Money Market;934;25;2025-04-07
7841;47530;100047530;USD AXA9;3973;Conservative;3973;25;2025-06-28
7842;47543;100047543;USD Growth Saver;1555;Diversified;1555;100;2024-03-18
7843;47551;100047551;Dollar Saver;2555;EGP AXA10;2555;25;2025-02-17
7844;47557;100047557;Sama;751;Al Safwa;751;100;2024-02-25
7845;47578;100047578;Money Market;4409;Conservative;4409;100;2025-08-22
7846;47595;100047595;Secure;1921;EGP AXA10;1921;75;2024-05-19
7847;47612;100047612;Dollar Saver;1206;Equities;1206;100;2025-03-11
7848;47646;100047646;Secure;2898;Al Safwa;2898;50;2025-05-18
7849;47676;100047676;Money Market;3141;EGP AXA10;3141;25;2024-03-25
7850;47688;100047688;Dollar Saver;3492;Al Safwa;3492;75;2024-10-15
7851;47690;100047690;EGP AXA10;1128;USD AXA9;1128;100;2024-12-24
7852;47703;100047703;Dollar Saver;1144;Conservative;1144;100;2024-12-12
7853;47765;100047765;Dollar Saver;1429;Dollar Saver;1429;50;2025-05-17
7854;47767;100047767;Diversified;769;USD AXA9;769;100;2025-12-27
7855;47775;100047775;Growth;3249;Sama;3249;50;2024-10-27
7856;47844;100047844;Equities;1489;Conservative;1489;100;2025-04-12
7857;47850;100047850;USD Growth Saver;1903;USD Growth Saver;1903;100;2024-06-29
7858;47947;100047947;USD Growth Saver;921;Sama;921;100;2025-09-18
7859;47949;100047949;Equities;495;Gold;495;75;2025-05-18
7860;48004;100048004;USD AXA9;3694;Gold;3694;25;2024-12-17
7861;48008;100048008;Gold;2931;Money Market;2931;50;2024-03-21
7862;48016;100048016;Gold;1418;Gold;1418;100;2024-06-23
7863;48020;100048020;Gold;3677;EGP AXA10;3677;100;2024-10-10
7864;48029;100048029;Growth;723;Diversified;723;50;2025-07-11
7865;48082;100048082;Equities;1177;USD AXA9;1177;100;2025-05-17
7866;48097;100048097;Gold;2983;Equities;2983;50;2025-05-30
7867;48129;100048129;Money Market;1655;EGX30 ETF;1655;75;2024-02-17
7868;48135;100048135;Gold;2722;Growth;2722;100;2025-02-13
7869;48233;100048233;Equities;2249;Diversified;2249;100;2025-11-29
7870;48316;100048316;EGX30 ETF;536;Conservative;536;100;2024-09-24
7871;48266;100048266;Money Market;2140;Active;2140;75;2025-12-02
7872;48270;100048270;Equities;2580;USD Growth Saver;2580;25;2025-06-22
7873;48489;100048489;USD AXA9;368;Conservative;368;75;2025-05-18
7874;48278;100048278;Diversified;3521;Conservative;3521;25;2025-02-18
7875;48325;100048325;EGP AXA10;3295;Sama;3295;75;2024-03-03
7876;48330;100048330;Growth;892;EGX30 ETF;892;100;2024-08-01
7877;48382;100048382;Sama;1401;Secure;1401;25;2025-01-24
7878;48501;100048501;USD Growth Saver;2340;USD Growth Saver;2340;25;2025-02-03
7879;48530;100048530;Conservative;590;Dollar Saver;590;75;2024-02-10
7880;48551;100048551;Sama;1577;Money Market;1577;75;2025-09-10
7881;48553;100048553;Conservative;1630;Growth;1630;100;2024-09-18
7882;48575;100048575;Diversified;1351;USD Growth Saver;1351;25;2025-02-05
7883;48580;100048580;Equities;2573;Gold;2573;100;2024-04-08
7884;48584;100048584;USD AXA9;4946;EGP AXA10;4946;25;2024-06-14
7885;48587;100048587;Money Market;595;Al Safwa;595;50;2024-04-19
7886;48595;100048595;Active;507;Conservative;507;100;2024-08-14
7887;48605;100048605;Conservative;182;USD Growth Saver;182;100;2024-04-12
7888;48646;100048646;Diversified;1699;Diversified;1699;50;2024-08-18
7889;48657;100048657;Money Market;1573;Al Safwa;1573;50;2024-02-26
7890;48691;100048691;Growth;2462;Equities;2462;50;2025-07-04
7891;48700;100048700;Al Safwa;1605;Active;1605;25;2024-11-04
7892;48710;100048710;Conservative;665;EGP AXA10;665;25;2024-11-06
7893;48744;100048744;Equities;2214;USD Growth Saver;2214;25;2024-08-14
7894;48772;100048772;USD AXA9;2897;Secure;2897;100;2025-03-04
7895;48792;100048792;Conservative;1106;Active;1106;25;2025-01-19
7896;48798;100048798;EGP AXA10;1174;Dollar Saver;1174;25;2025-09-12
7897;48848;100048848;Secure;2740;Dollar Saver;2740;25;2024-07-05
7898;48850;100048850;Diversified;2336;Diversified;2336;25;2025-03-01
7899;48882;100048882;Sama;3537;USD Growth Saver;3537;25;2025-01-09
7900;48895;100048895;EGP AXA10;1681;Money Market;1681;100;2024-12-28
7901;48908;100048908;USD Growth Saver;1902;Money Market;1902;100;2025-01-15
7902;48919;100048919;Al Safwa;1238;Sama;1238;100;2025-07-03
7903;49001;100049001;Sama;1137;EGX30 ETF;1137;25;2024-09-12
7904;49002;100049002;USD AXA9;950;Growth;950;25;2024-11-19
7905;49055;100049055;Al Safwa;3786;Money Market;3786;100;2025-10-06
7906;49133;100049133;Money Market;993;Secure;993;50;2024-02-13
7907;49238;100049238;Growth;2485;Sama;2485;75;2024-08-25
7908;49248;100049248;EGX30 ETF;2357;Equities;2357;75;2025-04-10
7909;49276;100049276;EGX30 ETF;2334;Sama;2334;50;2025-12-21
7910;49297;100049297;Sama;3621;Equities;3621;100;2024-06-08
7911;49325;100049325;Growth;677;Growth;677;75;2025-11-08
7912;49327;100049327;Dollar Saver;3618;Dollar Saver;3618;25;2024-11-18
7913;49356;100049356;Equities;1840;Diversified;1840;50;2025-05-06
7914;49373;100049373;Sama;1477;Dollar Saver;1477;100;2025-07-23
7915;49376;100049376;Al Safwa;618;USD Growth Saver;618;25;2025-10-09
7916;49398;100049398;USD Growth Saver;999;Conservative;999;50;2025-04-06
7917;49415;100049415;USD AXA9;6422;Gold;6422;25;2025-01-04
7918;49431;100049431;Growth;1416;Sama;1416;75;2024-11-15
7919;49469;100049469;USD AXA9;1278;EGX30 ETF;1278;100;2024-05-24
7920;49483;100049483;Conservative;455;EGP AXA10;455;25;2024-08-19
7921;49485;100049485;USD Growth Saver;2409;USD Growth Saver;2409;100;2024-12-29
7922;49507;100049507;Dollar Saver;396;Active;396;100;2025-03-17
7923;49551;100049551;Sama;3074;Conservative;3074;100;2025-01-23
7924;49564;100049564;Money Market;3072;Diversified;3072;50;2025-06-10
7925;49567;100049567;Secure;3181;Diversified;3181;75;2024-11-15
7926;49606;100049606;Secure;1347;Secure;1347;25;2025-05-29
7927;49647;100049647;EGP AXA10;2896;Sama;2896;100;2025-07-04
7928;49661;100049661;Equities;3092;Secure;3092;50;2025-08-14
7929;49711;100049711;Gold;2317;Diversified;2317;100;2025-08-21
7930;49726;100049726;Equities;5137;Diversified;5137;50;2024-05-28
7931;49729;100049729;Al Safwa;2068;EGP AXA10;2068;50;2025-04-17
7932;49853;100049853;Equities;620;Growth;620;50;2025-05-15
7933;49862;100049862;Diversified;2312;Gold;2312;25;2024-07-08
7934;49913;100049913;EGP AXA10;338;Gold;338;25;2025-07-28
7935;49914;100049914;USD Growth Saver;1706;EGP AXA10;1706;100;2025-08-29
7936;49940;100049940;Conservative;1209;EGX30 ETF;1209;100;2025-08-11
7937;49945;100049945;Secure;2329;Equities;2329;50;2024-11-12
7938;49973;100049973;Growth;1170;Money Market;1170;25;2025-01-02
7939;49974;100049974;Al Safwa;1426;Money Market;1426;50;2025-11-28